ts,mode,symbol,iid,action,side,price,qty,intent,reason,coid
2026-09-22T04:54:32.998Z,dry,BTC-USD,6,place,buy,85484,0.00029,quote-bid,join best,e9676752096316d3931879b84d0c7a73
2026-09-22T04:54:33.090Z,dry,BTC-USD,6,place,sell,85485,0.00029,quote-ask,join best,dde869421ca8b159527169c8d1cd6c7b
2026-09-22T04:54:33.187Z,dry,ETH-USD,7,place,buy,2731.1,0.0091,quote-bid,join best,0c1f9aaf0feb9c1b15bbf2fdc4ef81e2
2026-09-22T04:54:33.281Z,dry,ETH-USD,7,place,sell,2731.2,0.0091,quote-ask,join best,a284cd6b01d40d141d08f8efcdd84495
2026-09-22T04:54:34.821Z,dry,BTC-USD,6,place,sell,85488,0.00029,quote-ask,join best,313721ee1053e0b2b2367af6e8afa01c
2026-09-22T04:54:35.030Z,dry,ETH-USD,7,place,sell,2731.3,0.0091,quote-ask,join best,45cc9e2c22041c1ab29890b9de1a518a
2026-09-22T04:54:35.229Z,dry,BTC-USD,6,cancel,buy,85484,0.00029,quote-bid,best moved 85484 -> 85487,e9676752096316d3931879b84d0c7a73
2026-09-22T04:54:35.319Z,dry,BTC-USD,6,place,buy,85487,0.00029,quote-bid,rejoin best,b13fe413ac7d5bb7f1a1fe22d3348a31
2026-09-22T04:54:35.430Z,dry,ETH-USD,7,cancel,buy,2731.1,0.0091,quote-bid,best moved 2731.1 -> 2731.2,0c1f9aaf0feb9c1b15bbf2fdc4ef81e2
2026-09-22T04:54:35.525Z,dry,ETH-USD,7,place,buy,2731.2,0.0091,quote-bid,rejoin best,485982a4a33407ecfc25076676aa2af1
2026-09-22T04:54:37.259Z,dry,ETH-USD,7,place,buy,2731.1,0.0091,quote-bid,join best,4a64af8e7c7162bc2800196362c54d24
2026-09-22T04:54:37.664Z,dry,ETH-USD,7,cancel,sell,2731.3,0.0091,quote-ask,best moved 2731.3 -> 2731.2,45cc9e2c22041c1ab29890b9de1a518a
2026-09-22T04:54:37.759Z,dry,ETH-USD,7,place,sell,2731.2,0.0091,quote-ask,rejoin best,b6499810e3601af3b9bd38d8f852e22e
2026-09-22T04:54:41.713Z,dry,BTC-USD,6,place,buy,85475,0.00029,quote-bid,join best,a9325d2d6fd273c3f2166a74c2a6bdc6
2026-09-22T04:54:41.808Z,dry,ETH-USD,7,place,buy,2730.6,0.0091,quote-bid,join best,13deb41a567af8c32ce896bddb271276
2026-09-22T04:54:42.120Z,dry,BTC-USD,6,cancel,sell,85488,0.00029,quote-ask,best moved 85488 -> 85476,313721ee1053e0b2b2367af6e8afa01c
2026-09-22T04:54:42.216Z,dry,BTC-USD,6,place,sell,85476,0.00029,quote-ask,rejoin best,c46412caa13397087899214e6201e587
2026-09-22T04:54:42.307Z,dry,ETH-USD,7,cancel,sell,2731.2,0.0091,quote-ask,best moved 2731.2 -> 2730.7,b6499810e3601af3b9bd38d8f852e22e
2026-09-22T04:54:42.403Z,dry,ETH-USD,7,place,sell,2730.7,0.0091,quote-ask,rejoin best,0e12faca12adeb8b405daab73d86fde2
2026-09-22T04:54:43.333Z,dry,ETH-USD,7,place,sell,2731.2,0.0091,quote-ask,join best,6326e3fe65178f677ca93e674c3e2270
2026-09-22T04:54:43.944Z,dry,ETH-USD,7,cancel,buy,2730.6,0.0091,quote-bid,best moved 2730.6 -> 2730.9,13deb41a567af8c32ce896bddb271276
2026-09-22T04:54:44.038Z,dry,ETH-USD,7,cancel,sell,2731.2,0.0091,quote-ask,best moved 2731.2 -> 2731,6326e3fe65178f677ca93e674c3e2270
2026-09-22T04:54:44.131Z,dry,ETH-USD,7,place,buy,2730.9,0.0091,quote-bid,rejoin best,7aad75555064076828cd3a43f9a643ea
2026-09-22T04:54:44.228Z,dry,ETH-USD,7,place,sell,2731,0.0091,quote-ask,rejoin best,5916af585233b344661aba90f0dbab48
2026-09-22T04:54:47.190Z,dry,ETH-USD,7,place,sell,2731.3,0.0091,quote-ask,join best,58d1902493bf2212232f36d4f389ec44
2026-09-22T04:54:47.796Z,dry,BTC-USD,6,place,sell,85492,0.00029,quote-ask,join best,5da683973f2098efab370da52bd7acd7
2026-09-22T04:54:47.886Z,dry,ETH-USD,7,cancel,buy,2730.9,0.0091,quote-bid,best moved 2730.9 -> 2731.1,7aad75555064076828cd3a43f9a643ea
2026-09-22T04:54:47.979Z,dry,ETH-USD,7,cancel,sell,2731.3,0.0091,quote-ask,best moved 2731.3 -> 2731.2,58d1902493bf2212232f36d4f389ec44
2026-09-22T04:54:48.075Z,dry,ETH-USD,7,place,buy,2731.1,0.0091,quote-bid,rejoin best,fe77949abe07ebc4d2489c389d9c34dc
2026-09-22T04:54:48.167Z,dry,ETH-USD,7,place,sell,2731.2,0.0091,quote-ask,rejoin best,b50b871d58384bc762a8a25ddb73b3cd
2026-09-22T04:54:48.400Z,dry,BTC-USD,6,cancel,buy,85475,0.00029,quote-bid,best moved 85475 -> 85484,a9325d2d6fd273c3f2166a74c2a6bdc6
2026-09-22T04:54:48.496Z,dry,BTC-USD,6,place,buy,85484,0.00029,quote-bid,rejoin best,ff18fb67ef5b5a874ec95e8e060c59ec
2026-09-22T04:54:48.587Z,dry,ETH-USD,7,cancel,buy,2731.1,0.0091,quote-bid,best moved 2731.1 -> 2731.6,fe77949abe07ebc4d2489c389d9c34dc
2026-09-22T04:54:48.683Z,dry,ETH-USD,7,place,buy,2731.6,0.0091,quote-bid,rejoin best,e7cf4f15d06647a6033b51a580dd9562
2026-09-22T04:54:48.775Z,dry,ETH-USD,7,place,sell,2731.7,0.0091,quote-ask,join best,10c1dbe98f74a226fbf03352cce29085
2026-09-22T04:54:49.005Z,dry,BTC-USD,6,cancel,sell,85492,0.00029,quote-ask,best moved 85492 -> 85485,5da683973f2098efab370da52bd7acd7
2026-09-22T04:54:49.100Z,dry,BTC-USD,6,place,sell,85485,0.00029,quote-ask,rejoin best,0dae5fc6b5a36e0fdbc83487168d2bf6
2026-09-22T04:54:50.830Z,dry,BTC-USD,6,place,buy,85483,0.00029,quote-bid,join best,3a0ec18bcc7ece4cac662393699700fc
2026-09-22T04:54:50.927Z,dry,ETH-USD,7,place,buy,2731.3,0.0091,quote-bid,join best,cf057b02e3f79206a552fd64f0b18f8f
2026-09-22T04:54:51.236Z,dry,BTC-USD,6,cancel,sell,85485,0.00029,quote-ask,best moved 85485 -> 85484,0dae5fc6b5a36e0fdbc83487168d2bf6
2026-09-22T04:54:51.333Z,dry,BTC-USD,6,place,sell,85484,0.00029,quote-ask,rejoin best,408d964221f028160e9a2e41d23b8f97
2026-09-22T04:54:51.423Z,dry,ETH-USD,7,cancel,sell,2731.7,0.0091,quote-ask,best moved 2731.7 -> 2731.4,10c1dbe98f74a226fbf03352cce29085
2026-09-22T04:54:51.517Z,dry,ETH-USD,7,place,sell,2731.4,0.0091,quote-ask,rejoin best,566591e8bcb9bfc5fd766cae1d9a2083
2026-09-22T04:54:52.250Z,dry,ETH-USD,7,place,buy,2731.2,0.0091,quote-bid,join best,f72de016413326e8801b94416fa0c904
2026-09-22T04:54:53.060Z,dry,ETH-USD,7,cancel,buy,2731.2,0.0091,quote-bid,best moved 2731.2 -> 2731.3,f72de016413326e8801b94416fa0c904
2026-09-22T04:54:53.155Z,dry,ETH-USD,7,place,buy,2731.3,0.0091,quote-bid,rejoin best,35271c3cf309447a1bb1b23a0223d639
2026-09-22T04:54:55.293Z,dry,ETH-USD,7,place,sell,2731.5,0.0091,quote-ask,join best,c6f93cf4433cedc8e8ae0ace8974aa5d
2026-09-22T04:54:55.698Z,dry,ETH-USD,7,cancel,buy,2731.3,0.0091,quote-bid,best moved 2731.3 -> 2731.4,35271c3cf309447a1bb1b23a0223d639
2026-09-22T04:54:55.793Z,dry,ETH-USD,7,place,buy,2731.4,0.0091,quote-bid,rejoin best,b45c7addb8ee0515db14decef1b272b5
2026-09-22T04:55:01.167Z,dry,ETH-USD,7,place,sell,2732,0.0091,quote-ask,join best,d3ad78ee6103d5cb531bfc113cbcc7bd
2026-09-22T04:55:01.375Z,dry,BTC-USD,6,place,sell,85488,0.00029,quote-ask,join best,748242c77f71db6b03ce5ad718facfc4
2026-09-22T04:55:01.777Z,dry,BTC-USD,6,cancel,buy,85483,0.00029,quote-bid,best moved 85483 -> 85487,3a0ec18bcc7ece4cac662393699700fc
2026-09-22T04:55:01.873Z,dry,BTC-USD,6,place,buy,85487,0.00029,quote-bid,rejoin best,6270fbeaa5799c49cad4661a5b6146f2
2026-09-22T04:55:01.978Z,dry,ETH-USD,7,cancel,buy,2731.4,0.0091,quote-bid,best moved 2731.4 -> 2731.9,b45c7addb8ee0515db14decef1b272b5
2026-09-22T04:55:02.072Z,dry,ETH-USD,7,place,buy,2731.9,0.0091,quote-bid,rejoin best,4ae5c530b181010ccbf86d71f9032fd2
2026-09-22T04:55:02.181Z,dry,BTC-USD,6,place,sell,85502,0.00029,quote-ask,join best,470386de09755a65791f98084d8d83ff
2026-09-22T04:55:02.791Z,dry,BTC-USD,6,cancel,buy,85487,0.00029,quote-bid,best moved 85487 -> 85497,6270fbeaa5799c49cad4661a5b6146f2
2026-09-22T04:55:02.885Z,dry,BTC-USD,6,cancel,sell,85502,0.00029,quote-ask,best moved 85502 -> 85498,470386de09755a65791f98084d8d83ff
2026-09-22T04:55:02.981Z,dry,BTC-USD,6,place,buy,85497,0.00029,quote-bid,rejoin best,c687d681a20f19c16786a738657de8a0
2026-09-22T04:55:03.075Z,dry,BTC-USD,6,place,sell,85498,0.00029,quote-ask,rejoin best,779cf79a2f2482f85f66e33145e5ecfb
2026-09-22T04:55:10.756Z,dry,ETH-USD,7,cancel,buy,2731.9,0.0091,quote-bid,best moved 2731.9 -> 2732.1,4ae5c530b181010ccbf86d71f9032fd2
2026-09-22T04:55:10.853Z,dry,ETH-USD,7,place,buy,2732.1,0.0091,quote-bid,rejoin best,e3419e9258486662b95a7d9ce6416edf
2026-09-22T04:55:12.387Z,dry,ETH-USD,7,cancel,buy,2732.1,0.0091,quote-bid,best moved 2732.1 -> 2732.2,e3419e9258486662b95a7d9ce6416edf
2026-09-22T04:55:12.490Z,dry,ETH-USD,7,place,buy,2732.2,0.0091,quote-bid,rejoin best,d8d37b0ea5947b6cf0867c2453e13b1d
2026-09-22T04:55:14.626Z,dry,ETH-USD,7,cancel,buy,2732.2,0.0091,quote-bid,best moved 2732.2 -> 2732.3,d8d37b0ea5947b6cf0867c2453e13b1d
2026-09-22T04:55:14.722Z,dry,ETH-USD,7,place,buy,2732.3,0.0091,quote-bid,rejoin best,6ed25a285852bc81a9ea0d2c66980d93
2026-09-22T04:55:16.052Z,dry,ETH-USD,7,cancel,buy,2732.3,0.0091,quote-bid,best moved 2732.3 -> 2732.8,6ed25a285852bc81a9ea0d2c66980d93
2026-09-22T04:55:16.146Z,dry,ETH-USD,7,place,buy,2732.8,0.0091,quote-bid,rejoin best,a1cf6c8066bbe1b074272978f7611e95
2026-09-22T04:55:19.702Z,dry,BTC-USD,6,cancel,buy,85497,0.00029,quote-bid,best moved 85497 -> 85505,c687d681a20f19c16786a738657de8a0
2026-09-22T04:55:19.784Z,dry,BTC-USD,6,place,buy,85505,0.00029,quote-bid,rejoin best,10adf601eb894810f158dd50c8f343e7
2026-09-22T04:55:19.878Z,dry,ETH-USD,7,place,buy,2732.7,0.0091,quote-bid,join best,f78e64e4402d2c34b9bab2080831150d
2026-09-22T04:55:19.971Z,dry,ETH-USD,7,place,sell,2732.8,0.0091,quote-ask,join best,5178c83d917855a02bf262d831693a67
2026-09-22T04:55:20.919Z,dry,BTC-USD,6,place,buy,85504,0.00029,quote-bid,join best,83dc4d3cba281d3b130822d038c0711e
2026-09-22T04:55:21.003Z,dry,BTC-USD,6,place,sell,85505,0.00029,quote-ask,join best,69ea688afcdf86d9e9c6e918a07dc3fe
2026-09-22T04:55:22.151Z,dry,ETH-USD,7,place,buy,2732.2,0.0091,quote-bid,join best,c1ee7a0253b805cc58fb14855dad03c1
2026-09-22T04:55:22.355Z,dry,BTC-USD,6,place,buy,85495,0.00029,quote-bid,join best,eb99f385ae37df9493e230f1673702b4
2026-09-22T04:55:22.763Z,dry,BTC-USD,6,cancel,sell,85505,0.00029,quote-ask,best moved 85505 -> 85496,69ea688afcdf86d9e9c6e918a07dc3fe
2026-09-22T04:55:22.858Z,dry,BTC-USD,6,place,sell,85496,0.00029,quote-ask,rejoin best,59fbdc687a11790aee55681735dd306d
2026-09-22T04:55:22.968Z,dry,ETH-USD,7,cancel,buy,2732.2,0.0091,quote-bid,best moved 2732.2 -> 2732.3,c1ee7a0253b805cc58fb14855dad03c1
2026-09-22T04:55:23.063Z,dry,ETH-USD,7,place,buy,2732.3,0.0091,quote-bid,rejoin best,fce8d1d0ab8ded0a8cc7455ca6eb16b7
2026-09-22T04:55:23.170Z,dry,ETH-USD,7,cancel,sell,2732.8,0.0091,quote-ask,best moved 2732.8 -> 2732.4,5178c83d917855a02bf262d831693a67
2026-09-22T04:55:23.266Z,dry,ETH-USD,7,place,sell,2732.4,0.0091,quote-ask,rejoin best,3ef98dbe76b18959195a5a955b62c824
2026-09-22T04:55:24.808Z,dry,ETH-USD,7,cancel,buy,2732.3,0.0091,quote-bid,best moved 2732.3 -> 2732.2,fce8d1d0ab8ded0a8cc7455ca6eb16b7
2026-09-22T04:55:24.905Z,dry,ETH-USD,7,place,buy,2732.2,0.0091,quote-bid,rejoin best,c59bb9629741e79744a9333a52549ad7
2026-09-22T04:55:25.423Z,dry,ETH-USD,7,cancel,sell,2732.4,0.0091,quote-ask,best moved 2732.4 -> 2732.3,3ef98dbe76b18959195a5a955b62c824
2026-09-22T04:55:25.516Z,dry,ETH-USD,7,place,sell,2732.3,0.0091,quote-ask,rejoin best,a4e23e69bfaa50650440a74cdb975cb3
2026-09-22T04:55:28.881Z,dry,ETH-USD,7,place,sell,2732.5,0.0091,quote-ask,join best,dfa3872726e2d3120bbb78b7ac2b9f7b
2026-09-22T04:55:29.285Z,dry,ETH-USD,7,cancel,buy,2732.2,0.0091,quote-bid,best moved 2732.2 -> 2732.4,c59bb9629741e79744a9333a52549ad7
2026-09-22T04:55:29.382Z,dry,ETH-USD,7,place,buy,2732.4,0.0091,quote-bid,rejoin best,e5c97709d5e8c36ca18c0ab9e4db0872
2026-09-22T04:55:30.301Z,dry,ETH-USD,7,cancel,buy,2732.4,0.0091,quote-bid,best moved 2732.4 -> 2732.6,e5c97709d5e8c36ca18c0ab9e4db0872
2026-09-22T04:55:30.395Z,dry,ETH-USD,7,place,buy,2732.6,0.0091,quote-bid,rejoin best,36fb3bec508befad752e9725a719f9ed
2026-09-22T04:55:32.121Z,dry,BTC-USD,6,place,sell,85501,0.00029,quote-ask,join best,1a410e0c103151aa2f3eb7a365acac57
2026-09-22T04:55:32.212Z,dry,ETH-USD,7,cancel,buy,2732.6,0.0091,quote-bid,best moved 2732.6 -> 2732.8,36fb3bec508befad752e9725a719f9ed
2026-09-22T04:55:32.301Z,dry,ETH-USD,7,place,buy,2732.8,0.0091,quote-bid,rejoin best,ac359bd60b783ce82246d33605fbf85a
2026-09-22T04:55:32.522Z,dry,BTC-USD,6,cancel,buy,85495,0.00029,quote-bid,best moved 85495 -> 85500,eb99f385ae37df9493e230f1673702b4
2026-09-22T04:55:32.617Z,dry,BTC-USD,6,place,buy,85500,0.00029,quote-bid,rejoin best,06a794ef44eff54beae635b6d200a975
2026-09-22T04:55:33.127Z,dry,ETH-USD,7,cancel,buy,2732.8,0.0091,quote-bid,best moved 2732.8 -> 2732.9,ac359bd60b783ce82246d33605fbf85a
2026-09-22T04:55:33.225Z,dry,ETH-USD,7,place,buy,2732.9,0.0091,quote-bid,rejoin best,324249fddf32b762b3ba83219480dce8
2026-09-22T04:55:36.984Z,dry,BTC-USD,6,cancel,buy,85500,0.00029,quote-bid,best moved 85500 -> 85505,06a794ef44eff54beae635b6d200a975
2026-09-22T04:55:37.080Z,dry,BTC-USD,6,place,buy,85505,0.00029,quote-bid,rejoin best,a3f9cb997386b4dbe02dcda9e868fceb
2026-09-22T04:55:37.170Z,dry,ETH-USD,7,cancel,buy,2732.9,0.0091,quote-bid,best moved 2732.9 -> 2733,324249fddf32b762b3ba83219480dce8
2026-09-22T04:55:37.266Z,dry,ETH-USD,7,place,buy,2733,0.0091,quote-bid,rejoin best,43051cc4f3dbd51e7b5ac584322cf5a5
2026-09-22T04:55:40.027Z,dry,ETH-USD,7,place,buy,2732.7,0.0091,quote-bid,join best,3c984b389092f0a73a477131db9257b5
2026-09-22T04:55:40.119Z,dry,ETH-USD,7,place,sell,2732.8,0.0091,quote-ask,join best,c5d4df2602991b977d987e5053fea57d
2026-09-22T04:55:46.131Z,dry,BTC-USD,6,place,buy,85502,0.00029,quote-bid,join best,ee167b145fb4c6750d83fcdefe6abd87
2026-09-22T04:55:46.227Z,dry,BTC-USD,6,place,sell,85503,0.00029,quote-ask,join best,293ae058c08f4cc12b2e9bac73591c7e
2026-09-22T04:55:50.185Z,dry,BTC-USD,6,place,buy,85501,0.00029,quote-bid,join best,d3bd3ccdeb6bcd02aeea6986362ebdf1
2026-09-22T04:55:50.590Z,dry,BTC-USD,6,cancel,sell,85503,0.00029,quote-ask,best moved 85503 -> 85502,293ae058c08f4cc12b2e9bac73591c7e
2026-09-22T04:55:50.684Z,dry,BTC-USD,6,place,sell,85502,0.00029,quote-ask,rejoin best,1eb0bceb5983855fdc42e91c39a63b4e
2026-09-22T04:55:51.196Z,dry,ETH-USD,7,place,buy,2732.2,0.0091,quote-bid,join best,097ff4501d2e62eaa9593616c59d5383
2026-09-22T04:55:51.402Z,dry,BTC-USD,6,place,buy,85500,0.00029,quote-bid,join best,2aaf790b5f06fe95ce9e16186b343f55
2026-09-22T04:55:51.805Z,dry,BTC-USD,6,cancel,sell,85502,0.00029,quote-ask,best moved 85502 -> 85501,1eb0bceb5983855fdc42e91c39a63b4e
2026-09-22T04:55:51.896Z,dry,BTC-USD,6,place,sell,85501,0.00029,quote-ask,rejoin best,ac0e2c56558190dd640c9d673eb40845
2026-09-22T04:55:51.990Z,dry,ETH-USD,7,cancel,buy,2732.2,0.0091,quote-bid,best moved 2732.2 -> 2732.3,097ff4501d2e62eaa9593616c59d5383
2026-09-22T04:55:52.084Z,dry,ETH-USD,7,cancel,sell,2732.8,0.0091,quote-ask,best moved 2732.8 -> 2732.4,c5d4df2602991b977d987e5053fea57d
2026-09-22T04:55:52.181Z,dry,ETH-USD,7,place,buy,2732.3,0.0091,quote-bid,rejoin best,9ce01b7b0fea92894956c2eb9b05a466
2026-09-22T04:55:52.273Z,dry,ETH-USD,7,place,sell,2732.4,0.0091,quote-ask,rejoin best,ae75cd27127f35399b1650428367d44f
2026-09-22T04:55:54.631Z,dry,BTC-USD,6,place,buy,85496,0.00029,quote-bid,join best,6963c33f634d8627c5d7a6f256eb1f6e
2026-09-22T04:55:54.721Z,dry,ETH-USD,7,place,buy,2732.2,0.0091,quote-bid,join best,499d23c95451ecba22f8f78eb32bf429
2026-09-22T04:55:55.030Z,dry,BTC-USD,6,cancel,sell,85501,0.00029,quote-ask,best moved 85501 -> 85497,ac0e2c56558190dd640c9d673eb40845
2026-09-22T04:55:55.129Z,dry,BTC-USD,6,place,sell,85497,0.00029,quote-ask,rejoin best,ba34800ff6acd4ef9b220da201616a1f
2026-09-22T04:55:55.221Z,dry,ETH-USD,7,cancel,sell,2732.4,0.0091,quote-ask,best moved 2732.4 -> 2732.3,ae75cd27127f35399b1650428367d44f
2026-09-22T04:55:55.316Z,dry,ETH-USD,7,place,sell,2732.3,0.0091,quote-ask,rejoin best,1512947b65174622087c08af13e3566d
2026-09-22T04:55:55.644Z,dry,ETH-USD,7,place,buy,2732,0.0091,quote-bid,join best,f4c4d2f18f3a5da8b17b52084885d8fd
2026-09-22T04:55:56.254Z,dry,ETH-USD,7,place,sell,2732.5,0.0091,quote-ask,join best,9587101db0a8bf83cf6a02fe270dd0e1
2026-09-22T04:55:56.859Z,dry,ETH-USD,7,cancel,buy,2732,0.0091,quote-bid,best moved 2732 -> 2732.2,f4c4d2f18f3a5da8b17b52084885d8fd
2026-09-22T04:55:56.952Z,dry,ETH-USD,7,cancel,sell,2732.5,0.0091,quote-ask,best moved 2732.5 -> 2732.3,9587101db0a8bf83cf6a02fe270dd0e1
2026-09-22T04:55:57.048Z,dry,ETH-USD,7,place,buy,2732.2,0.0091,quote-bid,rejoin best,f45139856d3f1008b07f30808f3aff1c
2026-09-22T04:55:57.141Z,dry,ETH-USD,7,place,sell,2732.3,0.0091,quote-ask,rejoin best,54c39c19f5b466089556387f0e3f31a4
2026-09-22T04:55:57.229Z,dry,ETH-USD,7,reject,sell,2732.3,0.0091,quote-ask,post only order would cross,54c39c19f5b466089556387f0e3f31a4
2026-09-22T04:55:57.265Z,dry,ETH-USD,7,place,sell,2732.4,0.0091,quote-ask,join best,827f5b2a040ccb795b1d96758d5a83b0
2026-09-22T04:55:57.670Z,dry,ETH-USD,7,cancel,buy,2732.2,0.0091,quote-bid,best moved 2732.2 -> 2732.3,f45139856d3f1008b07f30808f3aff1c
2026-09-22T04:55:57.765Z,dry,ETH-USD,7,place,buy,2732.3,0.0091,quote-bid,rejoin best,966668917b1bc6f7ebe50f3302574558
2026-09-22T04:55:59.089Z,dry,ETH-USD,7,place,buy,2732,0.0091,quote-bid,join best,934e7e47c21db4867264fa633de9e7da
2026-09-22T04:55:59.895Z,dry,ETH-USD,7,cancel,buy,2732,0.0091,quote-bid,best moved 2732 -> 2732.1,934e7e47c21db4867264fa633de9e7da
2026-09-22T04:55:59.989Z,dry,ETH-USD,7,cancel,sell,2732.4,0.0091,quote-ask,best moved 2732.4 -> 2732.2,827f5b2a040ccb795b1d96758d5a83b0
2026-09-22T04:56:00.079Z,dry,ETH-USD,7,place,buy,2732.1,0.0091,quote-bid,rejoin best,a3558a6b3181800393442d790daaa2d6
2026-09-22T04:56:00.172Z,dry,ETH-USD,7,place,sell,2732.2,0.0091,quote-ask,rejoin best,a2b902be9a94a581e9c86d4e579a6d53
2026-09-22T04:56:00.305Z,dry,BTC-USD,6,place,buy,85459,0.00029,quote-bid,join best,bcba6936501f4191acd2e5fd965e6522
2026-09-22T04:56:00.393Z,dry,BTC-USD,6,reject,buy,85459,0.00029,quote-bid,post only order would cross,bcba6936501f4191acd2e5fd965e6522
2026-09-22T04:56:00.396Z,dry,ETH-USD,7,place,buy,2729,0.0091,quote-bid,join best,b1c74ce8f2a58d4489d7ddad417010ca
2026-09-22T04:56:00.509Z,dry,BTC-USD,6,place,buy,85433,0.00029,quote-bid,join best,58c5ec8af54861b3a901930d7e3dcf07
2026-09-22T04:56:00.915Z,dry,BTC-USD,6,cancel,sell,85497,0.00029,quote-ask,best moved 85497 -> 85434,ba34800ff6acd4ef9b220da201616a1f
2026-09-22T04:56:01.009Z,dry,BTC-USD,6,place,sell,85434,0.00029,quote-ask,rejoin best,ccce69f8f4438ca92e99683b4ef01f79
2026-09-22T04:56:01.732Z,dry,BTC-USD,6,cancel,sell,85434,0.00029,quote-ask,best moved 85434 -> 85424,ccce69f8f4438ca92e99683b4ef01f79
2026-09-22T04:56:01.829Z,dry,BTC-USD,6,place,sell,85424,0.00029,quote-ask,rejoin best,85fd0780ca1ce4c1997819f5d84ef727
2026-09-22T04:56:01.921Z,dry,ETH-USD,7,cancel,sell,2732.2,0.0091,quote-ask,best moved 2732.2 -> 2728.9,a2b902be9a94a581e9c86d4e579a6d53
2026-09-22T04:56:02.018Z,dry,ETH-USD,7,place,sell,2728.9,0.0091,quote-ask,rejoin best,93014223959841c885a130da9982b440
2026-09-22T04:56:02.346Z,dry,ETH-USD,7,place,buy,2728.9,0.0091,quote-bid,join best,c407f97860739ed947f3fac0ae4c2d1a
2026-09-22T04:56:02.441Z,dry,ETH-USD,7,place,sell,2729,0.0091,quote-ask,join best,f2896095f522b3f0ea1d20bace8a497b
2026-09-22T04:56:03.365Z,dry,BTC-USD,6,cancel,sell,85424,0.00029,quote-ask,best moved 85424 -> 85422,85fd0780ca1ce4c1997819f5d84ef727
2026-09-22T04:56:03.461Z,dry,BTC-USD,6,place,sell,85422,0.00029,quote-ask,rejoin best,9bced9c8725adcd27dd5884b980ea34e
2026-09-22T04:56:04.390Z,dry,ETH-USD,7,place,sell,2729,0.0091,quote-ask,join best,18e8613caf74512fa1f796b026fce5e7
2026-09-22T04:56:04.798Z,dry,BTC-USD,6,cancel,sell,85422,0.00029,quote-ask,best moved 85422 -> 85415,9bced9c8725adcd27dd5884b980ea34e
2026-09-22T04:56:04.894Z,dry,BTC-USD,6,place,sell,85415,0.00029,quote-ask,rejoin best,133480a4cc5a1f707554e038063bfb69
2026-09-22T04:56:06.027Z,dry,BTC-USD,6,cancel,sell,85415,0.00029,quote-ask,best moved 85415 -> 85411,133480a4cc5a1f707554e038063bfb69
2026-09-22T04:56:06.124Z,dry,BTC-USD,6,place,sell,85411,0.00029,quote-ask,rejoin best,a7eadf7c3a8a6961c243e7b9de116327
2026-09-22T04:56:07.658Z,dry,ETH-USD,7,place,buy,2728,0.0091,quote-bid,join best,2e2874f5a8dac439839361347804881e
2026-09-22T04:56:08.066Z,dry,BTC-USD,6,cancel,sell,85411,0.00029,quote-ask,best moved 85411 -> 85408,a7eadf7c3a8a6961c243e7b9de116327
2026-09-22T04:56:08.160Z,dry,BTC-USD,6,place,sell,85408,0.00029,quote-ask,rejoin best,f4b2bf491f806cea758a7d4d675b8cf5
2026-09-22T04:56:09.482Z,dry,ETH-USD,7,cancel,sell,2729,0.0091,quote-ask,best moved 2729 -> 2728.2,18e8613caf74512fa1f796b026fce5e7
2026-09-22T04:56:09.577Z,dry,ETH-USD,7,place,sell,2728.2,0.0091,quote-ask,rejoin best,d5dc9e88ee1e4dd7fc3dfef0b350acea
2026-09-22T04:56:15.793Z,dry,ETH-USD,7,place,buy,2728.3,0.0091,quote-bid,join best,833784c370fa2144356f6e279304967c
2026-09-22T04:56:15.888Z,dry,ETH-USD,7,place,sell,2728.6,0.0091,quote-ask,join best,9746e3012ec621db36877857c74ca990
2026-09-22T04:56:16.402Z,dry,ETH-USD,7,cancel,sell,2728.6,0.0091,quote-ask,best moved 2728.6 -> 2728.5,9746e3012ec621db36877857c74ca990
2026-09-22T04:56:16.499Z,dry,ETH-USD,7,place,sell,2728.5,0.0091,quote-ask,rejoin best,6a64d8c14553e4c12894ec7ba377f8ac
2026-09-22T04:56:21.277Z,dry,ETH-USD,7,cancel,sell,2728.5,0.0091,quote-ask,best moved 2728.5 -> 2728.4,6a64d8c14553e4c12894ec7ba377f8ac
2026-09-22T04:56:21.374Z,dry,ETH-USD,7,place,sell,2728.4,0.0091,quote-ask,rejoin best,d050a711053bc7f18b5005ecbcf9b5b4
2026-09-22T04:56:22.288Z,dry,ETH-USD,7,cancel,sell,2728.4,0.0091,quote-ask,best moved 2728.4 -> 2728.1,d050a711053bc7f18b5005ecbcf9b5b4
2026-09-22T04:56:22.384Z,dry,ETH-USD,7,place,sell,2728.1,0.0091,quote-ask,rejoin best,4c94c31b0daca0c9bf0047ec734c162b
2026-09-22T04:56:27.365Z,dry,ETH-USD,7,cancel,sell,2728.1,0.0091,quote-ask,best moved 2728.1 -> 2727.7,4c94c31b0daca0c9bf0047ec734c162b
2026-09-22T04:56:27.463Z,dry,ETH-USD,7,place,sell,2727.7,0.0091,quote-ask,rejoin best,8ae3966c9a65d98762ed280593aecf78
2026-09-22T04:56:28.578Z,dry,BTC-USD,6,cancel,sell,85408,0.00029,quote-ask,best moved 85408 -> 85405,f4b2bf491f806cea758a7d4d675b8cf5
2026-09-22T04:56:28.676Z,dry,BTC-USD,6,place,sell,85405,0.00029,quote-ask,rejoin best,07488abac8f52393e8802833e4729479
2026-09-22T04:56:28.781Z,dry,ETH-USD,7,cancel,sell,2727.7,0.0091,quote-ask,best moved 2727.7 -> 2727.6,8ae3966c9a65d98762ed280593aecf78
2026-09-22T04:56:28.877Z,dry,ETH-USD,7,place,sell,2727.6,0.0091,quote-ask,rejoin best,891792ba1b51ca455c52b073bd405567
2026-09-22T04:56:29.595Z,dry,ETH-USD,7,place,buy,2727.8,0.0091,quote-bid,join best,43a3d2ce5b06e81e6882a0cd115a03b5
2026-09-22T04:56:29.689Z,dry,ETH-USD,7,place,sell,2727.9,0.0091,quote-ask,join best,d241398b6c00ad7d382809f5f6e0ba8d
2026-09-22T04:56:29.781Z,dry,ETH-USD,7,reject,sell,2727.9,0.0091,quote-ask,post only order would cross,d241398b6c00ad7d382809f5f6e0ba8d
2026-09-22T04:56:29.798Z,dry,ETH-USD,7,place,sell,2728.3,0.0091,quote-ask,join best,26753ce22a72448aefa2d069b2708efe
2026-09-22T04:56:30.408Z,dry,ETH-USD,7,cancel,sell,2728.3,0.0091,quote-ask,best moved 2728.3 -> 2728.1,26753ce22a72448aefa2d069b2708efe
2026-09-22T04:56:30.504Z,dry,ETH-USD,7,place,sell,2728.1,0.0091,quote-ask,rejoin best,f6f9741bfe4243e5a7577e0bc65fd586
2026-09-22T04:56:30.612Z,dry,ETH-USD,7,cancel,buy,2727.8,0.0091,quote-bid,best moved 2727.8 -> 2727.9,43a3d2ce5b06e81e6882a0cd115a03b5
2026-09-22T04:56:30.707Z,dry,ETH-USD,7,place,buy,2727.9,0.0091,quote-bid,rejoin best,16839a02e977ab97bc56764385eb8297
2026-09-22T04:56:31.627Z,dry,ETH-USD,7,place,sell,2728.3,0.0091,quote-ask,join best,773f12361d69a11201691ec241ef456d
2026-09-22T04:56:32.027Z,dry,ETH-USD,7,cancel,buy,2727.9,0.0091,quote-bid,best moved 2727.9 -> 2728.2,16839a02e977ab97bc56764385eb8297
2026-09-22T04:56:32.121Z,dry,ETH-USD,7,place,buy,2728.2,0.0091,quote-bid,rejoin best,2e0e2a7cb11f7f3e15224b0254ea9573
2026-09-22T04:56:35.278Z,dry,ETH-USD,7,place,sell,2728.5,0.0091,quote-ask,join best,46968a44d8a89f2576229f628a47064f
2026-09-22T04:56:35.680Z,dry,ETH-USD,7,cancel,buy,2728.2,0.0091,quote-bid,best moved 2728.2 -> 2728.4,2e0e2a7cb11f7f3e15224b0254ea9573
2026-09-22T04:56:35.775Z,dry,ETH-USD,7,place,buy,2728.4,0.0091,quote-bid,rejoin best,06423cd824a1d1b16888a3ce8ac0c906
2026-09-22T04:56:35.881Z,dry,BTC-USD,6,place,buy,85415,0.00029,quote-bid,join best,39d2814807c5f7e56b5681be0af3edf7
2026-09-22T04:56:35.979Z,dry,BTC-USD,6,place,sell,85416,0.00029,quote-ask,join best,23f28882f36790fba691badc99b00977
2026-09-22T04:56:36.073Z,dry,ETH-USD,7,place,sell,2728.6,0.0091,quote-ask,join best,2edce10d48c71c90424bd6c6010238cf
2026-09-22T04:56:36.288Z,dry,ETH-USD,7,cancel,buy,2728.4,0.0091,quote-bid,best moved 2728.4 -> 2728.5,06423cd824a1d1b16888a3ce8ac0c906
2026-09-22T04:56:36.388Z,dry,ETH-USD,7,place,buy,2728.5,0.0091,quote-bid,rejoin best,f83c179164fd278746e5976e5e6ef1bc
2026-09-22T04:56:37.309Z,dry,BTC-USD,6,cancel,sell,85416,0.00029,quote-ask,best moved 85416 -> 85410,23f28882f36790fba691badc99b00977
2026-09-22T04:56:37.404Z,dry,BTC-USD,6,place,sell,85410,0.00029,quote-ask,rejoin best,ca37df5b305cf894ce1cb9e158a119cb
2026-09-22T04:56:37.496Z,dry,ETH-USD,7,cancel,buy,2728.5,0.0091,quote-bid,best moved 2728.5 -> 2728.2,f83c179164fd278746e5976e5e6ef1bc
2026-09-22T04:56:37.591Z,dry,ETH-USD,7,place,buy,2728.2,0.0091,quote-bid,rejoin best,407b57dba20a43545e4d8d89eb8a8cfa
2026-09-22T04:56:38.322Z,dry,ETH-USD,7,cancel,sell,2728.6,0.0091,quote-ask,best moved 2728.6 -> 2728.4,2edce10d48c71c90424bd6c6010238cf
2026-09-22T04:56:38.416Z,dry,ETH-USD,7,place,sell,2728.4,0.0091,quote-ask,rejoin best,f1e275250fde8aa4ad265feb4bd65858
2026-09-22T04:56:39.947Z,dry,ETH-USD,7,place,sell,2728.6,0.0091,quote-ask,join best,7aaebc8363aa309714e7245880e8b87b
2026-09-22T04:56:40.351Z,dry,ETH-USD,7,cancel,buy,2728.2,0.0091,quote-bid,best moved 2728.2 -> 2728.4,407b57dba20a43545e4d8d89eb8a8cfa
2026-09-22T04:56:40.448Z,dry,ETH-USD,7,place,buy,2728.4,0.0091,quote-bid,rejoin best,2db78d58e5e13ffb72198effabbd57e1
2026-09-22T04:56:42.581Z,dry,ETH-USD,7,cancel,sell,2728.6,0.0091,quote-ask,best moved 2728.6 -> 2728.5,7aaebc8363aa309714e7245880e8b87b
2026-09-22T04:56:42.678Z,dry,ETH-USD,7,place,sell,2728.5,0.0091,quote-ask,rejoin best,09e4d5a5f076bf17ce1741d31f575e24
2026-09-22T04:56:42.787Z,dry,ETH-USD,7,cancel,buy,2728.4,0.0091,quote-bid,best moved 2728.4 -> 2728.3,2db78d58e5e13ffb72198effabbd57e1
2026-09-22T04:56:42.882Z,dry,ETH-USD,7,place,buy,2728.3,0.0091,quote-bid,rejoin best,d15ff2c8bf4eb2a22e8322afc4aa7e0a
2026-09-22T04:56:43.393Z,dry,ETH-USD,7,cancel,buy,2728.3,0.0091,quote-bid,best moved 2728.3 -> 2728.5,d15ff2c8bf4eb2a22e8322afc4aa7e0a
2026-09-22T04:56:43.490Z,dry,ETH-USD,7,place,buy,2728.5,0.0091,quote-bid,rejoin best,250a3342de01b77b47d8352bac17b9c9
2026-09-22T04:56:45.010Z,dry,BTC-USD,6,place,buy,85415,0.00029,quote-bid,join best,62e7c01a49bb080c22fbe3eb15e63ab9
2026-09-22T04:56:45.104Z,dry,BTC-USD,6,place,sell,85418,0.00029,quote-ask,join best,c527bade096885292519c99866a16200
2026-09-22T04:56:45.621Z,dry,BTC-USD,6,cancel,buy,85415,0.00029,quote-bid,best moved 85415 -> 85416,62e7c01a49bb080c22fbe3eb15e63ab9
2026-09-22T04:56:45.715Z,dry,BTC-USD,6,cancel,sell,85418,0.00029,quote-ask,best moved 85418 -> 85417,c527bade096885292519c99866a16200
2026-09-22T04:56:45.811Z,dry,BTC-USD,6,place,buy,85416,0.00029,quote-bid,rejoin best,b281732ecdd767aedf2ba8984cc1f0d7
2026-09-22T04:56:45.905Z,dry,BTC-USD,6,place,sell,85417,0.00029,quote-ask,rejoin best,5ac5f92349c278f760fe2720bfb85f75
2026-09-22T04:56:46.030Z,dry,ETH-USD,7,cancel,buy,2728.5,0.0091,quote-bid,best moved 2728.5 -> 2728.9,250a3342de01b77b47d8352bac17b9c9
2026-09-22T04:56:46.125Z,dry,ETH-USD,7,place,buy,2728.9,0.0091,quote-bid,rejoin best,48777afb5360b65ed3d8710696373c7d
2026-09-22T04:56:47.456Z,dry,ETH-USD,7,place,buy,2728.5,0.0091,quote-bid,join best,68370f4237c8d116ea4dc7f27fe57b81
2026-09-22T04:56:47.552Z,dry,ETH-USD,7,place,sell,2728.9,0.0091,quote-ask,join best,86986594ed5b2c81de3f4889b6227699
2026-09-22T04:56:48.064Z,dry,ETH-USD,7,cancel,sell,2728.9,0.0091,quote-ask,best moved 2728.9 -> 2728.6,86986594ed5b2c81de3f4889b6227699
2026-09-22T04:56:48.161Z,dry,ETH-USD,7,place,sell,2728.6,0.0091,quote-ask,rejoin best,25f9a9b284ccdc764eda58fd2b1a99df
2026-09-22T04:56:48.270Z,dry,ETH-USD,7,place,buy,2728.2,0.0091,quote-bid,join best,4c76fab853021a78f068925e8e144e25
2026-09-22T04:56:48.670Z,dry,ETH-USD,7,cancel,sell,2728.6,0.0091,quote-ask,best moved 2728.6 -> 2728.3,25f9a9b284ccdc764eda58fd2b1a99df
2026-09-22T04:56:48.766Z,dry,ETH-USD,7,place,sell,2728.3,0.0091,quote-ask,rejoin best,56d307604fd03c44d1714e4666638922
2026-09-22T04:56:48.876Z,dry,BTC-USD,6,cancel,sell,85417,0.00029,quote-ask,best moved 85417 -> 85416,5ac5f92349c278f760fe2720bfb85f75
2026-09-22T04:56:48.971Z,dry,BTC-USD,6,place,sell,85416,0.00029,quote-ask,rejoin best,a3652dc78ec58a37823aad9f0cf8660c
2026-09-22T04:56:49.283Z,dry,ETH-USD,7,cancel,buy,2728.2,0.0091,quote-bid,best moved 2728.2 -> 2728.1,4c76fab853021a78f068925e8e144e25
2026-09-22T04:56:49.378Z,dry,ETH-USD,7,place,buy,2728.1,0.0091,quote-bid,rejoin best,5337b6d65c17051d2878d0bc3b5150e3
2026-09-22T04:56:50.497Z,dry,ETH-USD,7,cancel,sell,2728.3,0.0091,quote-ask,best moved 2728.3 -> 2728.2,56d307604fd03c44d1714e4666638922
2026-09-22T04:56:50.594Z,dry,ETH-USD,7,place,sell,2728.2,0.0091,quote-ask,rejoin best,5733c7cfad6f294c38af8ab768b207a9
2026-09-22T04:56:50.905Z,dry,ETH-USD,7,place,sell,2728.6,0.0091,quote-ask,join best,85bc553f2eef6f583424279915da0e43
2026-09-22T04:56:51.309Z,dry,ETH-USD,7,cancel,buy,2728.1,0.0091,quote-bid,best moved 2728.1 -> 2728.3,5337b6d65c17051d2878d0bc3b5150e3
2026-09-22T04:56:51.405Z,dry,ETH-USD,7,place,buy,2728.3,0.0091,quote-bid,rejoin best,cd8248ed6e2d36ebdcfc0b952b40af7a
2026-09-22T04:56:51.511Z,dry,ETH-USD,7,cancel,sell,2728.6,0.0091,quote-ask,best moved 2728.6 -> 2728.5,85bc553f2eef6f583424279915da0e43
2026-09-22T04:56:51.607Z,dry,ETH-USD,7,place,sell,2728.5,0.0091,quote-ask,rejoin best,18a337cc64b543d78a240fe40d4725ba
2026-09-22T04:56:52.121Z,dry,ETH-USD,7,cancel,sell,2728.5,0.0091,quote-ask,best moved 2728.5 -> 2728.4,18a337cc64b543d78a240fe40d4725ba
2026-09-22T04:56:52.216Z,dry,ETH-USD,7,place,sell,2728.4,0.0091,quote-ask,rejoin best,cc013ad43838a61c63410f607b07bb0a
2026-09-22T04:56:52.325Z,dry,ETH-USD,7,place,buy,2727.7,0.0091,quote-bid,join best,702b0db61b7f4a21b6d89cf2d2970981
2026-09-22T04:56:52.726Z,dry,ETH-USD,7,cancel,sell,2728.4,0.0091,quote-ask,best moved 2728.4 -> 2728.1,cc013ad43838a61c63410f607b07bb0a
2026-09-22T04:56:52.813Z,dry,ETH-USD,7,place,sell,2728.1,0.0091,quote-ask,rejoin best,f3a7fb162b6a8f5dab1fd693a111ab75
2026-09-22T04:56:52.935Z,dry,ETH-USD,7,cancel,buy,2727.7,0.0091,quote-bid,best moved 2727.7 -> 2728,702b0db61b7f4a21b6d89cf2d2970981
2026-09-22T04:56:53.031Z,dry,ETH-USD,7,place,buy,2728,0.0091,quote-bid,rejoin best,fc9de6598316a173847eb5394c8357d1
2026-09-22T04:56:54.763Z,dry,BTC-USD,6,cancel,sell,85416,0.00029,quote-ask,flatten owns instrument,a3652dc78ec58a37823aad9f0cf8660c
2026-09-22T04:56:54.856Z,dry,BTC-USD,6,place,sell,85416,0.00087,flatten-post,passive exit,7d6538f36757f63d003e2adda88bd6f3
2026-09-22T04:56:58.415Z,dry,BTC-USD,6,place,buy,85416,0.00029,quote-bid,join best,0191322eb98076bffd7b79b3bbf46a16
2026-09-22T04:56:58.506Z,dry,BTC-USD,6,place,sell,85417,0.00029,quote-ask,join best,a5a7f186b67cb1c288dca2e81c8b1654
2026-09-22T04:56:58.821Z,dry,ETH-USD,7,place,sell,2728.2,0.0091,quote-ask,join best,736feb86cdafc5a267d58b17bf1d78a4
2026-09-22T04:56:59.226Z,dry,ETH-USD,7,cancel,buy,2728,0.0091,quote-bid,best moved 2728 -> 2728.1,fc9de6598316a173847eb5394c8357d1
2026-09-22T04:56:59.322Z,dry,ETH-USD,7,place,buy,2728.1,0.0091,quote-bid,rejoin best,0017eaef381af9d2807c9ea5867715ff
2026-09-22T04:57:01.470Z,dry,ETH-USD,7,place,buy,2728,0.0091,quote-bid,join best,945c0dd651f6bb8bae124e9d13005844
2026-09-22T04:57:03.090Z,dry,ETH-USD,7,cancel,sell,2728.2,0.0091,quote-ask,best moved 2728.2 -> 2728.1,736feb86cdafc5a267d58b17bf1d78a4
2026-09-22T04:57:03.185Z,dry,ETH-USD,7,place,sell,2728.1,0.0091,quote-ask,rejoin best,e1b9d16bb142d1298e7d1d39d75120f4
2026-09-22T04:57:03.294Z,dry,ETH-USD,7,place,buy,2727.2,0.0091,quote-bid,join best,1816f60b73947c01d97c013d1f5522cf
2026-09-22T04:57:03.498Z,dry,BTC-USD,6,place,buy,85415,0.00029,quote-bid,join best,8ca570855d74951451b5ea943d588379
2026-09-22T04:57:03.902Z,dry,BTC-USD,6,cancel,sell,85417,0.00029,quote-ask,best moved 85417 -> 85416,a5a7f186b67cb1c288dca2e81c8b1654
2026-09-22T04:57:03.998Z,dry,BTC-USD,6,place,sell,85416,0.00029,quote-ask,rejoin best,22f1068fb00413a35d63ec91b2510b69
2026-09-22T04:57:04.104Z,dry,ETH-USD,7,cancel,buy,2727.2,0.0091,quote-bid,best moved 2727.2 -> 2727.4,1816f60b73947c01d97c013d1f5522cf
2026-09-22T04:57:04.198Z,dry,ETH-USD,7,cancel,sell,2728.1,0.0091,quote-ask,best moved 2728.1 -> 2727.5,e1b9d16bb142d1298e7d1d39d75120f4
2026-09-22T04:57:04.295Z,dry,ETH-USD,7,place,buy,2727.4,0.0091,quote-bid,rejoin best,01d0e02596257f4ad9ab477dfdeb03b4
2026-09-22T04:57:04.385Z,dry,ETH-USD,7,reject,buy,2727.4,0.0091,quote-bid,post only order would cross,01d0e02596257f4ad9ab477dfdeb03b4
2026-09-22T04:57:04.390Z,dry,ETH-USD,7,place,sell,2727.5,0.0091,quote-ask,rejoin best,f812edcc8c78b84439b4c090d404bb5f
2026-09-22T04:57:04.512Z,dry,ETH-USD,7,place,buy,2727.3,0.0091,quote-bid,join best,7063ea74ff4838662adaf98379d1ca51
2026-09-22T04:57:04.917Z,dry,ETH-USD,7,cancel,sell,2727.5,0.0091,quote-ask,best moved 2727.5 -> 2727.4,f812edcc8c78b84439b4c090d404bb5f
2026-09-22T04:57:05.012Z,dry,ETH-USD,7,place,sell,2727.4,0.0091,quote-ask,rejoin best,23c8e7355888ebd58ae3b66537f9971d
2026-09-22T04:57:07.755Z,dry,ETH-USD,7,place,sell,2727.5,0.0091,quote-ask,join best,353da1060515c6b9beb53803249f9727
2026-09-22T04:57:08.164Z,dry,BTC-USD,6,place,buy,85409,0.00029,quote-bid,join best,e93503c5285a7e5c0b271fa8d8d5cbd3
2026-09-22T04:57:08.364Z,dry,ETH-USD,7,cancel,sell,2727.5,0.0091,quote-ask,best moved 2727.5 -> 2727.4,353da1060515c6b9beb53803249f9727
2026-09-22T04:57:08.461Z,dry,ETH-USD,7,place,sell,2727.4,0.0091,quote-ask,rejoin best,adeb3188b5cb3659e37027d100317045
2026-09-22T04:57:08.567Z,dry,BTC-USD,6,cancel,sell,85416,0.00029,quote-ask,best moved 85416 -> 85410,22f1068fb00413a35d63ec91b2510b69
2026-09-22T04:57:08.660Z,dry,BTC-USD,6,place,sell,85410,0.00029,quote-ask,rejoin best,bbc6ef2c68e87e7eb6ca37d0bb7b0653
2026-09-22T04:57:18.107Z,dry,ETH-USD,7,place,sell,2727.7,0.0091,quote-ask,join best,50808ffc6bca00ec915d252173f72fe2
2026-09-22T04:57:18.201Z,dry,ETH-USD,7,reject,sell,2727.7,0.0091,quote-ask,post only order would cross,50808ffc6bca00ec915d252173f72fe2
2026-09-22T04:57:18.312Z,dry,ETH-USD,7,place,sell,2728.1,0.0091,quote-ask,join best,38e40b9dc27cf1cb95dfb056f796c69b
2026-09-22T04:57:18.918Z,dry,ETH-USD,7,cancel,buy,2727.3,0.0091,quote-bid,best moved 2727.3 -> 2727.8,7063ea74ff4838662adaf98379d1ca51
2026-09-22T04:57:19.011Z,dry,ETH-USD,7,cancel,sell,2728.1,0.0091,quote-ask,best moved 2728.1 -> 2727.9,38e40b9dc27cf1cb95dfb056f796c69b
2026-09-22T04:57:19.106Z,dry,ETH-USD,7,place,buy,2727.8,0.0091,quote-bid,rejoin best,0fcf79463a3bd6a65b766bde232f4c09
2026-09-22T04:57:19.201Z,dry,ETH-USD,7,place,sell,2727.9,0.0091,quote-ask,rejoin best,2b0d310bc990bdbbf611b992ab8702ff
2026-09-22T04:57:19.293Z,dry,ETH-USD,7,reject,sell,2727.9,0.0091,quote-ask,post only order would cross,2b0d310bc990bdbbf611b992ab8702ff
2026-09-22T04:57:19.326Z,dry,BTC-USD,6,place,sell,85416,0.00029,quote-ask,join best,c3b3ff5fb466ae998416fb37dbaa6a0a
2026-09-22T04:57:19.418Z,dry,ETH-USD,7,place,sell,2728.1,0.0091,quote-ask,join best,6a11a60f9c9314a7f721e49062365d4c
2026-09-22T04:57:19.728Z,dry,BTC-USD,6,cancel,buy,85409,0.00029,quote-bid,best moved 85409 -> 85415,e93503c5285a7e5c0b271fa8d8d5cbd3
2026-09-22T04:57:19.825Z,dry,BTC-USD,6,place,buy,85415,0.00029,quote-bid,rejoin best,c0e68ad24d31e46fec8f7680fc5c1eb6
2026-09-22T04:57:19.931Z,dry,ETH-USD,7,cancel,buy,2727.8,0.0091,quote-bid,best moved 2727.8 -> 2728,0fcf79463a3bd6a65b766bde232f4c09
2026-09-22T04:57:20.026Z,dry,ETH-USD,7,place,buy,2728,0.0091,quote-bid,rejoin best,e1fb3d57974f092283ceb73185e39e40
2026-09-22T04:57:20.746Z,dry,ETH-USD,7,place,buy,2727.8,0.0091,quote-bid,join best,901903517811a4db8fe4273f59c37024
2026-09-22T04:57:21.155Z,dry,BTC-USD,6,place,buy,85412,0.00029,quote-bid,join best,175d2bd35ef56de7626cf1dbab0704b2
2026-09-22T04:57:21.244Z,dry,ETH-USD,7,cancel,sell,2728.1,0.0091,quote-ask,best moved 2728.1 -> 2727.9,6a11a60f9c9314a7f721e49062365d4c
2026-09-22T04:57:21.342Z,dry,ETH-USD,7,place,sell,2727.9,0.0091,quote-ask,rejoin best,c5c257265d13ef4f479cf7d58eaddc8f
2026-09-22T04:57:21.558Z,dry,BTC-USD,6,cancel,sell,85416,0.00029,quote-ask,best moved 85416 -> 85413,c3b3ff5fb466ae998416fb37dbaa6a0a
2026-09-22T04:57:21.654Z,dry,BTC-USD,6,place,sell,85413,0.00029,quote-ask,rejoin best,10f05d0b8245bdce4944e2b9cbd50ff4
2026-09-22T04:57:22.168Z,dry,ETH-USD,7,place,buy,2727.5,0.0091,quote-bid,join best,9fb4a14c8834cec5a251752b8c97b56a
2026-09-22T04:57:22.775Z,dry,ETH-USD,7,cancel,buy,2727.5,0.0091,quote-bid,best moved 2727.5 -> 2727.6,9fb4a14c8834cec5a251752b8c97b56a
2026-09-22T04:57:22.867Z,dry,ETH-USD,7,cancel,sell,2727.9,0.0091,quote-ask,best moved 2727.9 -> 2727.7,c5c257265d13ef4f479cf7d58eaddc8f
2026-09-22T04:57:22.963Z,dry,ETH-USD,7,place,buy,2727.6,0.0091,quote-bid,rejoin best,64c47684e5748c460e138d966cdb3303
2026-09-22T04:57:23.054Z,dry,ETH-USD,7,place,sell,2727.7,0.0091,quote-ask,rejoin best,50b1fcc9a02098cb195cf4b971d39674
2026-09-22T04:57:26.823Z,dry,ETH-USD,7,place,buy,2727.5,0.0091,quote-bid,join best,612f64baf409b9ce856cfd1900739192
2026-09-22T04:57:27.226Z,dry,ETH-USD,7,cancel,sell,2727.7,0.0091,quote-ask,best moved 2727.7 -> 2727.6,50b1fcc9a02098cb195cf4b971d39674
2026-09-22T04:57:27.321Z,dry,ETH-USD,7,place,sell,2727.6,0.0091,quote-ask,rejoin best,43ccda03d053042d947bc2a0a881a3ff
2026-09-22T04:57:29.257Z,dry,ETH-USD,7,place,sell,2728.1,0.0091,quote-ask,join best,9d5baf5e0e45e356813dc9013ced3ab6
2026-09-22T04:57:29.864Z,dry,ETH-USD,7,cancel,buy,2727.5,0.0091,quote-bid,best moved 2727.5 -> 2727.7,612f64baf409b9ce856cfd1900739192
2026-09-22T04:57:29.959Z,dry,ETH-USD,7,cancel,sell,2728.1,0.0091,quote-ask,best moved 2728.1 -> 2727.8,9d5baf5e0e45e356813dc9013ced3ab6
2026-09-22T04:57:30.053Z,dry,ETH-USD,7,place,buy,2727.7,0.0091,quote-bid,rejoin best,2d2d787f605fefdd8fff921967bed3d0
2026-09-22T04:57:30.147Z,dry,ETH-USD,7,place,sell,2727.8,0.0091,quote-ask,rejoin best,1ef96859ce7322ca61a865fbe5f7703f
2026-09-22T04:57:31.693Z,dry,ETH-USD,7,place,buy,2727.5,0.0091,quote-bid,join best,a411b3d8469d545de6f1c839e52df054
2026-09-22T04:57:32.099Z,dry,ETH-USD,7,cancel,sell,2727.8,0.0091,quote-ask,best moved 2727.8 -> 2727.6,1ef96859ce7322ca61a865fbe5f7703f
2026-09-22T04:57:32.195Z,dry,ETH-USD,7,place,sell,2727.6,0.0091,quote-ask,rejoin best,e3bf1dad7d8196c5ba4769d53f1215c3
2026-09-22T04:57:33.116Z,dry,ETH-USD,7,place,sell,2728.1,0.0091,quote-ask,join best,9a6c6e3715ba8e6005670b85b2ef3da0
2026-09-22T04:57:33.923Z,dry,ETH-USD,7,cancel,buy,2727.5,0.0091,quote-bid,best moved 2727.5 -> 2727.7,a411b3d8469d545de6f1c839e52df054
2026-09-22T04:57:34.016Z,dry,ETH-USD,7,cancel,sell,2728.1,0.0091,quote-ask,best moved 2728.1 -> 2727.8,9a6c6e3715ba8e6005670b85b2ef3da0
2026-09-22T04:57:34.112Z,dry,ETH-USD,7,place,buy,2727.7,0.0091,quote-bid,rejoin best,3f16130b5d10e4ffc83e1baf9fc48edd
2026-09-22T04:57:34.206Z,dry,ETH-USD,7,place,sell,2727.8,0.0091,quote-ask,rejoin best,6dc7cab6c423e1a10f3e4d6a88e1ec80
2026-09-22T04:57:38.188Z,dry,ETH-USD,7,place,buy,2727.5,0.0091,quote-bid,join best,f12cdf3550d6bff9b7cd45ff5eeabba3
2026-09-22T04:57:38.389Z,dry,ETH-USD,7,place,buy,2727.4,0.0091,quote-bid,join best,fc6932d9295f7e74a0f3c2eb2d054b1b
2026-09-22T04:57:38.794Z,dry,BTC-USD,6,cancel,sell,85413,0.00029,quote-ask,best moved 85413 -> 85409,10f05d0b8245bdce4944e2b9cbd50ff4
2026-09-22T04:57:38.888Z,dry,BTC-USD,6,place,sell,85409,0.00029,quote-ask,rejoin best,e855f23ebe722df0f87410a28f2822fc
2026-09-22T04:57:38.980Z,dry,ETH-USD,7,cancel,sell,2727.8,0.0091,quote-ask,best moved 2727.8 -> 2727.5,6dc7cab6c423e1a10f3e4d6a88e1ec80
2026-09-22T04:57:39.076Z,dry,ETH-USD,7,place,sell,2727.5,0.0091,quote-ask,rejoin best,5fbfbf87a19f0241b01da8fd6fb3653f
2026-09-22T04:57:40.420Z,dry,ETH-USD,7,cancel,sell,2727.5,0.0091,quote-ask,best moved 2727.5 -> 2727.4,5fbfbf87a19f0241b01da8fd6fb3653f
2026-09-22T04:57:40.515Z,dry,ETH-USD,7,place,sell,2727.4,0.0091,quote-ask,rejoin best,88f0c14cc460cd7125dc6392c0b919d1
2026-09-22T04:57:45.486Z,dry,ETH-USD,7,cancel,sell,2727.4,0.0091,quote-ask,best moved 2727.4 -> 2727.1,88f0c14cc460cd7125dc6392c0b919d1
2026-09-22T04:57:45.582Z,dry,ETH-USD,7,place,sell,2727.1,0.0091,quote-ask,rejoin best,7d067dbb1ce375bd9fdea5cc7a8e7dba
2026-09-22T04:57:50.361Z,dry,ETH-USD,7,place,buy,2727.1,0.0091,quote-bid,join best,b31dc44678f1ecf9422eb19cba2e5c73
2026-09-22T04:57:50.454Z,dry,ETH-USD,7,place,sell,2727.2,0.0091,quote-ask,join best,4be9790d756c956b765de20a44641ae9
2026-09-22T04:57:50.767Z,dry,ETH-USD,7,place,sell,2727.4,0.0091,quote-ask,join best,4d0bf19ee896a7cef059c4077d9e7af8
2026-09-22T04:57:51.168Z,dry,ETH-USD,7,cancel,buy,2727.1,0.0091,quote-bid,best moved 2727.1 -> 2727.3,b31dc44678f1ecf9422eb19cba2e5c73
2026-09-22T04:57:51.262Z,dry,ETH-USD,7,place,buy,2727.3,0.0091,quote-bid,rejoin best,3bce0d171423afc1da481dc97ad700b7
2026-09-22T04:57:52.188Z,dry,ETH-USD,7,place,sell,2727.6,0.0091,quote-ask,join best,ec479a63e1038a59abe98165f9a4ba45
2026-09-22T04:57:52.590Z,dry,ETH-USD,7,cancel,buy,2727.3,0.0091,quote-bid,best moved 2727.3 -> 2727.5,3bce0d171423afc1da481dc97ad700b7
2026-09-22T04:57:52.688Z,dry,ETH-USD,7,place,buy,2727.5,0.0091,quote-bid,rejoin best,4ff17cc9070e65a0a67a05d6b3e782b0
2026-09-22T04:57:52.797Z,dry,ETH-USD,7,place,sell,2727.7,0.0091,quote-ask,join best,1952c54664bd29a50c005be2402cdb3d
2026-09-22T04:57:53.200Z,dry,ETH-USD,7,cancel,buy,2727.5,0.0091,quote-bid,best moved 2727.5 -> 2727.6,4ff17cc9070e65a0a67a05d6b3e782b0
2026-09-22T04:57:53.295Z,dry,ETH-USD,7,place,buy,2727.6,0.0091,quote-bid,rejoin best,e3beac369dd215e1d55352eae8833d02
2026-09-22T04:57:56.041Z,dry,ETH-USD,7,place,buy,2727.5,0.0091,quote-bid,join best,53b1111a0ceb2826a25db7a76e9e9c73
2026-09-22T04:57:56.447Z,dry,ETH-USD,7,cancel,sell,2727.7,0.0091,quote-ask,best moved 2727.7 -> 2727.6,1952c54664bd29a50c005be2402cdb3d
2026-09-22T04:57:56.541Z,dry,ETH-USD,7,place,sell,2727.6,0.0091,quote-ask,rejoin best,0f4cbdda6a8f44772b10daa305011dfc
2026-09-22T04:57:59.279Z,dry,ETH-USD,7,place,sell,2727.7,0.0091,quote-ask,join best,d374e3a1be70bf1668336d8ce4d0e89b
2026-09-22T04:57:59.689Z,dry,ETH-USD,7,cancel,buy,2727.5,0.0091,quote-bid,best moved 2727.5 -> 2727.6,53b1111a0ceb2826a25db7a76e9e9c73
2026-09-22T04:57:59.785Z,dry,ETH-USD,7,place,buy,2727.6,0.0091,quote-bid,rejoin best,0eaf129b23db98f5eff67dd0fe81f4db
2026-09-22T04:58:01.313Z,dry,BTC-USD,6,place,buy,85409,0.00029,quote-bid,join best,7a1777a0ea8c750d8312435a2712412c
2026-09-22T04:58:01.407Z,dry,BTC-USD,6,place,sell,85417,0.00029,quote-ask,join best,7423e290f056151316c593b0cb6e51da
2026-09-22T04:58:01.501Z,dry,ETH-USD,7,place,sell,2728.1,0.0091,quote-ask,join best,c596965fbe9fcf4c554a07e9cdd2374d
2026-09-22T04:58:01.718Z,dry,ETH-USD,7,cancel,buy,2727.6,0.0091,quote-bid,best moved 2727.6 -> 2728,0eaf129b23db98f5eff67dd0fe81f4db
2026-09-22T04:58:01.816Z,dry,ETH-USD,7,place,buy,2728,0.0091,quote-bid,rejoin best,55039dba230adfe630e16720234d12a0
2026-09-22T04:58:02.126Z,dry,BTC-USD,6,cancel,buy,85409,0.00029,quote-bid,best moved 85409 -> 85415,7a1777a0ea8c750d8312435a2712412c
2026-09-22T04:58:02.219Z,dry,BTC-USD,6,cancel,sell,85417,0.00029,quote-ask,best moved 85417 -> 85416,7423e290f056151316c593b0cb6e51da
2026-09-22T04:58:02.315Z,dry,BTC-USD,6,place,buy,85415,0.00029,quote-bid,rejoin best,251aa88bb4c8faadb585edbe3b16b9ab
2026-09-22T04:58:02.410Z,dry,BTC-USD,6,place,sell,85416,0.00029,quote-ask,rejoin best,4faaee30b142e4c5331fcfdfc5a56242
2026-09-22T04:58:03.548Z,dry,BTC-USD,6,cancel,buy,85415,0.00029,quote-bid,flatten owns instrument,251aa88bb4c8faadb585edbe3b16b9ab
2026-09-22T04:58:03.641Z,dry,BTC-USD,6,cancel,sell,85416,0.00029,quote-ask,flatten owns instrument,4faaee30b142e4c5331fcfdfc5a56242
2026-09-22T04:58:03.738Z,dry,BTC-USD,6,place,sell,85416,0.00058,flatten-post,passive exit,ae31388123a92abcb6c074edc010ff79
2026-09-22T04:58:04.156Z,dry,BTC-USD,6,cancel,sell,85416,0.00058,flatten-post,re-peg flatten,ae31388123a92abcb6c074edc010ff79
2026-09-22T04:58:04.365Z,dry,BTC-USD,6,place,sell,85413,0.00058,flatten-post,passive exit,9cef8043c429d00f219978ff0cc71140
2026-09-22T04:58:04.458Z,dry,ETH-USD,7,place,buy,2727.9,0.0091,quote-bid,join best,65fb3d49fdad6f128522620f9dd10343
2026-09-22T04:58:04.770Z,dry,ETH-USD,7,cancel,sell,2728.1,0.0091,quote-ask,best moved 2728.1 -> 2728,c596965fbe9fcf4c554a07e9cdd2374d
2026-09-22T04:58:04.866Z,dry,ETH-USD,7,place,sell,2728,0.0091,quote-ask,rejoin best,de92b22fa1a1bcca6f97186e0948a92d
2026-09-22T04:58:05.380Z,dry,ETH-USD,7,place,sell,2728.3,0.0091,quote-ask,join best,4b379237bb632b544266f4eec906b85e
2026-09-22T04:58:05.791Z,dry,ETH-USD,7,cancel,buy,2727.9,0.0091,quote-bid,best moved 2727.9 -> 2728,65fb3d49fdad6f128522620f9dd10343
2026-09-22T04:58:05.872Z,dry,ETH-USD,7,place,buy,2728,0.0091,quote-bid,rejoin best,5077cb5f034093fc0f55cdbb0165c995
2026-09-22T04:58:05.996Z,dry,ETH-USD,7,cancel,sell,2728.3,0.0091,quote-ask,best moved 2728.3 -> 2728.1,4b379237bb632b544266f4eec906b85e
2026-09-22T04:58:06.093Z,dry,ETH-USD,7,place,sell,2728.1,0.0091,quote-ask,rejoin best,87b64bd9ae77ee393e1a99dbff2b4b44
2026-09-22T04:58:07.431Z,dry,ETH-USD,7,cancel,buy,2728,0.0091,quote-bid,best moved 2728 -> 2728.2,5077cb5f034093fc0f55cdbb0165c995
2026-09-22T04:58:07.526Z,dry,ETH-USD,7,place,buy,2728.2,0.0091,quote-bid,rejoin best,bdcf9bfb55606a6b22fb7a9fa10e1841
2026-09-22T04:58:07.636Z,dry,ETH-USD,7,place,buy,2728.1,0.0091,quote-bid,join best,2b26659bdbc747908d50966ae1568ff8
2026-09-22T04:58:07.730Z,dry,ETH-USD,7,place,sell,2728.2,0.0091,quote-ask,join best,f2ea5ea3d3efe24e267bd620bcddd010
2026-09-22T04:58:09.067Z,dry,ETH-USD,7,cancel,buy,2728.1,0.0091,quote-bid,best moved 2728.1 -> 2728.3,2b26659bdbc747908d50966ae1568ff8
2026-09-22T04:58:09.161Z,dry,ETH-USD,7,place,buy,2728.3,0.0091,quote-bid,rejoin best,5a401d9963ec063af27731b12591b49c
2026-09-22T04:58:12.530Z,dry,BTC-USD,6,place,buy,85416,0.00029,quote-bid,join best,3e363db4b34175e648190ab365e6435f
2026-09-22T04:58:12.613Z,dry,BTC-USD,6,place,sell,85417,0.00029,quote-ask,join best,d4b708596a0eb2112bfa8ed485ba1edb
2026-09-22T04:58:12.727Z,dry,ETH-USD,7,cancel,buy,2728.3,0.0091,quote-bid,best moved 2728.3 -> 2728.5,5a401d9963ec063af27731b12591b49c
2026-09-22T04:58:12.816Z,dry,ETH-USD,7,place,buy,2728.5,0.0091,quote-bid,rejoin best,43fc74f00eabc8b7dd563df1669684a0
2026-09-22T04:58:23.107Z,dry,ETH-USD,7,place,buy,2728.1,0.0091,quote-bid,join best,bec10de3e1ca69468e7d314471345a6b
2026-09-22T04:58:23.200Z,dry,ETH-USD,7,place,sell,2728.5,0.0091,quote-ask,join best,dc5e0ae8b388220366e549a559acc2fe
2026-09-22T04:58:23.724Z,dry,ETH-USD,7,cancel,sell,2728.5,0.0091,quote-ask,best moved 2728.5 -> 2728.2,dc5e0ae8b388220366e549a559acc2fe
2026-09-22T04:58:23.819Z,dry,ETH-USD,7,place,sell,2728.2,0.0091,quote-ask,rejoin best,0cca19acd14988f3912ffa6d3fe0626b
2026-09-22T04:58:28.623Z,dry,ETH-USD,7,cancel,buy,2728.1,0.0091,quote-bid,best moved 2728.1 -> 2728.4,bec10de3e1ca69468e7d314471345a6b
2026-09-22T04:58:28.719Z,dry,ETH-USD,7,place,buy,2728.4,0.0091,quote-bid,rejoin best,2d35106b0c3ef24a0f41ba73a265af31
2026-09-22T04:58:31.863Z,dry,ETH-USD,7,cancel,buy,2728.4,0.0091,quote-bid,best moved 2728.4 -> 2728.5,2d35106b0c3ef24a0f41ba73a265af31
2026-09-22T04:58:31.960Z,dry,ETH-USD,7,place,buy,2728.5,0.0091,quote-bid,rejoin best,6a2a99f070b111599e4d0aa93ae96c4a
2026-09-22T04:58:41.816Z,dry,ETH-USD,7,place,buy,2728.2,0.0091,quote-bid,join best,126ff890aad7fa8e319ad885a12314d8
2026-09-22T04:58:41.909Z,dry,ETH-USD,7,place,sell,2728.5,0.0091,quote-ask,join best,ef129913520737fca2faf6edc8a59599
2026-09-22T04:58:42.422Z,dry,BTC-USD,6,place,buy,85404,0.00029,quote-bid,join best,da945cb0fcce614a830ba6c6be90c8c7
2026-09-22T04:58:42.513Z,dry,ETH-USD,7,cancel,sell,2728.5,0.0091,quote-ask,best moved 2728.5 -> 2728.3,ef129913520737fca2faf6edc8a59599
2026-09-22T04:58:42.609Z,dry,ETH-USD,7,place,sell,2728.3,0.0091,quote-ask,rejoin best,319b28ae2ea4a4d5e1b713440aadd617
2026-09-22T04:58:42.826Z,dry,BTC-USD,6,cancel,sell,85417,0.00029,quote-ask,best moved 85417 -> 85405,d4b708596a0eb2112bfa8ed485ba1edb
2026-09-22T04:58:42.922Z,dry,BTC-USD,6,place,sell,85405,0.00029,quote-ask,rejoin best,df61d09b174b9672da269da2d1c41c3c
2026-09-22T04:58:52.153Z,dry,ETH-USD,7,cancel,sell,2728.3,0.0091,quote-ask,best moved 2728.3 -> 2728.7,319b28ae2ea4a4d5e1b713440aadd617
2026-09-22T04:58:52.249Z,dry,ETH-USD,7,place,sell,2728.7,0.0091,quote-ask,rejoin best,a8752851c974e7c156c7ce0eb9fbfd70
2026-09-22T04:58:52.761Z,dry,ETH-USD,7,cancel,buy,2728.2,0.0091,quote-bid,best moved 2728.2 -> 2728.3,126ff890aad7fa8e319ad885a12314d8
2026-09-22T04:58:52.856Z,dry,ETH-USD,7,cancel,sell,2728.7,0.0091,quote-ask,best moved 2728.7 -> 2728.4,a8752851c974e7c156c7ce0eb9fbfd70
2026-09-22T04:58:52.951Z,dry,ETH-USD,7,place,buy,2728.3,0.0091,quote-bid,rejoin best,936e46364a161df81c85ee4085e0c06c
2026-09-22T04:58:53.045Z,dry,ETH-USD,7,place,sell,2728.4,0.0091,quote-ask,rejoin best,3209692b97f2e42b7afd832931ce02c3
2026-09-22T04:58:58.251Z,dry,ETH-USD,7,place,buy,2727.9,0.0091,quote-bid,join best,ab04b3b6ec5bed04b53c1b3f16e05454
2026-09-22T04:58:58.661Z,dry,BTC-USD,6,place,buy,85400,0.00029,quote-bid,join best,288a423a60584efd45e0006762eeb3b2
2026-09-22T04:58:58.755Z,dry,ETH-USD,7,cancel,sell,2728.4,0.0091,quote-ask,best moved 2728.4 -> 2728,3209692b97f2e42b7afd832931ce02c3
2026-09-22T04:58:58.851Z,dry,ETH-USD,7,place,sell,2728,0.0091,quote-ask,rejoin best,2d61b2c6d200b62fe1814154f1e9f970
2026-09-22T04:58:59.067Z,dry,BTC-USD,6,cancel,sell,85405,0.00029,quote-ask,best moved 85405 -> 85401,df61d09b174b9672da269da2d1c41c3c
2026-09-22T04:58:59.160Z,dry,BTC-USD,6,place,sell,85401,0.00029,quote-ask,rejoin best,a3282d282e5a44c40ae167d73eade35f
2026-09-22T04:58:59.482Z,dry,ETH-USD,7,cancel,buy,2727.9,0.0091,quote-bid,flatten owns instrument,ab04b3b6ec5bed04b53c1b3f16e05454
2026-09-22T04:58:59.569Z,dry,ETH-USD,7,cancel,sell,2728,0.0091,quote-ask,flatten owns instrument,2d61b2c6d200b62fe1814154f1e9f970
2026-09-22T04:58:59.664Z,dry,ETH-USD,7,place,buy,2727.9,0.0091,flatten-post,passive exit,4fa341e793659dc7cd90458b3d4afa5e
2026-09-22T04:59:01.100Z,dry,BTC-USD,6,cancel,sell,85401,0.00029,quote-ask,best moved 85401 -> 85396,a3282d282e5a44c40ae167d73eade35f
2026-09-22T04:59:01.195Z,dry,BTC-USD,6,place,sell,85396,0.00029,quote-ask,rejoin best,d6f68f172ece6bef9ce6d59e97ca2d3f
2026-09-22T04:59:02.526Z,dry,ETH-USD,7,place,buy,2727.8,0.0091,quote-bid,join best,316a20e0b47cdc43436ab9bc1b16799b
2026-09-22T04:59:02.614Z,dry,ETH-USD,7,reject,buy,2727.8,0.0091,quote-bid,post only order would cross,316a20e0b47cdc43436ab9bc1b16799b
2026-09-22T04:59:02.625Z,dry,ETH-USD,7,place,sell,2727.9,0.0091,quote-ask,join best,5ee6071a862fd8c9f84dd6c0ca5d0fca
2026-09-22T04:59:02.726Z,dry,ETH-USD,7,place,buy,2727.4,0.0091,quote-bid,join best,6279aa024a3a2d2d5cc6e411c275c453
2026-09-22T04:59:03.129Z,dry,ETH-USD,7,cancel,sell,2727.9,0.0091,quote-ask,best moved 2727.9 -> 2727.6,5ee6071a862fd8c9f84dd6c0ca5d0fca
2026-09-22T04:59:03.225Z,dry,ETH-USD,7,place,sell,2727.6,0.0091,quote-ask,rejoin best,2216cb2905d3eac537bcfb92bcb319c1
2026-09-22T04:59:03.329Z,dry,ETH-USD,7,cancel,buy,2727.4,0.0091,quote-bid,best moved 2727.4 -> 2727.5,6279aa024a3a2d2d5cc6e411c275c453
2026-09-22T04:59:03.427Z,dry,ETH-USD,7,place,buy,2727.5,0.0091,quote-bid,rejoin best,800c12e6a600a727892ba8d069316428
2026-09-22T04:59:04.341Z,dry,ETH-USD,7,place,sell,2728,0.0091,quote-ask,join best,c7728e4053651ecfa819b1ea286f11d2
2026-09-22T04:59:04.745Z,dry,ETH-USD,7,cancel,buy,2727.5,0.0091,quote-bid,best moved 2727.5 -> 2727.9,800c12e6a600a727892ba8d069316428
2026-09-22T04:59:04.840Z,dry,ETH-USD,7,place,buy,2727.9,0.0091,quote-bid,rejoin best,b708e3e9082094d246f11ba19af7de73
2026-09-22T04:59:05.960Z,dry,ETH-USD,7,place,sell,2728.7,0.0091,quote-ask,join best,f4b844a95dbdf583243087cf9410c75d
2026-09-22T04:59:06.365Z,dry,ETH-USD,7,cancel,buy,2727.9,0.0091,quote-bid,best moved 2727.9 -> 2728.2,b708e3e9082094d246f11ba19af7de73
2026-09-22T04:59:06.460Z,dry,ETH-USD,7,place,buy,2728.2,0.0091,quote-bid,rejoin best,b751c04d64e7dedce6b5407f4ab6845c
2026-09-22T04:59:06.568Z,dry,ETH-USD,7,cancel,sell,2728.7,0.0091,quote-ask,best moved 2728.7 -> 2728.3,f4b844a95dbdf583243087cf9410c75d
2026-09-22T04:59:06.665Z,dry,ETH-USD,7,place,sell,2728.3,0.0091,quote-ask,rejoin best,6ce9e3fb29b6fe1be4223621ad51ef8f
2026-09-22T04:59:07.782Z,dry,ETH-USD,7,cancel,buy,2728.2,0.0091,quote-bid,best moved 2728.2 -> 2728.3,b751c04d64e7dedce6b5407f4ab6845c
2026-09-22T04:59:07.877Z,dry,ETH-USD,7,place,buy,2728.3,0.0091,quote-bid,rejoin best,b0fea55993ff425aab02b64c3f6fb75f
2026-09-22T04:59:09.611Z,dry,ETH-USD,7,cancel,buy,2728.3,0.0091,quote-bid,best moved 2728.3 -> 2728.5,b0fea55993ff425aab02b64c3f6fb75f
2026-09-22T04:59:09.708Z,dry,ETH-USD,7,place,buy,2728.5,0.0091,quote-bid,rejoin best,b977475819fa40cb87b49031cb445761
2026-09-22T04:59:17.312Z,dry,ETH-USD,7,place,buy,2728.3,0.0091,quote-bid,join best,b3d2650dcdccf3c1fe7ed8a89d860b6e
2026-09-22T04:59:17.406Z,dry,ETH-USD,7,place,sell,2728.4,0.0091,quote-ask,join best,7f16c162b0db37620fdc4a1ab8af58be
2026-09-22T04:59:28.108Z,dry,ETH-USD,7,cancel,buy,2728.3,0.0091,quote-bid,best moved 2728.3 -> 2728.4,b3d2650dcdccf3c1fe7ed8a89d860b6e
2026-09-22T04:59:28.194Z,dry,ETH-USD,7,place,buy,2728.4,0.0091,quote-bid,rejoin best,b9a44dce92a0458fecbe0dd14080bef0
2026-09-22T04:59:28.928Z,dry,ETH-USD,7,cancel,buy,2728.4,0.0091,quote-bid,best moved 2728.4 -> 2728.6,b9a44dce92a0458fecbe0dd14080bef0
2026-09-22T04:59:29.027Z,dry,ETH-USD,7,place,buy,2728.6,0.0091,quote-bid,rejoin best,ae2a7224fc2eacd21968a2248dbfa87b
2026-09-22T04:59:30.152Z,dry,BTC-USD,6,place,buy,85404,0.00029,quote-bid,join best,18cf8740130d7c3b60ea8b5c2984d645
2026-09-22T04:59:30.244Z,dry,BTC-USD,6,place,sell,85405,0.00029,quote-ask,join best,e0109a9cc29a294ce02b4d6d747e29b7
2026-09-22T04:59:30.558Z,dry,ETH-USD,7,cancel,buy,2728.6,0.0091,quote-bid,best moved 2728.6 -> 2729,ae2a7224fc2eacd21968a2248dbfa87b
2026-09-22T04:59:30.658Z,dry,ETH-USD,7,place,buy,2729,0.0091,quote-bid,rejoin best,aeb904f5266677e3e4a58cb3235a6f04
2026-09-22T04:59:31.979Z,dry,ETH-USD,7,place,buy,2728.9,0.0091,quote-bid,join best,265e2c5780ac32de165189dde2bfee1c
2026-09-22T04:59:32.073Z,dry,ETH-USD,7,place,sell,2729,0.0091,quote-ask,join best,f3aeda6cb03fa49b7188a2bc2e002ea9
2026-09-22T04:59:32.387Z,dry,ETH-USD,7,place,buy,2728.5,0.0091,quote-bid,join best,22aaafbc1a2dea345c43bd9aecad7a42
2026-09-22T04:59:33.807Z,dry,ETH-USD,7,cancel,buy,2728.5,0.0091,quote-bid,best moved 2728.5 -> 2728.8,22aaafbc1a2dea345c43bd9aecad7a42
2026-09-22T04:59:33.900Z,dry,ETH-USD,7,cancel,sell,2729,0.0091,quote-ask,best moved 2729 -> 2728.9,f3aeda6cb03fa49b7188a2bc2e002ea9
2026-09-22T04:59:33.994Z,dry,ETH-USD,7,place,buy,2728.8,0.0091,quote-bid,rejoin best,578901c3a17186a003e8d6f9262950a5
2026-09-22T04:59:34.089Z,dry,ETH-USD,7,place,sell,2728.9,0.0091,quote-ask,rejoin best,c4d8ee273d3fb713f535da480e879598
2026-09-22T04:59:35.226Z,dry,ETH-USD,7,place,sell,2729,0.0091,quote-ask,join best,cf4da03a39d41e50ca6a2c1ede59b8b1
2026-09-22T04:59:35.628Z,dry,ETH-USD,7,cancel,buy,2728.8,0.0091,quote-bid,best moved 2728.8 -> 2728.9,578901c3a17186a003e8d6f9262950a5
2026-09-22T04:59:35.711Z,dry,ETH-USD,7,place,buy,2728.9,0.0091,quote-bid,rejoin best,bf6d4c560f10bade093d40e36291e885
2026-09-22T04:59:42.333Z,dry,BTC-USD,6,cancel,buy,85404,0.00029,quote-bid,flatten owns instrument,18cf8740130d7c3b60ea8b5c2984d645
2026-09-22T04:59:42.425Z,dry,BTC-USD,6,cancel,sell,85405,0.00029,quote-ask,flatten owns instrument,e0109a9cc29a294ce02b4d6d747e29b7
2026-09-22T04:59:42.520Z,dry,BTC-USD,6,place,sell,85405,0.00058,flatten-post,passive exit,a244002559bc6bf131ad6f607662989d
2026-09-22T04:59:43.141Z,dry,ETH-USD,7,place,buy,2728.8,0.0091,quote-bid,join best,42ea19bbf820d23294b6d0b2b3511f6a
2026-09-22T04:59:43.548Z,dry,ETH-USD,7,cancel,sell,2729,0.0091,quote-ask,best moved 2729 -> 2728.9,cf4da03a39d41e50ca6a2c1ede59b8b1
2026-09-22T04:59:43.642Z,dry,ETH-USD,7,place,sell,2728.9,0.0091,quote-ask,rejoin best,2440f7153a0c00b662132244912bfae4
2026-09-22T04:59:47.402Z,dry,ETH-USD,7,place,buy,2728.6,0.0091,quote-bid,join best,ac11027b569eaebde82693274c3f0637
2026-09-22T04:59:47.805Z,dry,ETH-USD,7,cancel,sell,2728.9,0.0091,quote-ask,best moved 2728.9 -> 2728.7,2440f7153a0c00b662132244912bfae4
2026-09-22T04:59:47.899Z,dry,ETH-USD,7,place,sell,2728.7,0.0091,quote-ask,rejoin best,58764e0537c3251f050b887430ebf591
2026-09-22T04:59:49.021Z,dry,ETH-USD,7,place,buy,2728.4,0.0091,quote-bid,join best,4ae2e901ec2bbf93351fe8d5c30c3ce0
2026-09-22T04:59:49.423Z,dry,ETH-USD,7,cancel,sell,2728.7,0.0091,quote-ask,best moved 2728.7 -> 2728.5,58764e0537c3251f050b887430ebf591
2026-09-22T04:59:49.520Z,dry,ETH-USD,7,place,sell,2728.5,0.0091,quote-ask,rejoin best,2cf5420a194fad8781880a1cfd5a20f5
2026-09-22T04:59:51.253Z,dry,ETH-USD,7,cancel,sell,2728.5,0.0091,quote-ask,best moved 2728.5 -> 2728.7,2cf5420a194fad8781880a1cfd5a20f5
2026-09-22T04:59:51.349Z,dry,ETH-USD,7,place,sell,2728.7,0.0091,quote-ask,rejoin best,0b154073d532c43755ec0fdfd828ccd2
2026-09-22T04:59:53.489Z,dry,ETH-USD,7,cancel,sell,2728.7,0.0091,quote-ask,best moved 2728.7 -> 2728.6,0b154073d532c43755ec0fdfd828ccd2
2026-09-22T04:59:53.582Z,dry,ETH-USD,7,place,sell,2728.6,0.0091,quote-ask,rejoin best,98df4feb43d0ec305049e8f1e5df838a
2026-09-22T04:59:56.730Z,dry,ETH-USD,7,place,sell,2729.6,0.0091,quote-ask,join best,a878a416618e0c46e43f84f3757534ad
2026-09-22T04:59:57.335Z,dry,BTC-USD,6,cancel,sell,85405,0.00058,flatten-post,flatten escalating to taker,a244002559bc6bf131ad6f607662989d
2026-09-22T04:59:57.417Z,dry,ETH-USD,7,cancel,sell,2729.6,0.0091,quote-ask,best moved 2729.6 -> 2729.3,a878a416618e0c46e43f84f3757534ad
2026-09-22T04:59:57.511Z,dry,ETH-USD,7,place,sell,2729.3,0.0091,quote-ask,rejoin best,cb4af1eedbded06763fcd3178a1b09be
2026-09-22T04:59:57.747Z,dry,ETH-USD,7,place,sell,2729.9,0.0091,quote-ask,join best,6a8a033e8721c3b032e284966cd0f7cd
2026-09-22T04:59:58.352Z,dry,BTC-USD,6,place,sell,85387,0.00058,flatten-ioc,taker exit (passive window elapsed),6d7ff05fc70087824688f07a639821c7
2026-09-22T04:59:58.446Z,dry,ETH-USD,7,cancel,buy,2728.4,0.0091,quote-bid,best moved 2728.4 -> 2729.5,4ae2e901ec2bbf93351fe8d5c30c3ce0
2026-09-22T04:59:58.541Z,dry,ETH-USD,7,place,buy,2729.5,0.0091,quote-bid,rejoin best,b65c28f1e919192eab1ad15189f8c62c
2026-09-22T04:59:58.759Z,dry,BTC-USD,6,place,buy,85429,0.00029,quote-bid,join best,ecaf2ed46b2d82e3af561ba490f73e96
2026-09-22T04:59:58.852Z,dry,BTC-USD,6,place,sell,85441,0.00029,quote-ask,join best,9e47df0549de4a26d30095f2b05a2eb3
2026-09-22T04:59:58.946Z,dry,ETH-USD,7,cancel,sell,2729.9,0.0091,quote-ask,best moved 2729.9 -> 2729.6,6a8a033e8721c3b032e284966cd0f7cd
2026-09-22T04:59:59.042Z,dry,ETH-USD,7,place,sell,2729.6,0.0091,quote-ask,rejoin best,98e6ba22c9f30ff1f91449cb44833de6
2026-09-22T04:59:59.366Z,dry,ETH-USD,7,place,sell,2729.9,0.0091,quote-ask,join best,5c04d29c1e05c9a2a8ae01c2de9595e2
2026-09-22T04:59:59.769Z,dry,ETH-USD,7,cancel,buy,2729.5,0.0091,quote-bid,best moved 2729.5 -> 2729.7,b65c28f1e919192eab1ad15189f8c62c
2026-09-22T04:59:59.863Z,dry,ETH-USD,7,place,buy,2729.7,0.0091,quote-bid,rejoin best,f027c80477acbbb1f00888c2549cc795
2026-09-22T05:00:00.175Z,dry,ETH-USD,7,cancel,sell,2729.9,0.0091,quote-ask,best moved 2729.9 -> 2729.8,5c04d29c1e05c9a2a8ae01c2de9595e2
2026-09-22T05:00:00.270Z,dry,ETH-USD,7,place,sell,2729.8,0.0091,quote-ask,rejoin best,991c2cad74275f09cd4c3c7a98e25e8d
2026-09-22T05:00:01.402Z,dry,BTC-USD,6,cancel,buy,85429,0.00029,quote-bid,best moved 85429 -> 85438,ecaf2ed46b2d82e3af561ba490f73e96
2026-09-22T05:00:01.496Z,dry,BTC-USD,6,place,buy,85438,0.00029,quote-bid,rejoin best,4fb7f456efc5db58745e36d2c171d280
2026-09-22T05:00:01.605Z,dry,BTC-USD,6,place,sell,85450,0.00029,quote-ask,join best,52155a2965a82a1457edae5a4d6d70ac
2026-09-22T05:00:02.009Z,dry,BTC-USD,6,cancel,buy,85438,0.00029,quote-bid,best moved 85438 -> 85447,4fb7f456efc5db58745e36d2c171d280
2026-09-22T05:00:02.101Z,dry,BTC-USD,6,place,buy,85447,0.00029,quote-bid,rejoin best,ae33e11094fc71a25592ded4cbf3e139
2026-09-22T05:00:02.212Z,dry,ETH-USD,7,cancel,buy,2729.7,0.0091,quote-bid,best moved 2729.7 -> 2730.1,f027c80477acbbb1f00888c2549cc795
2026-09-22T05:00:02.307Z,dry,ETH-USD,7,place,buy,2730.1,0.0091,quote-bid,rejoin best,9863458c27bd71484dd5e82b3705be4a
2026-09-22T05:00:02.616Z,dry,BTC-USD,6,place,buy,85438,0.00029,quote-bid,join best,cb9a3649fa91e8c1fe5c83e6891d9569
2026-09-22T05:00:03.023Z,dry,ETH-USD,7,place,buy,2729.7,0.0091,quote-bid,join best,9dfa944022eac0021b6162376a9ce19e
2026-09-22T05:00:03.115Z,dry,ETH-USD,7,place,sell,2730,0.0091,quote-ask,join best,0294330714d39f87bbe4de283df393fd
2026-09-22T05:00:03.223Z,dry,BTC-USD,6,cancel,sell,85450,0.00029,quote-ask,best moved 85450 -> 85448,52155a2965a82a1457edae5a4d6d70ac
2026-09-22T05:00:03.318Z,dry,BTC-USD,6,place,sell,85448,0.00029,quote-ask,rejoin best,d22bf421c7ea1f1a1b5e29b512415ae3
2026-09-22T05:00:03.408Z,dry,ETH-USD,7,cancel,buy,2729.7,0.0091,quote-bid,best moved 2729.7 -> 2729.6,9dfa944022eac0021b6162376a9ce19e
2026-09-22T05:00:03.498Z,dry,ETH-USD,7,place,buy,2729.6,0.0091,quote-bid,rejoin best,e78bb6eddd88237e6c4fd122ff4bbe9a
2026-09-22T05:00:03.627Z,dry,BTC-USD,6,place,buy,85423,0.00029,quote-bid,join best,1af08f1af2b2597163e9c786aceaf38e
2026-09-22T05:00:03.720Z,dry,ETH-USD,7,cancel,buy,2729.6,0.0091,quote-bid,best moved 2729.6 -> 2729.7,e78bb6eddd88237e6c4fd122ff4bbe9a
2026-09-22T05:00:03.814Z,dry,ETH-USD,7,cancel,sell,2730,0.0091,quote-ask,best moved 2730 -> 2729.8,0294330714d39f87bbe4de283df393fd
2026-09-22T05:00:03.908Z,dry,ETH-USD,7,place,buy,2729.7,0.0091,quote-bid,rejoin best,5da7abdd532a2a1fd37147c7321e6f7b
2026-09-22T05:00:04.002Z,dry,ETH-USD,7,place,sell,2729.8,0.0091,quote-ask,rejoin best,f783956fd7dc1b01031304207ba0c5c2
2026-09-22T05:00:04.640Z,dry,BTC-USD,6,cancel,sell,85448,0.00029,quote-ask,best moved 85448 -> 85433,d22bf421c7ea1f1a1b5e29b512415ae3
2026-09-22T05:00:04.730Z,dry,BTC-USD,6,place,sell,85433,0.00029,quote-ask,rejoin best,95115793ffe00051a7a7f083720b3234
2026-09-22T05:00:05.655Z,dry,BTC-USD,6,cancel,sell,85433,0.00029,quote-ask,best moved 85433 -> 85432,95115793ffe00051a7a7f083720b3234
2026-09-22T05:00:05.752Z,dry,BTC-USD,6,place,sell,85432,0.00029,quote-ask,rejoin best,120ff558d4aa05d4f0884a1b4f66c633
2026-09-22T05:00:06.262Z,dry,BTC-USD,6,cancel,sell,85432,0.00029,quote-ask,best moved 85432 -> 85424,120ff558d4aa05d4f0884a1b4f66c633
2026-09-22T05:00:06.358Z,dry,BTC-USD,6,place,sell,85424,0.00029,quote-ask,rejoin best,fefe67c75aeb9d351a791fddfb323bc1
2026-09-22T05:00:09.716Z,dry,ETH-USD,7,place,buy,2729.6,0.0091,quote-bid,join best,b1404bc79e6cce5d4d815f5478aeef69
2026-09-22T05:00:09.810Z,dry,ETH-USD,7,place,sell,2729.7,0.0091,quote-ask,join best,117ac6bae5e299ae9cbe2034dc871421
2026-09-22T05:00:10.325Z,dry,BTC-USD,6,place,buy,85413,0.00029,quote-bid,join best,4fd4e77ae9f5ad329026aad266f296df
2026-09-22T05:00:10.414Z,dry,ETH-USD,7,place,buy,2729.8,0.0091,quote-bid,join best,e0a7dc853d1b04a5bc30776c0f6eee3e
2026-09-22T05:00:10.505Z,dry,ETH-USD,7,place,sell,2729.9,0.0091,quote-ask,join best,458698f204a689a022e727a1f98117e1
2026-09-22T05:00:10.587Z,dry,ETH-USD,7,reject,sell,2729.9,0.0091,quote-ask,post only order would cross,458698f204a689a022e727a1f98117e1
2026-09-22T05:00:10.729Z,dry,ETH-USD,7,place,sell,2730.1,0.0091,quote-ask,join best,01ac96f0bd59208efaadcf8a827ab1db
2026-09-22T05:00:11.136Z,dry,BTC-USD,6,cancel,buy,85413,0.00029,quote-bid,best moved 85413 -> 85421,4fd4e77ae9f5ad329026aad266f296df
2026-09-22T05:00:11.229Z,dry,BTC-USD,6,cancel,sell,85424,0.00029,quote-ask,best moved 85424 -> 85422,fefe67c75aeb9d351a791fddfb323bc1
2026-09-22T05:00:11.324Z,dry,BTC-USD,6,place,buy,85421,0.00029,quote-bid,rejoin best,a6fb247b1ee2b16f631f6e7ff3f2565b
2026-09-22T05:00:11.420Z,dry,BTC-USD,6,place,sell,85422,0.00029,quote-ask,rejoin best,8ca50b05ae955bff6dffa98ab1ce5ba4
2026-09-22T05:00:11.509Z,dry,ETH-USD,7,cancel,sell,2730.1,0.0091,quote-ask,best moved 2730.1 -> 2729.8,01ac96f0bd59208efaadcf8a827ab1db
2026-09-22T05:00:11.605Z,dry,ETH-USD,7,place,buy,2729.6,0.0091,quote-bid,join best,cdf0b96aee3f333a633176b4880ae46f
2026-09-22T05:00:11.697Z,dry,ETH-USD,7,place,sell,2729.8,0.0091,quote-ask,rejoin best,5c1dd5eb83e99551cae536c86e8bf7dd
2026-09-22T05:00:12.351Z,dry,ETH-USD,7,cancel,sell,2729.8,0.0091,quote-ask,best moved 2729.8 -> 2729.7,5c1dd5eb83e99551cae536c86e8bf7dd
2026-09-22T05:00:12.448Z,dry,ETH-USD,7,place,sell,2729.7,0.0091,quote-ask,rejoin best,94e7b427b691d0c3cfb4a5898d98728a
2026-09-22T05:00:13.174Z,dry,ETH-USD,7,place,buy,2729.5,0.0091,quote-bid,join best,34fd6b43fce5340bfea32f0b5f4fe354
2026-09-22T05:00:13.582Z,dry,BTC-USD,6,cancel,sell,85422,0.00029,quote-ask,best moved 85422 -> 85421,8ca50b05ae955bff6dffa98ab1ce5ba4
2026-09-22T05:00:13.679Z,dry,BTC-USD,6,place,sell,85421,0.00029,quote-ask,rejoin best,a04e58e2930bcd94dff102a7977e22f0
2026-09-22T05:00:13.771Z,dry,ETH-USD,7,cancel,sell,2729.7,0.0091,quote-ask,best moved 2729.7 -> 2729.6,94e7b427b691d0c3cfb4a5898d98728a
2026-09-22T05:00:13.863Z,dry,ETH-USD,7,place,sell,2729.6,0.0091,quote-ask,rejoin best,afa65531f1f2d4c4114e2a46b5ddd0b9
2026-09-22T05:00:13.993Z,dry,ETH-USD,7,place,buy,2729,0.0091,quote-bid,join best,3afd73112e9b383672f1cad694c45079
2026-09-22T05:00:14.402Z,dry,BTC-USD,6,cancel,sell,85421,0.00029,quote-ask,best moved 85421 -> 85414,a04e58e2930bcd94dff102a7977e22f0
2026-09-22T05:00:14.498Z,dry,BTC-USD,6,place,sell,85414,0.00029,quote-ask,rejoin best,65ecbded0e2268898c4300eabc41a721
2026-09-22T05:00:14.591Z,dry,ETH-USD,7,cancel,sell,2729.6,0.0091,quote-ask,best moved 2729.6 -> 2729.1,afa65531f1f2d4c4114e2a46b5ddd0b9
2026-09-22T05:00:14.686Z,dry,ETH-USD,7,place,sell,2729.1,0.0091,quote-ask,rejoin best,e24febf044db1f8ba56e4fc0d4dfabc3
2026-09-22T05:00:15.015Z,dry,ETH-USD,7,place,sell,2729.2,0.0091,quote-ask,join best,78ddff01c9fc0c7873df64d6a0ef797c
2026-09-22T05:00:15.827Z,dry,ETH-USD,7,cancel,sell,2729.2,0.0091,quote-ask,best moved 2729.2 -> 2729.1,78ddff01c9fc0c7873df64d6a0ef797c
2026-09-22T05:00:15.927Z,dry,ETH-USD,7,place,sell,2729.1,0.0091,quote-ask,rejoin best,9722d04ddd4ba9f4c69a462959542941
2026-09-22T05:00:17.470Z,dry,ETH-USD,7,place,buy,2728.9,0.0091,quote-bid,join best,2ac8ab7872a8c5c9de7ada002b4f3c5a
2026-09-22T05:00:17.672Z,dry,BTC-USD,6,cancel,sell,85414,0.00029,quote-ask,best moved 85414 -> 85406,65ecbded0e2268898c4300eabc41a721
2026-09-22T05:00:17.782Z,dry,BTC-USD,6,place,sell,85406,0.00029,quote-ask,rejoin best,c23475821caff9323fe28af05f577ffa
2026-09-22T05:00:17.876Z,dry,ETH-USD,7,cancel,sell,2729.1,0.0091,quote-ask,best moved 2729.1 -> 2729,9722d04ddd4ba9f4c69a462959542941
2026-09-22T05:00:17.973Z,dry,ETH-USD,7,place,sell,2729,0.0091,quote-ask,rejoin best,b10007410bb50fbbfd1ec8813df5e045
2026-09-22T05:00:19.509Z,dry,ETH-USD,7,place,sell,2729.1,0.0091,quote-ask,join best,8b161cab7e78181f11bb00d9e598bacc
2026-09-22T05:00:19.910Z,dry,ETH-USD,7,cancel,buy,2728.9,0.0091,quote-bid,best moved 2728.9 -> 2729,2ac8ab7872a8c5c9de7ada002b4f3c5a
2026-09-22T05:00:20.005Z,dry,ETH-USD,7,place,buy,2729,0.0091,quote-bid,rejoin best,bee9567407739ad89b262f093f478137
2026-09-22T05:00:21.528Z,dry,ETH-USD,7,cancel,buy,2729,0.0091,quote-bid,best moved 2729 -> 2728.8,bee9567407739ad89b262f093f478137
2026-09-22T05:00:21.612Z,dry,ETH-USD,7,place,buy,2728.8,0.0091,quote-bid,rejoin best,53010bc726c15bbab505101cfbc3be56
2026-09-22T05:00:22.347Z,dry,ETH-USD,7,place,buy,2728,0.0091,quote-bid,join best,5e9c9aabbfadbd52f1caaa2b142a65c1
2026-09-22T05:00:23.157Z,dry,BTC-USD,6,cancel,sell,85406,0.00029,quote-ask,best moved 85406 -> 85394,c23475821caff9323fe28af05f577ffa
2026-09-22T05:00:23.255Z,dry,BTC-USD,6,place,sell,85394,0.00029,quote-ask,rejoin best,c560e8a09e4edd3884cea4a098dd7e94
2026-09-22T05:00:23.358Z,dry,ETH-USD,7,cancel,buy,2728,0.0091,quote-bid,best moved 2728 -> 2728.2,5e9c9aabbfadbd52f1caaa2b142a65c1
2026-09-22T05:00:23.456Z,dry,ETH-USD,7,place,buy,2728.2,0.0091,quote-bid,rejoin best,017e33e50f14f8b4a2d45af7b65a5cfd
2026-09-22T05:00:23.546Z,dry,ETH-USD,7,reject,buy,2728.2,0.0091,quote-bid,post only order would cross,017e33e50f14f8b4a2d45af7b65a5cfd
2026-09-22T05:00:23.563Z,dry,ETH-USD,7,place,buy,2727.2,0.0091,quote-bid,join best,628bf2e6ee624d21cd3d5175c91f6e5f
2026-09-22T05:00:24.175Z,dry,ETH-USD,7,cancel,buy,2727.2,0.0091,quote-bid,best moved 2727.2 -> 2727.6,628bf2e6ee624d21cd3d5175c91f6e5f
2026-09-22T05:00:24.273Z,dry,ETH-USD,7,place,buy,2727.6,0.0091,quote-bid,rejoin best,d8af1cfa0fbcfad27921f75469f6599a
2026-09-22T05:00:24.379Z,dry,ETH-USD,7,cancel,sell,2729.1,0.0091,quote-ask,best moved 2729.1 -> 2727.7,8b161cab7e78181f11bb00d9e598bacc
2026-09-22T05:00:24.470Z,dry,ETH-USD,7,place,sell,2727.7,0.0091,quote-ask,rejoin best,5df805895507bcb9d9c6444deffca0f6
2026-09-22T05:00:24.580Z,dry,ETH-USD,7,place,buy,2727.4,0.0091,quote-bid,join best,14e49853c79a81219b50d6bb357145d1
2026-09-22T05:00:24.988Z,dry,ETH-USD,7,cancel,sell,2727.7,0.0091,quote-ask,best moved 2727.7 -> 2727.5,5df805895507bcb9d9c6444deffca0f6
2026-09-22T05:00:25.083Z,dry,ETH-USD,7,place,sell,2727.5,0.0091,quote-ask,rejoin best,2c55bc8622f6d094724590c958c4fac3
2026-09-22T05:00:32.314Z,dry,ETH-USD,7,place,sell,2728,0.0091,quote-ask,join best,d0212958c1b2d5b39241f88d0594c7fc
2026-09-22T05:00:32.716Z,dry,ETH-USD,7,cancel,buy,2727.4,0.0091,quote-bid,best moved 2727.4 -> 2727.6,14e49853c79a81219b50d6bb357145d1
2026-09-22T05:00:32.811Z,dry,ETH-USD,7,place,buy,2727.6,0.0091,quote-bid,rejoin best,1bfd356212aca8d550a39f43c07e98a7
2026-09-22T05:00:32.918Z,dry,ETH-USD,7,cancel,sell,2728,0.0091,quote-ask,best moved 2728 -> 2727.7,d0212958c1b2d5b39241f88d0594c7fc
2026-09-22T05:00:33.013Z,dry,ETH-USD,7,place,sell,2727.7,0.0091,quote-ask,rejoin best,97658d64fe7c61384806a4e981414ac2
2026-09-22T05:00:33.928Z,dry,ETH-USD,7,place,buy,2727.4,0.0091,quote-bid,join best,5a6ddff8642a07c5cca8334d00c82927
2026-09-22T05:00:34.536Z,dry,ETH-USD,7,cancel,sell,2727.7,0.0091,quote-ask,best moved 2727.7 -> 2727.6,97658d64fe7c61384806a4e981414ac2
2026-09-22T05:00:34.632Z,dry,ETH-USD,7,place,sell,2727.6,0.0091,quote-ask,rejoin best,1a4a168af3ab5365dcc0122e45c402dd
2026-09-22T05:00:34.738Z,dry,ETH-USD,7,cancel,buy,2727.4,0.0091,quote-bid,best moved 2727.4 -> 2727.5,5a6ddff8642a07c5cca8334d00c82927
2026-09-22T05:00:34.829Z,dry,ETH-USD,7,place,buy,2727.5,0.0091,quote-bid,rejoin best,dd5ad1565253325a8b679ebe40cb48e6
2026-09-22T05:00:36.361Z,dry,ETH-USD,7,place,sell,2728.4,0.0091,quote-ask,join best,7f6c1ffb1ee520cef90afc0c2851e138
2026-09-22T05:00:37.579Z,dry,ETH-USD,7,cancel,buy,2727.5,0.0091,quote-bid,best moved 2727.5 -> 2727.7,dd5ad1565253325a8b679ebe40cb48e6
2026-09-22T05:00:37.673Z,dry,ETH-USD,7,cancel,sell,2728.4,0.0091,quote-ask,best moved 2728.4 -> 2727.8,7f6c1ffb1ee520cef90afc0c2851e138
2026-09-22T05:00:37.768Z,dry,ETH-USD,7,place,buy,2727.7,0.0091,quote-bid,rejoin best,034ac288476ede17d795d18a70f398cf
2026-09-22T05:00:37.861Z,dry,ETH-USD,7,place,sell,2727.8,0.0091,quote-ask,rejoin best,c52261bc4ad59c1e4261bb6f3cac45b8
2026-09-22T05:00:38.595Z,dry,ETH-USD,7,place,buy,2727.5,0.0091,quote-bid,join best,a05292abf93de65c2165a243c0b16832
2026-09-22T05:00:38.997Z,dry,ETH-USD,7,cancel,sell,2727.8,0.0091,quote-ask,best moved 2727.8 -> 2727.6,c52261bc4ad59c1e4261bb6f3cac45b8
2026-09-22T05:00:39.093Z,dry,ETH-USD,7,place,sell,2727.6,0.0091,quote-ask,rejoin best,0f58411f2c3ed30943226489ded9a0b1
2026-09-22T05:00:50.540Z,dry,ETH-USD,7,place,sell,2727.9,0.0091,quote-ask,join best,f618a17582c338d08c0a70bdf8cf4ae2
2026-09-22T05:00:50.943Z,dry,ETH-USD,7,cancel,buy,2727.5,0.0091,quote-bid,best moved 2727.5 -> 2727.8,a05292abf93de65c2165a243c0b16832
2026-09-22T05:00:51.040Z,dry,ETH-USD,7,place,buy,2727.8,0.0091,quote-bid,rejoin best,8a3fad143979039b96e05beefe7d0d54
2026-09-22T05:00:56.645Z,dry,ETH-USD,7,place,buy,2727.7,0.0091,quote-bid,join best,c90fef60df938ff2bb05500e53f956b7
2026-09-22T05:00:57.054Z,dry,ETH-USD,7,cancel,sell,2727.9,0.0091,quote-ask,best moved 2727.9 -> 2727.8,f618a17582c338d08c0a70bdf8cf4ae2
2026-09-22T05:00:57.143Z,dry,ETH-USD,7,place,sell,2727.8,0.0091,quote-ask,rejoin best,7dfb4a30c830536043a843bffc871469
2026-09-22T05:00:59.296Z,dry,ETH-USD,7,place,sell,2728.7,0.0091,quote-ask,join best,ed1314d20bded58d9c4107b8edb68545
2026-09-22T05:00:59.700Z,dry,BTC-USD,6,cancel,sell,85394,0.00029,quote-ask,best moved 85394 -> 85399,c560e8a09e4edd3884cea4a098dd7e94
2026-09-22T05:00:59.794Z,dry,BTC-USD,6,place,sell,85399,0.00029,quote-ask,rejoin best,66c2cf7c5b273ab891fbed6df0b248d2
2026-09-22T05:00:59.887Z,dry,ETH-USD,7,cancel,buy,2727.7,0.0091,quote-bid,best moved 2727.7 -> 2728.2,c90fef60df938ff2bb05500e53f956b7
2026-09-22T05:00:59.980Z,dry,ETH-USD,7,cancel,sell,2728.7,0.0091,quote-ask,best moved 2728.7 -> 2728.3,ed1314d20bded58d9c4107b8edb68545
2026-09-22T05:01:00.075Z,dry,ETH-USD,7,place,buy,2728.2,0.0091,quote-bid,rejoin best,94c2482ac052ec200e50094fb4c5aa0e
2026-09-22T05:01:00.170Z,dry,ETH-USD,7,place,sell,2728.3,0.0091,quote-ask,rejoin best,8b5ca1b983c99b31ba90f7be16c87aab
2026-09-22T05:01:00.311Z,dry,BTC-USD,6,place,buy,85398,0.00029,quote-bid,join best,b97aae1e0c793c0a4ca5b0aa90e13953
2026-09-22T05:01:00.718Z,dry,ETH-USD,7,place,sell,2728.4,0.0091,quote-ask,join best,a4777532d98e9b7065ca0bad48f01a60
2026-09-22T05:01:01.123Z,dry,ETH-USD,7,cancel,buy,2728.2,0.0091,quote-bid,best moved 2728.2 -> 2728.3,94c2482ac052ec200e50094fb4c5aa0e
2026-09-22T05:01:01.218Z,dry,ETH-USD,7,place,buy,2728.3,0.0091,quote-bid,rejoin best,f8448b30dd9fe1a733586eea6fb9919c
2026-09-22T05:01:01.735Z,dry,ETH-USD,7,place,sell,2728.5,0.0091,quote-ask,join best,3e0d48e3fbdf2324bf68f008bab4a29d
2026-09-22T05:01:02.137Z,dry,ETH-USD,7,cancel,buy,2728.3,0.0091,quote-bid,best moved 2728.3 -> 2728.4,f8448b30dd9fe1a733586eea6fb9919c
2026-09-22T05:01:02.232Z,dry,ETH-USD,7,place,buy,2728.4,0.0091,quote-bid,rejoin best,7dba33941c2d29c2891f735e0650211e
2026-09-22T05:01:03.558Z,dry,BTC-USD,6,cancel,buy,85398,0.00029,quote-bid,flatten owns instrument,b97aae1e0c793c0a4ca5b0aa90e13953
2026-09-22T05:01:03.651Z,dry,BTC-USD,6,cancel,sell,85399,0.00029,quote-ask,flatten owns instrument,66c2cf7c5b273ab891fbed6df0b248d2
2026-09-22T05:01:03.746Z,dry,BTC-USD,6,place,sell,85399,0.00058,flatten-post,passive exit,1401b0ac2f1d9e99a0c0a3777c1648f4
2026-09-22T05:01:03.841Z,dry,ETH-USD,7,place,buy,2728.1,0.0091,quote-bid,join best,341955e707cd9ecaf3c0cddd1a68c7c8
2026-09-22T05:01:03.964Z,dry,ETH-USD,7,cancel,sell,2728.5,0.0091,quote-ask,best moved 2728.5 -> 2728.2,3e0d48e3fbdf2324bf68f008bab4a29d
2026-09-22T05:01:04.061Z,dry,ETH-USD,7,place,sell,2728.2,0.0091,quote-ask,rejoin best,5447e367395cab3e51121b6510eca32d
2026-09-22T05:01:05.184Z,dry,ETH-USD,7,place,buy,2727.8,0.0091,quote-bid,join best,63e670cfe60d59fd10042056c1fad1fc
2026-09-22T05:01:05.791Z,dry,ETH-USD,7,cancel,buy,2727.8,0.0091,quote-bid,best moved 2727.8 -> 2727.9,63e670cfe60d59fd10042056c1fad1fc
2026-09-22T05:01:05.885Z,dry,ETH-USD,7,cancel,sell,2728.2,0.0091,quote-ask,best moved 2728.2 -> 2728,5447e367395cab3e51121b6510eca32d
2026-09-22T05:01:05.980Z,dry,ETH-USD,7,place,buy,2727.9,0.0091,quote-bid,rejoin best,6a0c9d738462ae0c608102b7e0e57c46
2026-09-22T05:01:06.073Z,dry,ETH-USD,7,place,sell,2728,0.0091,quote-ask,rejoin best,95a03174057e85f99fb8b9d33e94b0eb
2026-09-22T05:01:06.604Z,dry,ETH-USD,7,place,buy,2727.7,0.0091,quote-bid,join best,cbbde75c1db8e0157a7b0f3a333da9cb
2026-09-22T05:01:07.008Z,dry,ETH-USD,7,cancel,sell,2728,0.0091,quote-ask,best moved 2728 -> 2727.8,95a03174057e85f99fb8b9d33e94b0eb
2026-09-22T05:01:07.104Z,dry,ETH-USD,7,place,sell,2727.8,0.0091,quote-ask,rejoin best,92700c5c7780eb4665f56294fcbbf3df
2026-09-22T05:01:07.197Z,dry,ETH-USD,7,reject,sell,2727.8,0.0091,quote-ask,post only order would cross,92700c5c7780eb4665f56294fcbbf3df
2026-09-22T05:01:07.214Z,dry,ETH-USD,7,place,sell,2727.9,0.0091,quote-ask,join best,4b8b207c6d1dc9ee098833c16030e2f9
2026-09-22T05:01:07.620Z,dry,ETH-USD,7,place,sell,2728,0.0091,quote-ask,join best,efcf04c65902127a7c0fba7e68a33c86
2026-09-22T05:01:08.027Z,dry,ETH-USD,7,cancel,buy,2727.7,0.0091,quote-bid,best moved 2727.7 -> 2727.9,cbbde75c1db8e0157a7b0f3a333da9cb
2026-09-22T05:01:08.124Z,dry,ETH-USD,7,place,buy,2727.9,0.0091,quote-bid,rejoin best,f65f76cf2f661ece27fb2df025b99617
2026-09-22T05:01:08.639Z,dry,ETH-USD,7,place,buy,2727.6,0.0091,quote-bid,join best,42e5b4bcbaea4c4dfaddfb3aa0220ed1
2026-09-22T05:01:09.044Z,dry,ETH-USD,7,cancel,sell,2728,0.0091,quote-ask,best moved 2728 -> 2727.7,efcf04c65902127a7c0fba7e68a33c86
2026-09-22T05:01:09.138Z,dry,ETH-USD,7,place,sell,2727.7,0.0091,quote-ask,rejoin best,7735586ed99cf82353f10a1dbd419e01
2026-09-22T05:01:10.480Z,dry,ETH-USD,7,cancel,sell,2727.7,0.0091,quote-ask,best moved 2727.7 -> 2727.6,7735586ed99cf82353f10a1dbd419e01
2026-09-22T05:01:10.576Z,dry,ETH-USD,7,place,sell,2727.6,0.0091,quote-ask,rejoin best,55117acc5c8c097fcb61745a5e7de900
2026-09-22T05:01:12.104Z,dry,ETH-USD,7,cancel,sell,2727.6,0.0091,quote-ask,best moved 2727.6 -> 2727.5,55117acc5c8c097fcb61745a5e7de900
2026-09-22T05:01:12.200Z,dry,ETH-USD,7,place,sell,2727.5,0.0091,quote-ask,rejoin best,d17b64c0e1120c5a7002c4c30e7fe758
2026-09-22T05:01:15.375Z,dry,ETH-USD,7,cancel,sell,2727.5,0.0091,quote-ask,best moved 2727.5 -> 2727.2,d17b64c0e1120c5a7002c4c30e7fe758
2026-09-22T05:01:15.472Z,dry,ETH-USD,7,place,sell,2727.2,0.0091,quote-ask,rejoin best,8ffbb4def84e98bd0850ea834740b76a
2026-09-22T05:01:16.997Z,dry,ETH-USD,7,place,buy,2727.2,0.0091,quote-bid,join best,973aa7b9b17bd0afb869dbaa53f02788
2026-09-22T05:01:17.087Z,dry,ETH-USD,7,place,sell,2727.3,0.0091,quote-ask,join best,26c533995894d1af31f9e827c9b8eed5
2026-09-22T05:01:18.424Z,dry,ETH-USD,7,place,sell,2727.4,0.0091,quote-ask,join best,05e0497c70fd7238cd3d1d8305791c66
2026-09-22T05:01:18.625Z,dry,BTC-USD,6,cancel,sell,85399,0.00058,flatten-post,flatten escalating to taker,1401b0ac2f1d9e99a0c0a3777c1648f4
2026-09-22T05:01:18.827Z,dry,ETH-USD,7,cancel,buy,2727.2,0.0091,quote-bid,best moved 2727.2 -> 2727.3,973aa7b9b17bd0afb869dbaa53f02788
2026-09-22T05:01:18.922Z,dry,ETH-USD,7,place,buy,2727.3,0.0091,quote-bid,rejoin best,66ef9c3a29ad09d1b2b172887d57f792
2026-09-22T05:01:19.638Z,dry,BTC-USD,6,place,sell,85356,0.00058,flatten-ioc,taker exit (passive window elapsed),0575a176634201b4328a88b48033c775
2026-09-22T05:01:19.736Z,dry,ETH-USD,7,cancel,buy,2727.3,0.0091,quote-bid,best moved 2727.3 -> 2727.4,66ef9c3a29ad09d1b2b172887d57f792
2026-09-22T05:01:19.841Z,dry,ETH-USD,7,place,buy,2727.4,0.0091,quote-bid,rejoin best,e6dad4ca48ff00a84b14845f1aae53e6
2026-09-22T05:01:19.935Z,dry,ETH-USD,7,place,sell,2727.5,0.0091,quote-ask,join best,b880f6a95bc40598c1dc74fb09271316
2026-09-22T05:01:20.061Z,dry,BTC-USD,6,place,buy,85398,0.00029,quote-bid,join best,5cddb1fbaad0dbf71859fade596a729c
2026-09-22T05:01:20.155Z,dry,BTC-USD,6,place,sell,85399,0.00029,quote-ask,join best,792158c0ef9ce14c8f7ba4c9555bba08
2026-09-22T05:01:20.672Z,dry,ETH-USD,7,place,sell,2727.6,0.0091,quote-ask,join best,a62793635d2d7cce4ff2e683ff622fe8
2026-09-22T05:01:21.075Z,dry,ETH-USD,7,cancel,buy,2727.4,0.0091,quote-bid,best moved 2727.4 -> 2727.5,e6dad4ca48ff00a84b14845f1aae53e6
2026-09-22T05:01:21.170Z,dry,ETH-USD,7,place,buy,2727.5,0.0091,quote-bid,rejoin best,933b2db4464977bc3161229cdc5c5df2
2026-09-22T05:01:22.097Z,dry,ETH-USD,7,place,sell,2727.9,0.0091,quote-ask,join best,4ee2c3b930714f572de01b40a5b69ae3
2026-09-22T05:01:22.502Z,dry,ETH-USD,7,cancel,buy,2727.5,0.0091,quote-bid,best moved 2727.5 -> 2727.7,933b2db4464977bc3161229cdc5c5df2
2026-09-22T05:01:22.597Z,dry,ETH-USD,7,place,buy,2727.7,0.0091,quote-bid,rejoin best,a75a0e962cdc5888f0fe4e0a4c073335
2026-09-22T05:01:22.705Z,dry,ETH-USD,7,cancel,sell,2727.9,0.0091,quote-ask,best moved 2727.9 -> 2727.8,4ee2c3b930714f572de01b40a5b69ae3
2026-09-22T05:01:22.799Z,dry,ETH-USD,7,place,sell,2727.8,0.0091,quote-ask,rejoin best,d8474f553a8e35e1024b3c70dc5d3eaf
2026-09-22T05:01:22.907Z,dry,ETH-USD,7,reject,sell,2727.8,0.0091,quote-ask,post only order would cross,d8474f553a8e35e1024b3c70dc5d3eaf
2026-09-22T05:01:22.918Z,dry,ETH-USD,7,place,sell,2727.9,0.0091,quote-ask,join best,3e357a541ae65ec85b41bb2f4c90193e
2026-09-22T05:01:23.320Z,dry,ETH-USD,7,cancel,buy,2727.7,0.0091,quote-bid,best moved 2727.7 -> 2727.8,a75a0e962cdc5888f0fe4e0a4c073335
2026-09-22T05:01:23.411Z,dry,ETH-USD,7,place,buy,2727.8,0.0091,quote-bid,rejoin best,3b73c7c5c576f2ca758c555ec5819560
2026-09-22T05:01:29.432Z,dry,ETH-USD,7,cancel,buy,2727.8,0.0091,quote-bid,best moved 2727.8 -> 2727.9,3b73c7c5c576f2ca758c555ec5819560
2026-09-22T05:01:29.528Z,dry,ETH-USD,7,place,buy,2727.9,0.0091,quote-bid,rejoin best,4bdc23fdd9d9c55f2d5941cb5b329b09
2026-09-22T05:01:30.452Z,dry,ETH-USD,7,place,buy,2727.7,0.0091,quote-bid,join best,ea76faf7be6947abfffb749d28d05e98
2026-09-22T05:01:30.545Z,dry,ETH-USD,7,place,sell,2727.8,0.0091,quote-ask,join best,f7334d2373e4491bea99f7eedd5ecf3b
2026-09-22T05:01:31.670Z,dry,ETH-USD,7,place,buy,2727.6,0.0091,quote-bid,join best,52b11e9b46c06b097bda9bb35d40dd36
2026-09-22T05:01:32.076Z,dry,ETH-USD,7,cancel,sell,2727.8,0.0091,quote-ask,best moved 2727.8 -> 2727.7,f7334d2373e4491bea99f7eedd5ecf3b
2026-09-22T05:01:32.171Z,dry,ETH-USD,7,place,sell,2727.7,0.0091,quote-ask,rejoin best,36d0a1445abc5af64171d3031c3d1e6d
2026-09-22T05:01:33.092Z,dry,ETH-USD,7,place,buy,2727.5,0.0091,quote-bid,join best,eb70d6a95df7fa6870bc13fd999589f8
2026-09-22T05:01:33.293Z,dry,BTC-USD,6,place,buy,85375,0.00029,quote-bid,join best,4b26277258402e95f882d6d46bd34913
2026-09-22T05:01:33.384Z,dry,ETH-USD,7,place,buy,2727,0.0091,quote-bid,join best,12fb7c8c8a9ec3080c5fcfb7e8142af2
2026-09-22T05:01:33.900Z,dry,BTC-USD,6,place,buy,85338,0.00029,quote-bid,join best,9d196bdfee336aff431a29a1425d4a19
2026-09-22T05:01:33.993Z,dry,ETH-USD,7,cancel,sell,2727.7,0.0091,quote-ask,best moved 2727.7 -> 2727.1,36d0a1445abc5af64171d3031c3d1e6d
2026-09-22T05:01:34.085Z,dry,ETH-USD,7,place,sell,2727.1,0.0091,quote-ask,rejoin best,840bed65f1d52a549f5ccef2ac60b5d1
2026-09-22T05:01:34.713Z,dry,BTC-USD,6,cancel,sell,85399,0.00029,quote-ask,best moved 85399 -> 85339,792158c0ef9ce14c8f7ba4c9555bba08
2026-09-22T05:01:34.808Z,dry,BTC-USD,6,place,sell,85339,0.00029,quote-ask,rejoin best,a39bc080a0a3de33a4d2e022d787d06a
2026-09-22T05:01:36.948Z,dry,ETH-USD,7,place,sell,2727.2,0.0091,quote-ask,join best,14740883a658f1c5fe180754bd8c7bfe
2026-09-22T05:01:37.347Z,dry,ETH-USD,7,cancel,buy,2727,0.0091,quote-bid,best moved 2727 -> 2727.1,12fb7c8c8a9ec3080c5fcfb7e8142af2
2026-09-22T05:01:37.442Z,dry,ETH-USD,7,place,buy,2727.1,0.0091,quote-bid,rejoin best,47579ccdc3818d20fe85822e84c0afab
2026-09-22T05:01:37.550Z,dry,ETH-USD,7,place,sell,2727.5,0.0091,quote-ask,join best,66931ccadeeb5baa50bab7ec91fe25f6
2026-09-22T05:01:37.955Z,dry,ETH-USD,7,place,sell,2727.6,0.0091,quote-ask,join best,c9ddb4bf172daf82a5ab842eda314936
2026-09-22T05:01:38.559Z,dry,BTC-USD,6,place,sell,85349,0.00029,quote-ask,join best,738b532c9be4106ba1ccf8de248316b5
2026-09-22T05:01:38.967Z,dry,ETH-USD,7,place,buy,2727,0.0091,quote-bid,join best,75e33ddac9f5af64c903e5623e716e87
2026-09-22T05:01:39.167Z,dry,BTC-USD,6,cancel,buy,85338,0.00029,quote-bid,best moved 85338 -> 85341,9d196bdfee336aff431a29a1425d4a19
2026-09-22T05:01:39.259Z,dry,BTC-USD,6,cancel,sell,85349,0.00029,quote-ask,best moved 85349 -> 85342,738b532c9be4106ba1ccf8de248316b5
2026-09-22T05:01:39.355Z,dry,BTC-USD,6,place,buy,85341,0.00029,quote-bid,rejoin best,1ce11b2b87fc0856b07c9f3b70194d7d
2026-09-22T05:01:39.448Z,dry,BTC-USD,6,place,sell,85342,0.00029,quote-ask,rejoin best,320e96a4855556b5d1205cf3c050ff85
2026-09-22T05:01:39.573Z,dry,ETH-USD,7,cancel,sell,2727.6,0.0091,quote-ask,best moved 2727.6 -> 2727.1,c9ddb4bf172daf82a5ab842eda314936
2026-09-22T05:01:39.668Z,dry,ETH-USD,7,place,sell,2727.1,0.0091,quote-ask,rejoin best,6a50cbb089d128c6c7d013a420e737eb
2026-09-22T05:01:40.789Z,dry,ETH-USD,7,place,sell,2727.4,0.0091,quote-ask,join best,fbe55c0a47771cefd11b4980ee08dd30
2026-09-22T05:01:40.993Z,dry,BTC-USD,6,place,sell,85349,0.00029,quote-ask,join best,2d31edb2e8e8f51e3e45862fc06bdaf1
2026-09-22T05:01:41.195Z,dry,ETH-USD,7,cancel,buy,2727,0.0091,quote-bid,best moved 2727 -> 2727.1,75e33ddac9f5af64c903e5623e716e87
2026-09-22T05:01:41.293Z,dry,ETH-USD,7,place,buy,2727.1,0.0091,quote-bid,rejoin best,936d32e514ca27440776c5c777123e3b
2026-09-22T05:01:41.399Z,dry,BTC-USD,6,cancel,buy,85341,0.00029,quote-bid,best moved 85341 -> 85348,1ce11b2b87fc0856b07c9f3b70194d7d
2026-09-22T05:01:41.495Z,dry,BTC-USD,6,place,buy,85348,0.00029,quote-bid,rejoin best,e37c8a531785395433628b67b13c7eab
2026-09-22T05:01:43.219Z,dry,ETH-USD,7,cancel,sell,2727.4,0.0091,quote-ask,best moved 2727.4 -> 2727.5,fbe55c0a47771cefd11b4980ee08dd30
2026-09-22T05:01:43.315Z,dry,ETH-USD,7,place,sell,2727.5,0.0091,quote-ask,rejoin best,914850d41c5b57c88dea7ea42edb037d
2026-09-22T05:01:44.236Z,dry,ETH-USD,7,cancel,sell,2727.5,0.0091,quote-ask,best moved 2727.5 -> 2727.4,914850d41c5b57c88dea7ea42edb037d
2026-09-22T05:01:44.329Z,dry,ETH-USD,7,place,sell,2727.4,0.0091,quote-ask,rejoin best,2e259b67373a8fe5cdc270101e371d13
2026-09-22T05:01:46.059Z,dry,BTC-USD,6,place,sell,85358,0.00029,quote-ask,join best,218d78e632f2eb99e3cec7e13e1c5d2e
2026-09-22T05:01:46.666Z,dry,BTC-USD,6,cancel,buy,85348,0.00029,quote-bid,best moved 85348 -> 85355,e37c8a531785395433628b67b13c7eab
2026-09-22T05:01:46.760Z,dry,BTC-USD,6,cancel,sell,85358,0.00029,quote-ask,best moved 85358 -> 85356,218d78e632f2eb99e3cec7e13e1c5d2e
2026-09-22T05:01:46.857Z,dry,BTC-USD,6,place,buy,85355,0.00029,quote-bid,rejoin best,53b3893e8b4757d32bbc1a06d8c3bba3
2026-09-22T05:01:46.949Z,dry,BTC-USD,6,place,sell,85356,0.00029,quote-ask,rejoin best,512b8fbf5248c67294412963b1918754
2026-09-22T05:01:47.076Z,dry,ETH-USD,7,cancel,buy,2727.1,0.0091,quote-bid,best moved 2727.1 -> 2727.7,936d32e514ca27440776c5c777123e3b
2026-09-22T05:01:47.171Z,dry,ETH-USD,7,place,buy,2727.7,0.0091,quote-bid,rejoin best,e97b6b95224e9c9fa19a9ac7589fd44a
2026-09-22T05:01:49.108Z,dry,BTC-USD,6,place,sell,85366,0.00029,quote-ask,join best,ad24788a6702b3b77ac2bf89f29f3bee
2026-09-22T05:01:49.713Z,dry,BTC-USD,6,cancel,buy,85355,0.00029,quote-bid,best moved 85355 -> 85374,53b3893e8b4757d32bbc1a06d8c3bba3
2026-09-22T05:01:49.810Z,dry,BTC-USD,6,place,buy,85374,0.00029,quote-bid,rejoin best,52ac8907ffa5745f36633a2561f88972
2026-09-22T05:01:49.899Z,dry,ETH-USD,7,cancel,buy,2727.7,0.0091,quote-bid,best moved 2727.7 -> 2728.1,e97b6b95224e9c9fa19a9ac7589fd44a
2026-09-22T05:01:49.998Z,dry,ETH-USD,7,place,buy,2728.1,0.0091,quote-bid,rejoin best,9782c108078288d5ed56755ea28d5a04
2026-09-22T05:01:50.927Z,dry,ETH-USD,7,cancel,buy,2728.1,0.0091,quote-bid,best moved 2728.1 -> 2728.4,9782c108078288d5ed56755ea28d5a04
2026-09-22T05:01:51.023Z,dry,ETH-USD,7,place,buy,2728.4,0.0091,quote-bid,rejoin best,01b72b7e3d763d1fe7094ab4a7c7980f
2026-09-22T05:01:51.935Z,dry,ETH-USD,7,cancel,buy,2728.4,0.0091,quote-bid,best moved 2728.4 -> 2728.6,01b72b7e3d763d1fe7094ab4a7c7980f
2026-09-22T05:01:52.031Z,dry,ETH-USD,7,place,buy,2728.6,0.0091,quote-bid,rejoin best,0491bdbdfdce1151cf6c1a6245bca4cc
2026-09-22T05:01:52.140Z,dry,BTC-USD,6,cancel,buy,85374,0.00029,quote-bid,best moved 85374 -> 85382,52ac8907ffa5745f36633a2561f88972
2026-09-22T05:01:52.235Z,dry,BTC-USD,6,place,buy,85382,0.00029,quote-bid,rejoin best,1942bab5cff45df2e7375efeb82ae463
2026-09-22T05:01:52.545Z,dry,ETH-USD,7,cancel,buy,2728.6,0.0091,quote-bid,best moved 2728.6 -> 2728.7,0491bdbdfdce1151cf6c1a6245bca4cc
2026-09-22T05:01:52.643Z,dry,ETH-USD,7,place,buy,2728.7,0.0091,quote-bid,rejoin best,76ef8ee4e70b0ec1914e0e5207a943c5
2026-09-22T05:01:52.950Z,dry,BTC-USD,6,place,buy,85381,0.00029,quote-bid,join best,9bd7b9f524c1b71bdc5543de2ddda01e
2026-09-22T05:01:53.039Z,dry,BTC-USD,6,place,sell,85382,0.00029,quote-ask,join best,d41658e68a8431f0b16840a2f1f021b2
2026-09-22T05:01:54.168Z,dry,BTC-USD,6,cancel,buy,85381,0.00029,quote-bid,best moved 85381 -> 85389,9bd7b9f524c1b71bdc5543de2ddda01e
2026-09-22T05:01:54.264Z,dry,BTC-USD,6,place,buy,85389,0.00029,quote-bid,rejoin best,26bb8f1eba899f0d9a6d3ea0d43174ef
2026-09-22T05:01:54.980Z,dry,ETH-USD,7,cancel,buy,2728.7,0.0091,quote-bid,best moved 2728.7 -> 2729.3,76ef8ee4e70b0ec1914e0e5207a943c5
2026-09-22T05:01:55.075Z,dry,ETH-USD,7,place,buy,2729.3,0.0091,quote-bid,rejoin best,94730363eb5f974c00f9a8a8ee59303a
2026-09-22T05:01:55.792Z,dry,BTC-USD,6,cancel,buy,85389,0.00029,quote-bid,best moved 85389 -> 85392,26bb8f1eba899f0d9a6d3ea0d43174ef
2026-09-22T05:01:55.888Z,dry,BTC-USD,6,place,buy,85392,0.00029,quote-bid,rejoin best,28d1c49705bb055b2b59e12d7a7a1552
2026-09-22T05:01:55.995Z,dry,ETH-USD,7,cancel,buy,2729.3,0.0091,quote-bid,best moved 2729.3 -> 2729.6,94730363eb5f974c00f9a8a8ee59303a
2026-09-22T05:01:56.093Z,dry,ETH-USD,7,place,buy,2729.6,0.0091,quote-bid,rejoin best,bf18ad76cb610b604763500dcf2f4888
2026-09-22T05:01:58.229Z,dry,ETH-USD,7,cancel,buy,2729.6,0.0091,quote-bid,best moved 2729.6 -> 2729.8,bf18ad76cb610b604763500dcf2f4888
2026-09-22T05:01:58.320Z,dry,ETH-USD,7,place,buy,2729.8,0.0091,quote-bid,rejoin best,dc2daaab5198f016ee03f11f5a732329
2026-09-22T05:01:59.244Z,dry,ETH-USD,7,cancel,buy,2729.8,0.0091,quote-bid,best moved 2729.8 -> 2730,dc2daaab5198f016ee03f11f5a732329
2026-09-22T05:01:59.342Z,dry,ETH-USD,7,place,buy,2730,0.0091,quote-bid,rejoin best,b6019b4d3ec9f41dcff3f18f0a182c8a
2026-09-22T05:02:01.314Z,dry,BTC-USD,6,cancel,buy,85392,0.00029,quote-bid,best moved 85392 -> 85395,28d1c49705bb055b2b59e12d7a7a1552
2026-09-22T05:02:01.408Z,dry,BTC-USD,6,place,buy,85395,0.00029,quote-bid,rejoin best,a0be9193319ba0f01a342cd0c45c114f
2026-09-22T05:02:01.726Z,dry,ETH-USD,7,cancel,buy,2730,0.0091,quote-bid,best moved 2730 -> 2730.3,b6019b4d3ec9f41dcff3f18f0a182c8a
2026-09-22T05:02:01.820Z,dry,ETH-USD,7,place,buy,2730.3,0.0091,quote-bid,rejoin best,5efffe21d3c4460c47f5900a269e4b4a
2026-09-22T05:02:02.561Z,dry,ETH-USD,7,cancel,buy,2730.3,0.0091,quote-bid,best moved 2730.3 -> 2730.5,5efffe21d3c4460c47f5900a269e4b4a
2026-09-22T05:02:02.656Z,dry,ETH-USD,7,place,buy,2730.5,0.0091,quote-bid,rejoin best,42c06207aa6677a8152355b63ad4b7eb
2026-09-22T05:02:03.171Z,dry,ETH-USD,7,place,buy,2730.4,0.0091,quote-bid,join best,408b45bb2f1c2f65f2ada2d13bf9a829
2026-09-22T05:02:03.264Z,dry,ETH-USD,7,place,sell,2730.5,0.0091,quote-ask,join best,5f9d58b1565f0bc453eaa10e235fd5c3
2026-09-22T05:02:06.418Z,dry,ETH-USD,7,cancel,buy,2730.4,0.0091,quote-bid,best moved 2730.4 -> 2730.6,408b45bb2f1c2f65f2ada2d13bf9a829
2026-09-22T05:02:06.502Z,dry,ETH-USD,7,place,buy,2730.6,0.0091,quote-bid,rejoin best,e1e08aaa109e19fb97398e0274718954
2026-09-22T05:02:08.658Z,dry,BTC-USD,6,cancel,buy,85395,0.00029,quote-bid,best moved 85395 -> 85413,a0be9193319ba0f01a342cd0c45c114f
2026-09-22T05:02:08.755Z,dry,BTC-USD,6,place,buy,85413,0.00029,quote-bid,rejoin best,8ab3391628f5f223e2f414cc9e4124fa
2026-09-22T05:02:08.847Z,dry,ETH-USD,7,cancel,buy,2730.6,0.0091,quote-bid,best moved 2730.6 -> 2730.9,e1e08aaa109e19fb97398e0274718954
2026-09-22T05:02:08.944Z,dry,ETH-USD,7,place,buy,2730.9,0.0091,quote-bid,rejoin best,9d56a93db6cb2d88a626d5887ba572c6
2026-09-22T05:02:10.703Z,dry,BTC-USD,6,cancel,buy,85413,0.00029,quote-bid,best moved 85413 -> 85424,8ab3391628f5f223e2f414cc9e4124fa
2026-09-22T05:02:10.799Z,dry,BTC-USD,6,place,buy,85424,0.00029,quote-bid,rejoin best,76ed1c17aba3d0d9393aa8a067d9ad4b
2026-09-22T05:02:10.890Z,dry,ETH-USD,7,cancel,buy,2730.9,0.0091,quote-bid,best moved 2730.9 -> 2731.3,9d56a93db6cb2d88a626d5887ba572c6
2026-09-22T05:02:10.985Z,dry,ETH-USD,7,place,buy,2731.3,0.0091,quote-bid,rejoin best,501224e05efb1ad547f1c64286810981
2026-09-22T05:02:11.520Z,dry,ETH-USD,7,cancel,buy,2731.3,0.0091,quote-bid,best moved 2731.3 -> 2731.4,501224e05efb1ad547f1c64286810981
2026-09-22T05:02:11.615Z,dry,ETH-USD,7,place,buy,2731.4,0.0091,quote-bid,rejoin best,99e8a5cee912b22efc2d8d6733172751
2026-09-22T05:02:11.929Z,dry,ETH-USD,7,place,buy,2731.3,0.0091,quote-bid,join best,5ea9c7d092fc8a2431ce6a35d694e802
2026-09-22T05:02:12.018Z,dry,ETH-USD,7,place,sell,2731.4,0.0091,quote-ask,join best,7d6ca38a7d50731f8963434a699b8d1a
2026-09-22T05:02:13.351Z,dry,ETH-USD,7,cancel,buy,2731.3,0.0091,quote-bid,best moved 2731.3 -> 2731.5,5ea9c7d092fc8a2431ce6a35d694e802
2026-09-22T05:02:13.452Z,dry,ETH-USD,7,place,buy,2731.5,0.0091,quote-bid,rejoin best,e0379bdb77c672bd1bcf9782f241b8c4
2026-09-22T05:02:13.968Z,dry,BTC-USD,6,cancel,buy,85424,0.00029,quote-bid,best moved 85424 -> 85426,76ed1c17aba3d0d9393aa8a067d9ad4b
2026-09-22T05:02:14.063Z,dry,BTC-USD,6,place,buy,85426,0.00029,quote-bid,rejoin best,6f20e6bb0f8732b10bdc1f54823f0a38
2026-09-22T05:02:15.805Z,dry,ETH-USD,7,cancel,buy,2731.5,0.0091,quote-bid,best moved 2731.5 -> 2732.2,e0379bdb77c672bd1bcf9782f241b8c4
2026-09-22T05:02:15.899Z,dry,ETH-USD,7,place,buy,2732.2,0.0091,quote-bid,rejoin best,fffc8068e99a6e02d9125be74ee84f82
2026-09-22T05:02:16.410Z,dry,BTC-USD,6,cancel,buy,85426,0.00029,quote-bid,best moved 85426 -> 85444,6f20e6bb0f8732b10bdc1f54823f0a38
2026-09-22T05:02:16.505Z,dry,BTC-USD,6,place,buy,85444,0.00029,quote-bid,rejoin best,edf1e1e995c453382e96f77bbf81e1a8
2026-09-22T05:02:16.599Z,dry,ETH-USD,7,place,buy,2732,0.0091,quote-bid,join best,05d03b0437ab7f70f952fa1d4e71c44a
2026-09-22T05:02:16.694Z,dry,ETH-USD,7,place,sell,2732.2,0.0091,quote-ask,join best,ee3ee212a43a2df66706214bd5eaa7db
2026-09-22T05:02:17.625Z,dry,ETH-USD,7,cancel,buy,2732,0.0091,quote-bid,best moved 2732 -> 2732.1,05d03b0437ab7f70f952fa1d4e71c44a
2026-09-22T05:02:17.721Z,dry,ETH-USD,7,place,buy,2732.1,0.0091,quote-bid,rejoin best,94e305536394c8b22af5adc8c9750bff
2026-09-22T05:02:18.433Z,dry,BTC-USD,6,cancel,buy,85444,0.00029,quote-bid,best moved 85444 -> 85459,edf1e1e995c453382e96f77bbf81e1a8
2026-09-22T05:02:18.540Z,dry,BTC-USD,6,place,buy,85459,0.00029,quote-bid,rejoin best,267cd3ace4889e7d29a924089ae3f48a
2026-09-22T05:02:19.041Z,dry,ETH-USD,7,cancel,buy,2732.1,0.0091,quote-bid,best moved 2732.1 -> 2732.4,94e305536394c8b22af5adc8c9750bff
2026-09-22T05:02:19.136Z,dry,ETH-USD,7,place,buy,2732.4,0.0091,quote-bid,rejoin best,0093193707feea68d1ae0c794af228bd
2026-09-22T05:02:19.243Z,dry,BTC-USD,6,cancel,buy,85459,0.00029,quote-bid,best moved 85459 -> 85460,267cd3ace4889e7d29a924089ae3f48a
2026-09-22T05:02:19.334Z,dry,BTC-USD,6,place,buy,85460,0.00029,quote-bid,rejoin best,41e8baf68546618a67ce975cb7565825
2026-09-22T05:02:19.851Z,dry,ETH-USD,7,cancel,buy,2732.4,0.0091,quote-bid,best moved 2732.4 -> 2732.2,0093193707feea68d1ae0c794af228bd
2026-09-22T05:02:19.946Z,dry,ETH-USD,7,place,buy,2732.2,0.0091,quote-bid,rejoin best,8df654ec6dfcb3a1347254cdb26982d8
2026-09-22T05:02:23.306Z,dry,ETH-USD,7,cancel,buy,2732.2,0.0091,quote-bid,best moved 2732.2 -> 2732.3,8df654ec6dfcb3a1347254cdb26982d8
2026-09-22T05:02:23.403Z,dry,ETH-USD,7,place,buy,2732.3,0.0091,quote-bid,rejoin best,f510ba326ba437d511ab61c8a2276426
2026-09-22T05:02:25.351Z,dry,ETH-USD,7,place,buy,2731.9,0.0091,quote-bid,join best,7a2a00a864316a90b613c8c0974b620f
2026-09-22T05:02:25.446Z,dry,ETH-USD,7,place,sell,2732.4,0.0091,quote-ask,join best,885eb5e87809e197bae6c755b0a08feb
2026-09-22T05:02:26.778Z,dry,ETH-USD,7,cancel,sell,2732.4,0.0091,quote-ask,best moved 2732.4 -> 2732.3,885eb5e87809e197bae6c755b0a08feb
2026-09-22T05:02:26.873Z,dry,ETH-USD,7,place,sell,2732.3,0.0091,quote-ask,rejoin best,4865942c360eb984da0731877887f291
2026-09-22T05:02:26.979Z,dry,ETH-USD,7,cancel,buy,2731.9,0.0091,quote-bid,best moved 2731.9 -> 2732.1,7a2a00a864316a90b613c8c0974b620f
2026-09-22T05:02:27.079Z,dry,ETH-USD,7,place,buy,2732.1,0.0091,quote-bid,rejoin best,c47c9f210bd0b67f97ee950db8793e23
2026-09-22T05:02:27.598Z,dry,BTC-USD,6,place,buy,85459,0.00029,quote-bid,join best,13cca7271b72ea3d054499266cbbec4d
2026-09-22T05:02:27.690Z,dry,BTC-USD,6,reject,buy,85459,0.00029,quote-bid,post only order would cross,13cca7271b72ea3d054499266cbbec4d
2026-09-22T05:02:27.696Z,dry,BTC-USD,6,place,sell,85460,0.00029,quote-ask,join best,5e317def02549a31c11255733c03f7eb
2026-09-22T05:02:27.783Z,dry,ETH-USD,7,cancel,buy,2732.1,0.0091,quote-bid,best moved 2732.1 -> 2732.2,c47c9f210bd0b67f97ee950db8793e23
2026-09-22T05:02:27.878Z,dry,ETH-USD,7,place,buy,2732.2,0.0091,quote-bid,rejoin best,0a053ab7f02c416b8df8c7c6066d23d6
2026-09-22T05:02:28.003Z,dry,BTC-USD,6,place,buy,85457,0.00029,quote-bid,join best,d30789fe227bff1878eb862c0bc52057
2026-09-22T05:02:28.206Z,dry,ETH-USD,7,place,buy,2731.7,0.0091,quote-bid,join best,a2ec9fe20f5cd5637f42034429430d0d
2026-09-22T05:02:28.293Z,dry,ETH-USD,7,place,sell,2731.9,0.0091,quote-ask,join best,d5d2a9aaa08e2619222297920c4b64c0
2026-09-22T05:02:28.404Z,dry,BTC-USD,6,cancel,sell,85460,0.00029,quote-ask,best moved 85460 -> 85458,5e317def02549a31c11255733c03f7eb
2026-09-22T05:02:28.498Z,dry,BTC-USD,6,place,sell,85458,0.00029,quote-ask,rejoin best,c0e802c7764ed1b97300891d8f178947
2026-09-22T05:02:29.620Z,dry,ETH-USD,7,cancel,buy,2731.7,0.0091,quote-bid,best moved 2731.7 -> 2731.9,a2ec9fe20f5cd5637f42034429430d0d
2026-09-22T05:02:29.714Z,dry,ETH-USD,7,place,buy,2731.9,0.0091,quote-bid,rejoin best,4dc87706d28ba40b70dc1a9927fae1e2
2026-09-22T05:02:31.847Z,dry,ETH-USD,7,cancel,buy,2731.9,0.0091,quote-bid,best moved 2731.9 -> 2732,4dc87706d28ba40b70dc1a9927fae1e2
2026-09-22T05:02:31.943Z,dry,ETH-USD,7,place,buy,2732,0.0091,quote-bid,rejoin best,bb5abd6821e9ee3eec469b13a36b8d09
2026-09-22T05:02:33.474Z,dry,ETH-USD,7,cancel,buy,2732,0.0091,quote-bid,best moved 2732 -> 2732.1,bb5abd6821e9ee3eec469b13a36b8d09
2026-09-22T05:02:33.570Z,dry,ETH-USD,7,place,buy,2732.1,0.0091,quote-bid,rejoin best,2319261016522417d3b2489467334b7b
2026-09-22T05:02:34.489Z,dry,ETH-USD,7,cancel,buy,2732.1,0.0091,quote-bid,best moved 2732.1 -> 2732.2,2319261016522417d3b2489467334b7b
2026-09-22T05:02:34.584Z,dry,ETH-USD,7,place,buy,2732.2,0.0091,quote-bid,rejoin best,33b6dcc6115478712740c273d70f7b3e
2026-09-22T05:02:36.918Z,dry,ETH-USD,7,place,buy,2732.1,0.0091,quote-bid,join best,6576b0377ae0a31b01cd4d74bc03a038
2026-09-22T05:02:37.016Z,dry,ETH-USD,7,place,sell,2732.2,0.0091,quote-ask,join best,78add74a39d9dac9e26ea0444759e237
2026-09-22T05:02:37.326Z,dry,ETH-USD,7,place,buy,2731.9,0.0091,quote-bid,join best,3cf4fe941635f9c632e97fef88a2cda0
2026-09-22T05:02:37.529Z,dry,ETH-USD,7,cancel,buy,2731.9,0.0091,quote-bid,flatten owns instrument,3cf4fe941635f9c632e97fef88a2cda0
2026-09-22T05:02:37.621Z,dry,ETH-USD,7,cancel,sell,2732.2,0.0091,quote-ask,flatten owns instrument,78add74a39d9dac9e26ea0444759e237
2026-09-22T05:02:37.714Z,dry,ETH-USD,7,place,buy,2731.9,0.0091,flatten-post,passive exit,4577331d5beea8a2efa414e2bef7731b
2026-09-22T05:02:37.808Z,dry,ETH-USD,7,reject,buy,2731.9,0.0091,flatten-post,post only order would cross,4577331d5beea8a2efa414e2bef7731b
2026-09-22T05:02:37.937Z,dry,ETH-USD,7,place,buy,2731.8,0.0091,flatten-post,passive exit,a3789156098917d60aa21b6013a2784d
2026-09-22T05:02:41.173Z,dry,BTC-USD,6,place,buy,85448,0.00029,quote-bid,join best,7d4dd44d0935f65239e5db7960ae3e55
2026-09-22T05:02:41.265Z,dry,ETH-USD,7,cancel,buy,2731.8,0.0091,flatten-post,re-peg flatten,a3789156098917d60aa21b6013a2784d
2026-09-22T05:02:41.373Z,dry,ETH-USD,7,place,buy,2731.7,0.0091,quote-bid,join best,9cfc36e3e1aafb61624d6556ed9b3d72
2026-09-22T05:02:41.464Z,dry,ETH-USD,7,reject,buy,2731.7,0.0091,quote-bid,post only order would cross,9cfc36e3e1aafb61624d6556ed9b3d72
2026-09-22T05:02:41.470Z,dry,ETH-USD,7,place,sell,2731.8,0.0091,quote-ask,join best,bebc2689fd8a0abbf5d428948ae38797
2026-09-22T05:02:41.573Z,dry,BTC-USD,6,cancel,sell,85458,0.00029,quote-ask,best moved 85458 -> 85449,c0e802c7764ed1b97300891d8f178947
2026-09-22T05:02:41.670Z,dry,BTC-USD,6,place,sell,85449,0.00029,quote-ask,rejoin best,930f108a442b4ad8b05b41773210ba2c
2026-09-22T05:02:41.762Z,dry,ETH-USD,7,place,buy,2731.4,0.0091,quote-bid,join best,5877355126c9f5e4460a2a25259e4ac0
2026-09-22T05:02:41.981Z,dry,ETH-USD,7,cancel,sell,2731.8,0.0091,quote-ask,best moved 2731.8 -> 2731.5,bebc2689fd8a0abbf5d428948ae38797
2026-09-22T05:02:42.076Z,dry,ETH-USD,7,place,sell,2731.5,0.0091,quote-ask,rejoin best,36cb3d5cf94ecaa35e81935ce98197d4
2026-09-22T05:02:42.186Z,dry,BTC-USD,6,place,buy,85437,0.00029,quote-bid,join best,c1f8fc44c235a762809d426d5d7a5520
2026-09-22T05:02:42.589Z,dry,BTC-USD,6,cancel,sell,85449,0.00029,quote-ask,best moved 85449 -> 85438,930f108a442b4ad8b05b41773210ba2c
2026-09-22T05:02:42.684Z,dry,BTC-USD,6,place,sell,85438,0.00029,quote-ask,rejoin best,9ecc0c180d19f7db33686b991e8129a1
2026-09-22T05:02:46.431Z,dry,BTC-USD,6,place,buy,85425,0.00029,quote-bid,join best,d30b9b02cd9726d3467e06f7b3bc5951
2026-09-22T05:02:47.238Z,dry,BTC-USD,6,cancel,buy,85425,0.00029,quote-bid,best moved 85425 -> 85427,d30b9b02cd9726d3467e06f7b3bc5951
2026-09-22T05:02:47.330Z,dry,BTC-USD,6,cancel,sell,85438,0.00029,quote-ask,best moved 85438 -> 85428,9ecc0c180d19f7db33686b991e8129a1
2026-09-22T05:02:47.420Z,dry,BTC-USD,6,place,buy,85427,0.00029,quote-bid,rejoin best,b0eefbd9bb40e4e374def4eda61b6a1a
2026-09-22T05:02:47.519Z,dry,BTC-USD,6,place,sell,85428,0.00029,quote-ask,rejoin best,5e1a6bc45ed71dc19f80aca8f91d0ab4
2026-09-22T05:02:49.875Z,dry,ETH-USD,7,place,buy,2731.2,0.0091,quote-bid,join best,8f0bf833c78deb9efe258812b2234551
2026-09-22T05:02:50.279Z,dry,ETH-USD,7,cancel,sell,2731.5,0.0091,quote-ask,best moved 2731.5 -> 2731.3,36cb3d5cf94ecaa35e81935ce98197d4
2026-09-22T05:02:50.375Z,dry,ETH-USD,7,place,sell,2731.3,0.0091,quote-ask,rejoin best,fc79e10b7016ceecf19b740fdeda1766
2026-09-22T05:02:51.087Z,dry,ETH-USD,7,place,buy,2731.1,0.0091,quote-bid,join best,a35b3bd44b938f8027882c7e6726a6c2
2026-09-22T05:02:51.492Z,dry,ETH-USD,7,cancel,sell,2731.3,0.0091,quote-ask,best moved 2731.3 -> 2731.2,fc79e10b7016ceecf19b740fdeda1766
2026-09-22T05:02:51.585Z,dry,ETH-USD,7,place,sell,2731.2,0.0091,quote-ask,rejoin best,1c2fd5b2a99723143b7d25bb3ace8cd6
2026-09-22T05:02:52.297Z,dry,ETH-USD,7,cancel,sell,2731.2,0.0091,quote-ask,best moved 2731.2 -> 2730.9,1c2fd5b2a99723143b7d25bb3ace8cd6
2026-09-22T05:02:52.389Z,dry,ETH-USD,7,place,sell,2730.9,0.0091,quote-ask,rejoin best,d3b60d08b93adde10e8925a6b722e12e
2026-09-22T05:02:53.130Z,dry,BTC-USD,6,place,buy,85406,0.00029,quote-bid,join best,83c7b5eaef398a5c79765f22aa8b6be0
2026-09-22T05:02:53.532Z,dry,BTC-USD,6,cancel,sell,85428,0.00029,quote-ask,best moved 85428 -> 85407,5e1a6bc45ed71dc19f80aca8f91d0ab4
2026-09-22T05:02:53.626Z,dry,BTC-USD,6,place,sell,85407,0.00029,quote-ask,rejoin best,1cd6d81f6ed834b873a3188ff6c6eb4c
2026-09-22T05:02:53.717Z,dry,ETH-USD,7,cancel,sell,2730.9,0.0091,quote-ask,best moved 2730.9 -> 2730.3,d3b60d08b93adde10e8925a6b722e12e
2026-09-22T05:02:53.811Z,dry,ETH-USD,7,place,sell,2730.3,0.0091,quote-ask,rejoin best,ba1ae8792306fa74c8517b8c2f115971
2026-09-22T05:02:56.369Z,dry,BTC-USD,6,cancel,sell,85407,0.00029,quote-ask,best moved 85407 -> 85406,1cd6d81f6ed834b873a3188ff6c6eb4c
2026-09-22T05:02:56.464Z,dry,BTC-USD,6,place,sell,85406,0.00029,quote-ask,rejoin best,175936ac724e0da130a2532b14e7e453
2026-09-22T05:02:56.974Z,dry,BTC-USD,6,cancel,sell,85406,0.00029,quote-ask,best moved 85406 -> 85389,175936ac724e0da130a2532b14e7e453
2026-09-22T05:02:57.068Z,dry,BTC-USD,6,place,sell,85389,0.00029,quote-ask,rejoin best,9791432e863f210e63d832b37c95788c
2026-09-22T05:02:57.175Z,dry,ETH-USD,7,cancel,sell,2730.3,0.0091,quote-ask,best moved 2730.3 -> 2729.7,ba1ae8792306fa74c8517b8c2f115971
2026-09-22T05:02:57.269Z,dry,ETH-USD,7,place,sell,2729.7,0.0091,quote-ask,rejoin best,278025ffa28ef4ce6fb8c2af2938a68d
2026-09-22T05:02:57.995Z,dry,ETH-USD,7,cancel,sell,2729.7,0.0091,quote-ask,best moved 2729.7 -> 2729.3,278025ffa28ef4ce6fb8c2af2938a68d
2026-09-22T05:02:58.090Z,dry,ETH-USD,7,place,sell,2729.3,0.0091,quote-ask,rejoin best,c8a15f451a6188f410e8d0139b0ae0b0
2026-09-22T05:02:58.396Z,dry,BTC-USD,6,cancel,sell,85389,0.00029,quote-ask,best moved 85389 -> 85381,9791432e863f210e63d832b37c95788c
2026-09-22T05:02:58.492Z,dry,BTC-USD,6,place,sell,85381,0.00029,quote-ask,rejoin best,034ba5458a24f9356e29bd44d152f9db
2026-09-22T05:02:59.407Z,dry,ETH-USD,7,cancel,sell,2729.3,0.0091,quote-ask,best moved 2729.3 -> 2729.2,c8a15f451a6188f410e8d0139b0ae0b0
2026-09-22T05:02:59.501Z,dry,ETH-USD,7,place,sell,2729.2,0.0091,quote-ask,rejoin best,c53c365b508db83e08452affc68081a9
2026-09-22T05:02:59.826Z,dry,ETH-USD,7,place,buy,2729.2,0.0091,quote-bid,join best,3fa98353d6e5d468c692b5dd4e81193e
2026-09-22T05:02:59.919Z,dry,ETH-USD,7,place,sell,2729.9,0.0091,quote-ask,join best,942c9754511817cd471e91692960fd98
2026-09-22T05:03:00.640Z,dry,ETH-USD,7,cancel,buy,2729.2,0.0091,quote-bid,best moved 2729.2 -> 2729.7,3fa98353d6e5d468c692b5dd4e81193e
2026-09-22T05:03:00.733Z,dry,ETH-USD,7,cancel,sell,2729.9,0.0091,quote-ask,best moved 2729.9 -> 2730.1,942c9754511817cd471e91692960fd98
2026-09-22T05:03:00.828Z,dry,ETH-USD,7,place,buy,2729.7,0.0091,quote-bid,rejoin best,848f60c1552d4ce92c387986941e954b
2026-09-22T05:03:00.920Z,dry,ETH-USD,7,place,sell,2730.1,0.0091,quote-ask,rejoin best,970efcca123120207b606d870c5d03c4
2026-09-22T05:03:01.860Z,dry,BTC-USD,6,place,buy,85388,0.00029,quote-bid,join best,5ba64ad005867996a7bb871bfd52642c
2026-09-22T05:03:01.949Z,dry,BTC-USD,6,place,sell,85389,0.00029,quote-ask,join best,b4bea23454fddbbb100a122dc3b36e1e
2026-09-22T05:03:02.467Z,dry,ETH-USD,7,cancel,buy,2729.7,0.0091,quote-bid,best moved 2729.7 -> 2729.9,848f60c1552d4ce92c387986941e954b
2026-09-22T05:03:02.561Z,dry,ETH-USD,7,cancel,sell,2730.1,0.0091,quote-ask,best moved 2730.1 -> 2730,970efcca123120207b606d870c5d03c4
2026-09-22T05:03:02.655Z,dry,ETH-USD,7,place,buy,2729.9,0.0091,quote-bid,rejoin best,f0d12941943392fe8e9434e88d94c4b6
2026-09-22T05:03:02.750Z,dry,ETH-USD,7,place,sell,2730,0.0091,quote-ask,rejoin best,597db7de1089686eff37d1dd8d87b4fb
2026-09-22T05:03:04.304Z,dry,ETH-USD,7,place,sell,2730.1,0.0091,quote-ask,join best,0ddd689f7f07bc93fd708690a4e68591
2026-09-22T05:03:05.115Z,dry,ETH-USD,7,cancel,buy,2729.9,0.0091,quote-bid,best moved 2729.9 -> 2729.8,f0d12941943392fe8e9434e88d94c4b6
2026-09-22T05:03:05.208Z,dry,ETH-USD,7,cancel,sell,2730.1,0.0091,quote-ask,best moved 2730.1 -> 2730.2,0ddd689f7f07bc93fd708690a4e68591
2026-09-22T05:03:05.304Z,dry,ETH-USD,7,place,buy,2729.8,0.0091,quote-bid,rejoin best,9775dd9e51b0779e47fb259498f66383
2026-09-22T05:03:05.397Z,dry,ETH-USD,7,place,sell,2730.2,0.0091,quote-ask,rejoin best,fc679aaa4098b4f7cd73d0287f6c3fcd
2026-09-22T05:03:06.336Z,dry,ETH-USD,7,cancel,buy,2729.8,0.0091,quote-bid,best moved 2729.8 -> 2729.9,9775dd9e51b0779e47fb259498f66383
2026-09-22T05:03:06.430Z,dry,ETH-USD,7,cancel,sell,2730.2,0.0091,quote-ask,best moved 2730.2 -> 2730,fc679aaa4098b4f7cd73d0287f6c3fcd
2026-09-22T05:03:06.519Z,dry,ETH-USD,7,place,buy,2729.9,0.0091,quote-bid,rejoin best,d3067873f23b37cbbd0b8e0ba121758b
2026-09-22T05:03:06.614Z,dry,ETH-USD,7,reject,buy,2729.9,0.0091,quote-bid,post only order would cross,d3067873f23b37cbbd0b8e0ba121758b
2026-09-22T05:03:06.621Z,dry,ETH-USD,7,place,sell,2730,0.0091,quote-ask,rejoin best,51efa987b5f7b6c8dba50825a0b759d9
2026-09-22T05:03:06.743Z,dry,ETH-USD,7,place,buy,2729.4,0.0091,quote-bid,join best,760d9b08b2e793a385fb182e6d3369c5
2026-09-22T05:03:07.147Z,dry,BTC-USD,6,cancel,sell,85389,0.00029,quote-ask,best moved 85389 -> 85376,b4bea23454fddbbb100a122dc3b36e1e
2026-09-22T05:03:07.242Z,dry,BTC-USD,6,place,sell,85376,0.00029,quote-ask,rejoin best,ca71c537692a9c9622147e3d31b127f8
2026-09-22T05:03:07.758Z,dry,ETH-USD,7,place,buy,2729.1,0.0091,quote-bid,join best,2a222c453bf69581f0db03b18dbc3715
2026-09-22T05:03:08.159Z,dry,BTC-USD,6,cancel,sell,85376,0.00029,quote-ask,best moved 85376 -> 85364,ca71c537692a9c9622147e3d31b127f8
2026-09-22T05:03:08.255Z,dry,BTC-USD,6,place,sell,85364,0.00029,quote-ask,rejoin best,6fdc84ddc021b7338ede482ce8b1b1d7
2026-09-22T05:03:08.347Z,dry,ETH-USD,7,cancel,buy,2729.1,0.0091,quote-bid,best moved 2729.1 -> 2729.3,2a222c453bf69581f0db03b18dbc3715
2026-09-22T05:03:08.442Z,dry,ETH-USD,7,cancel,sell,2730,0.0091,quote-ask,best moved 2730 -> 2729.4,51efa987b5f7b6c8dba50825a0b759d9
2026-09-22T05:03:08.536Z,dry,ETH-USD,7,place,buy,2729.3,0.0091,quote-bid,rejoin best,054e5174a0835fc00de2f89223d0a04f
2026-09-22T05:03:08.629Z,dry,ETH-USD,7,place,sell,2729.4,0.0091,quote-ask,rejoin best,8c9a6634ce380266a5986f60693d8343
2026-09-22T05:03:11.208Z,dry,ETH-USD,7,place,sell,2729.5,0.0091,quote-ask,join best,143dde8c0ba9d286e246ace4a633eb1a
2026-09-22T05:03:11.409Z,dry,BTC-USD,6,place,buy,85372,0.00029,quote-bid,join best,7d177fd6ed872eeb88828aa6d040bdc7
2026-09-22T05:03:11.503Z,dry,BTC-USD,6,place,sell,85373,0.00029,quote-ask,join best,457d1cf84de9b7ef7c5fe4ed78731743
2026-09-22T05:03:11.610Z,dry,ETH-USD,7,cancel,buy,2729.3,0.0091,quote-bid,best moved 2729.3 -> 2729.4,054e5174a0835fc00de2f89223d0a04f
2026-09-22T05:03:11.705Z,dry,ETH-USD,7,place,buy,2729.4,0.0091,quote-bid,rejoin best,04ba5569f9e8809c49e36acced49eb7e
2026-09-22T05:03:12.020Z,dry,ETH-USD,7,place,sell,2730,0.0091,quote-ask,join best,e2824ee7320b882d2f28d99ba7ca1ea1
2026-09-22T05:03:13.032Z,dry,ETH-USD,7,cancel,buy,2729.4,0.0091,quote-bid,best moved 2729.4 -> 2729.7,04ba5569f9e8809c49e36acced49eb7e
2026-09-22T05:03:13.127Z,dry,ETH-USD,7,cancel,sell,2730,0.0091,quote-ask,best moved 2730 -> 2729.8,e2824ee7320b882d2f28d99ba7ca1ea1
2026-09-22T05:03:13.221Z,dry,ETH-USD,7,place,buy,2729.7,0.0091,quote-bid,rejoin best,4e1461beca757c71b61e3f54fa7592d4
2026-09-22T05:03:13.313Z,dry,ETH-USD,7,reject,buy,2729.7,0.0091,quote-bid,post only order would cross,4e1461beca757c71b61e3f54fa7592d4
2026-09-22T05:03:13.323Z,dry,ETH-USD,7,place,sell,2729.8,0.0091,quote-ask,rejoin best,a34433bc6f44ee8cc0f5d6de9a2e0a9b
2026-09-22T05:03:13.440Z,dry,ETH-USD,7,place,buy,2729.6,0.0091,quote-bid,join best,313198d7dac87477314d95362785712d
2026-09-22T05:03:13.841Z,dry,ETH-USD,7,cancel,sell,2729.8,0.0091,quote-ask,best moved 2729.8 -> 2729.7,a34433bc6f44ee8cc0f5d6de9a2e0a9b
2026-09-22T05:03:13.930Z,dry,ETH-USD,7,place,sell,2729.7,0.0091,quote-ask,rejoin best,0beecaa3c983bf6167a852f286e29214
2026-09-22T05:03:19.729Z,dry,ETH-USD,7,place,buy,2729.4,0.0091,quote-bid,join best,54b832bde5a264784b4f89652b50f0cd
2026-09-22T05:03:20.137Z,dry,ETH-USD,7,cancel,sell,2729.7,0.0091,quote-ask,best moved 2729.7 -> 2729.5,0beecaa3c983bf6167a852f286e29214
2026-09-22T05:03:20.231Z,dry,ETH-USD,7,place,sell,2729.5,0.0091,quote-ask,rejoin best,6f3643753b89e557537fc87b113fb95e
2026-09-22T05:03:20.745Z,dry,ETH-USD,7,place,sell,2730.2,0.0091,quote-ask,join best,3e029f2ef5b88c7ea650761d71aa2267
2026-09-22T05:03:21.557Z,dry,ETH-USD,7,cancel,buy,2729.4,0.0091,quote-bid,best moved 2729.4 -> 2729.8,54b832bde5a264784b4f89652b50f0cd
2026-09-22T05:03:21.650Z,dry,ETH-USD,7,cancel,sell,2730.2,0.0091,quote-ask,best moved 2730.2 -> 2729.9,3e029f2ef5b88c7ea650761d71aa2267
2026-09-22T05:03:21.744Z,dry,ETH-USD,7,place,buy,2729.8,0.0091,quote-bid,rejoin best,955a6422beacbafbcc1096a234a9abd5
2026-09-22T05:03:21.838Z,dry,ETH-USD,7,place,sell,2729.9,0.0091,quote-ask,rejoin best,042039675a62c12755188710608575df
2026-09-22T05:03:22.775Z,dry,BTC-USD,6,place,sell,85393,0.00029,quote-ask,join best,11a954053273ee2ab98a8d501f00518e
2026-09-22T05:03:22.870Z,dry,ETH-USD,7,place,sell,2730.7,0.0091,quote-ask,join best,7f7968793c0aa6222a5a15427d877380
2026-09-22T05:03:23.182Z,dry,BTC-USD,6,place,sell,85402,0.00029,quote-ask,join best,d2c43f09b933487d2d371d95e948e110
2026-09-22T05:03:23.588Z,dry,ETH-USD,7,cancel,buy,2729.8,0.0091,quote-bid,best moved 2729.8 -> 2730.5,955a6422beacbafbcc1096a234a9abd5
2026-09-22T05:03:23.683Z,dry,ETH-USD,7,cancel,sell,2730.7,0.0091,quote-ask,best moved 2730.7 -> 2730.6,7f7968793c0aa6222a5a15427d877380
2026-09-22T05:03:23.776Z,dry,ETH-USD,7,place,buy,2730.5,0.0091,quote-bid,rejoin best,32cd7cb69836098626ea3cb229c37498
2026-09-22T05:03:23.871Z,dry,ETH-USD,7,place,sell,2730.6,0.0091,quote-ask,rejoin best,1da036a8ccd6739b99a1245c0c8775eb
2026-09-22T05:03:23.963Z,dry,ETH-USD,7,reject,sell,2730.6,0.0091,quote-ask,post only order would cross,1da036a8ccd6739b99a1245c0c8775eb
2026-09-22T05:03:23.995Z,dry,BTC-USD,6,cancel,buy,85372,0.00029,quote-bid,best moved 85372 -> 85401,7d177fd6ed872eeb88828aa6d040bdc7
2026-09-22T05:03:24.090Z,dry,BTC-USD,6,place,buy,85401,0.00029,quote-bid,rejoin best,2403fd4efdcc0ae7443e79a3c7850593
2026-09-22T05:03:24.184Z,dry,ETH-USD,7,place,sell,2730.9,0.0091,quote-ask,join best,a5e4ff4a066c2075c7647b525a58030e
2026-09-22T05:03:24.808Z,dry,ETH-USD,7,cancel,buy,2730.5,0.0091,quote-bid,best moved 2730.5 -> 2730.8,32cd7cb69836098626ea3cb229c37498
2026-09-22T05:03:24.902Z,dry,ETH-USD,7,place,buy,2730.8,0.0091,quote-bid,rejoin best,438677aabf90f6b5981ee1c58585f4a4
2026-09-22T05:03:26.235Z,dry,ETH-USD,7,place,sell,2731.2,0.0091,quote-ask,join best,961c67d24dee6da30752057a0956e284
2026-09-22T05:03:26.640Z,dry,ETH-USD,7,cancel,buy,2730.8,0.0091,quote-bid,best moved 2730.8 -> 2730.9,438677aabf90f6b5981ee1c58585f4a4
2026-09-22T05:03:26.736Z,dry,ETH-USD,7,place,buy,2730.9,0.0091,quote-bid,rejoin best,b666aa11c9d744da4cb37aeb4e79d159
2026-09-22T05:03:26.830Z,dry,ETH-USD,7,reject,buy,2730.9,0.0091,quote-bid,post only order would cross,b666aa11c9d744da4cb37aeb4e79d159
2026-09-22T05:03:26.842Z,dry,ETH-USD,7,place,buy,2730.8,0.0091,quote-bid,join best,ada0ccfa7f2aada421b87707e1f545cc
2026-09-22T05:03:27.257Z,dry,ETH-USD,7,cancel,sell,2731.2,0.0091,quote-ask,best moved 2731.2 -> 2730.9,961c67d24dee6da30752057a0956e284
2026-09-22T05:03:27.354Z,dry,ETH-USD,7,place,sell,2730.9,0.0091,quote-ask,rejoin best,efa610f5a4238f501c791163156deb3a
2026-09-22T05:03:29.498Z,dry,ETH-USD,7,place,buy,2730.7,0.0091,quote-bid,join best,fff07becdf3fbf0840bcbb5bfcabb1b6
2026-09-22T05:03:29.700Z,dry,ETH-USD,7,place,buy,2730.6,0.0091,quote-bid,join best,fddf55cffa006704c0de2b08b1fb7308
2026-09-22T05:03:30.101Z,dry,ETH-USD,7,cancel,sell,2730.9,0.0091,quote-ask,best moved 2730.9 -> 2730.7,efa610f5a4238f501c791163156deb3a
2026-09-22T05:03:30.198Z,dry,ETH-USD,7,place,sell,2730.7,0.0091,quote-ask,rejoin best,1aeff1aa1e15c85071ee7c22e4bd15c4
2026-09-22T05:03:33.344Z,dry,ETH-USD,7,place,buy,2730.1,0.0091,quote-bid,join best,8158874383074ed0159714e8b756ca63
2026-09-22T05:03:33.950Z,dry,ETH-USD,7,cancel,buy,2730.1,0.0091,quote-bid,best moved 2730.1 -> 2730.3,8158874383074ed0159714e8b756ca63
2026-09-22T05:03:34.044Z,dry,ETH-USD,7,cancel,sell,2730.7,0.0091,quote-ask,best moved 2730.7 -> 2730.4,1aeff1aa1e15c85071ee7c22e4bd15c4
2026-09-22T05:03:34.139Z,dry,ETH-USD,7,place,buy,2730.3,0.0091,quote-bid,rejoin best,db438f1aa813536555877ca09578976d
2026-09-22T05:03:34.233Z,dry,ETH-USD,7,place,sell,2730.4,0.0091,quote-ask,rejoin best,de5abc73a7928a4d8af7698431602fbf
2026-09-22T05:03:34.760Z,dry,BTC-USD,6,place,buy,85379,0.00029,quote-bid,join best,792ee0ef1a5070f116f11c51fb7e8dff
2026-09-22T05:03:34.855Z,dry,ETH-USD,7,place,buy,2729.7,0.0091,quote-bid,join best,44dd22a65a49268241ea2f8a350e64a5
2026-09-22T05:03:35.162Z,dry,BTC-USD,6,cancel,sell,85402,0.00029,quote-ask,best moved 85402 -> 85380,d2c43f09b933487d2d371d95e948e110
2026-09-22T05:03:35.251Z,dry,BTC-USD,6,place,sell,85380,0.00029,quote-ask,rejoin best,8a54ed4754ece96fdab2599db1edde04
2026-09-22T05:03:35.351Z,dry,ETH-USD,7,cancel,buy,2729.7,0.0091,quote-bid,best moved 2729.7 -> 2729.9,44dd22a65a49268241ea2f8a350e64a5
2026-09-22T05:03:35.436Z,dry,ETH-USD,7,place,buy,2729.9,0.0091,quote-bid,rejoin best,5be3be7b3a0f8980bd63e1ced292a05f
2026-09-22T05:03:35.518Z,dry,ETH-USD,7,reject,buy,2729.9,0.0091,quote-bid,post only order would cross,5be3be7b3a0f8980bd63e1ced292a05f
2026-09-22T05:03:35.572Z,dry,ETH-USD,7,place,buy,2729.8,0.0091,quote-bid,join best,05483ea75915bf6750cffdd5a4ee6a0c
2026-09-22T05:03:36.382Z,dry,ETH-USD,7,cancel,buy,2729.8,0.0091,quote-bid,best moved 2729.8 -> 2729.9,05483ea75915bf6750cffdd5a4ee6a0c
2026-09-22T05:03:36.475Z,dry,ETH-USD,7,cancel,sell,2730.4,0.0091,quote-ask,best moved 2730.4 -> 2730,de5abc73a7928a4d8af7698431602fbf
2026-09-22T05:03:36.571Z,dry,ETH-USD,7,place,buy,2729.9,0.0091,quote-bid,rejoin best,ff38171f64585d041ac2341e832c3650
2026-09-22T05:03:36.663Z,dry,ETH-USD,7,place,sell,2730,0.0091,quote-ask,rejoin best,5d3f616ff44f06453b5dd010fd1300fd
2026-09-22T05:03:42.669Z,dry,ETH-USD,7,place,sell,2730.1,0.0091,quote-ask,join best,a223f5870c6637a898daed732efda6b2
2026-09-22T05:03:43.084Z,dry,ETH-USD,7,cancel,buy,2729.9,0.0091,quote-bid,best moved 2729.9 -> 2730,ff38171f64585d041ac2341e832c3650
2026-09-22T05:03:43.181Z,dry,ETH-USD,7,place,buy,2730,0.0091,quote-bid,rejoin best,472144533b85ea1872eacb947477207c
2026-09-22T05:03:43.292Z,dry,BTC-USD,6,place,sell,85384,0.00029,quote-ask,join best,f5cf87b089d3becb6b754c69f2870fc3
2026-09-22T05:03:43.706Z,dry,BTC-USD,6,cancel,buy,85379,0.00029,quote-bid,best moved 85379 -> 85383,792ee0ef1a5070f116f11c51fb7e8dff
2026-09-22T05:03:43.804Z,dry,BTC-USD,6,place,buy,85383,0.00029,quote-bid,rejoin best,6f3f9a46ea54cbb7cceec31bb68a9569
2026-09-22T05:03:44.118Z,dry,ETH-USD,7,place,sell,2730.2,0.0091,quote-ask,join best,102cbcd2c0ae9b7047690e201c7b1e19
2026-09-22T05:03:44.520Z,dry,ETH-USD,7,cancel,buy,2730,0.0091,quote-bid,best moved 2730 -> 2730.1,472144533b85ea1872eacb947477207c
2026-09-22T05:03:44.617Z,dry,ETH-USD,7,place,buy,2730.1,0.0091,quote-bid,rejoin best,5ec43ca5cc2c20e1580a5768b286378a
2026-09-22T05:03:45.335Z,dry,ETH-USD,7,place,sell,2730.4,0.0091,quote-ask,join best,47bb6ae378ce7e39aac052ed1456ddc9
2026-09-22T05:03:45.941Z,dry,ETH-USD,7,cancel,sell,2730.4,0.0091,quote-ask,best moved 2730.4 -> 2730.2,47bb6ae378ce7e39aac052ed1456ddc9
2026-09-22T05:03:46.036Z,dry,ETH-USD,7,place,sell,2730.2,0.0091,quote-ask,rejoin best,e919afe10dbd853cbf7a2df0763b6737
2026-09-22T05:03:46.350Z,dry,ETH-USD,7,place,buy,2729.9,0.0091,quote-bid,join best,d9ddcd5a903defed0b71c027fc16d495
2026-09-22T05:03:46.755Z,dry,ETH-USD,7,cancel,sell,2730.2,0.0091,quote-ask,best moved 2730.2 -> 2730,e919afe10dbd853cbf7a2df0763b6737
2026-09-22T05:03:46.851Z,dry,ETH-USD,7,place,sell,2730,0.0091,quote-ask,rejoin best,04b2afbbbdf7fea4ce5df7973e713c85
2026-09-22T05:03:48.377Z,dry,BTC-USD,6,cancel,sell,85384,0.00029,quote-ask,best moved 85384 -> 85395,f5cf87b089d3becb6b754c69f2870fc3
2026-09-22T05:03:48.473Z,dry,BTC-USD,6,place,sell,85395,0.00029,quote-ask,rejoin best,2a9aee588a6b24d61398384c89d0f615
2026-09-22T05:03:49.190Z,dry,BTC-USD,6,cancel,buy,85383,0.00029,quote-bid,best moved 85383 -> 85391,6f3f9a46ea54cbb7cceec31bb68a9569
2026-09-22T05:03:49.284Z,dry,BTC-USD,6,cancel,sell,85395,0.00029,quote-ask,best moved 85395 -> 85392,2a9aee588a6b24d61398384c89d0f615
2026-09-22T05:03:49.380Z,dry,BTC-USD,6,place,buy,85391,0.00029,quote-bid,rejoin best,fdb671c6bc35f9bbe77735d702a8c80e
2026-09-22T05:03:49.475Z,dry,BTC-USD,6,place,sell,85392,0.00029,quote-ask,rejoin best,6a9362a29d1b7bfd5efb9de0dc390abf
2026-09-22T05:03:49.800Z,dry,ETH-USD,7,place,buy,2729.8,0.0091,quote-bid,join best,b5d490b31a8518e7d2f34b7c5c74971b
2026-09-22T05:03:50.201Z,dry,ETH-USD,7,cancel,sell,2730,0.0091,quote-ask,best moved 2730 -> 2729.9,04b2afbbbdf7fea4ce5df7973e713c85
2026-09-22T05:03:50.297Z,dry,ETH-USD,7,place,sell,2729.9,0.0091,quote-ask,rejoin best,63cb51c179c1ca056e3b9befa4cc57af
2026-09-22T05:03:50.407Z,dry,BTC-USD,6,place,buy,85379,0.00029,quote-bid,join best,923ec600a61bb56ea81fe42f1869be64
2026-09-22T05:03:50.501Z,dry,ETH-USD,7,place,buy,2729.3,0.0091,quote-bid,join best,a36e2fb7de22439d5eca9c3d197b4851
2026-09-22T05:03:50.812Z,dry,BTC-USD,6,cancel,sell,85392,0.00029,quote-ask,best moved 85392 -> 85380,6a9362a29d1b7bfd5efb9de0dc390abf
2026-09-22T05:03:50.907Z,dry,BTC-USD,6,place,sell,85380,0.00029,quote-ask,rejoin best,29001ee5ed7ddeaddaa481a612a26869
2026-09-22T05:03:50.999Z,dry,ETH-USD,7,cancel,buy,2729.3,0.0091,quote-bid,best moved 2729.3 -> 2729.1,a36e2fb7de22439d5eca9c3d197b4851
2026-09-22T05:03:51.093Z,dry,ETH-USD,7,cancel,sell,2729.9,0.0091,quote-ask,best moved 2729.9 -> 2729.4,63cb51c179c1ca056e3b9befa4cc57af
2026-09-22T05:03:51.189Z,dry,ETH-USD,7,place,buy,2729.1,0.0091,quote-bid,rejoin best,52709f30ba73b24c14ac4af072bda030
2026-09-22T05:03:51.284Z,dry,ETH-USD,7,place,sell,2729.4,0.0091,quote-ask,rejoin best,85545713f258b0512e3b8f383f63aba5
2026-09-22T05:03:51.418Z,dry,ETH-USD,7,cancel,buy,2729.1,0.0091,quote-bid,best moved 2729.1 -> 2729.3,52709f30ba73b24c14ac4af072bda030
2026-09-22T05:03:51.517Z,dry,ETH-USD,7,place,buy,2729.3,0.0091,quote-bid,rejoin best,d5f4b7c8e9338d66bbfcfef15e008ec1
2026-09-22T05:03:52.638Z,dry,ETH-USD,7,place,sell,2729.6,0.0091,quote-ask,join best,2bf7d55dc52fb564a86a8cd0c3a70735
2026-09-22T05:03:53.045Z,dry,ETH-USD,7,place,sell,2729.7,0.0091,quote-ask,join best,42b8ef53532595372978f97fcb8e7047
2026-09-22T05:03:53.246Z,dry,ETH-USD,7,place,sell,2730.4,0.0091,quote-ask,join best,92ee89fbf706a8008cc76786a4e91199
2026-09-22T05:03:53.856Z,dry,ETH-USD,7,cancel,sell,2730.4,0.0091,quote-ask,best moved 2730.4 -> 2729.8,92ee89fbf706a8008cc76786a4e91199
2026-09-22T05:03:53.949Z,dry,ETH-USD,7,place,sell,2729.8,0.0091,quote-ask,rejoin best,b4f6a2d290c1beb834e1916a66d09c64
2026-09-22T05:03:54.058Z,dry,ETH-USD,7,cancel,buy,2729.3,0.0091,quote-bid,best moved 2729.3 -> 2729.7,d5f4b7c8e9338d66bbfcfef15e008ec1
2026-09-22T05:03:54.152Z,dry,ETH-USD,7,place,buy,2729.7,0.0091,quote-bid,rejoin best,632eff1e1562e3693711e4cb04c0805b
2026-09-22T05:03:54.463Z,dry,ETH-USD,7,place,buy,2729.6,0.0091,quote-bid,join best,1c5c2d7329308bea76f7f3427a072c68
2026-09-22T05:03:54.867Z,dry,ETH-USD,7,place,buy,2729.2,0.0091,quote-bid,join best,fa3942c194d87ffdaf66be30b1d9f3c0
2026-09-22T05:03:55.475Z,dry,ETH-USD,7,cancel,buy,2729.2,0.0091,quote-bid,best moved 2729.2 -> 2729.3,fa3942c194d87ffdaf66be30b1d9f3c0
2026-09-22T05:03:55.570Z,dry,ETH-USD,7,place,buy,2729.3,0.0091,quote-bid,rejoin best,97d24ce815a3d7256e61753f0fad3da9
2026-09-22T05:03:55.678Z,dry,ETH-USD,7,cancel,sell,2729.8,0.0091,quote-ask,best moved 2729.8 -> 2729.7,b4f6a2d290c1beb834e1916a66d09c64
2026-09-22T05:03:55.773Z,dry,ETH-USD,7,place,sell,2729.7,0.0091,quote-ask,rejoin best,0d2280ed80679f6bb7299d6185c72b63
2026-09-22T05:03:56.897Z,dry,ETH-USD,7,cancel,buy,2729.3,0.0091,quote-bid,best moved 2729.3 -> 2729.4,97d24ce815a3d7256e61753f0fad3da9
2026-09-22T05:03:56.991Z,dry,ETH-USD,7,cancel,sell,2729.7,0.0091,quote-ask,best moved 2729.7 -> 2729.5,0d2280ed80679f6bb7299d6185c72b63
2026-09-22T05:03:57.086Z,dry,ETH-USD,7,place,buy,2729.4,0.0091,quote-bid,rejoin best,ebdcfdd829e3a07cfcbaa5882c50a65e
2026-09-22T05:03:57.179Z,dry,ETH-USD,7,place,sell,2729.5,0.0091,quote-ask,rejoin best,8531446e5ca8483a8da65d020e2faa20
2026-09-22T05:03:58.926Z,dry,ETH-USD,7,place,buy,2729.3,0.0091,quote-bid,join best,de870f502165b2d9c3527c7e58dfb387
2026-09-22T05:03:59.332Z,dry,ETH-USD,7,cancel,sell,2729.5,0.0091,quote-ask,best moved 2729.5 -> 2729.4,8531446e5ca8483a8da65d020e2faa20
2026-09-22T05:03:59.427Z,dry,ETH-USD,7,place,sell,2729.4,0.0091,quote-ask,rejoin best,9c131d5baeeba611e122ecc012369506
2026-09-22T05:03:59.941Z,dry,ETH-USD,7,cancel,buy,2729.3,0.0091,quote-bid,best moved 2729.3 -> 2729.2,de870f502165b2d9c3527c7e58dfb387
2026-09-22T05:04:00.034Z,dry,ETH-USD,7,cancel,sell,2729.4,0.0091,quote-ask,best moved 2729.4 -> 2729.5,9c131d5baeeba611e122ecc012369506
2026-09-22T05:04:00.128Z,dry,ETH-USD,7,place,buy,2729.2,0.0091,quote-bid,rejoin best,a8c48b6299f2415c97dec5cf4291cc59
2026-09-22T05:04:00.224Z,dry,ETH-USD,7,place,sell,2729.5,0.0091,quote-ask,rejoin best,98348fd8d57db0ba319ee93b8bc718dc
2026-09-22T05:04:00.751Z,dry,ETH-USD,7,cancel,sell,2729.5,0.0091,quote-ask,best moved 2729.5 -> 2729.3,98348fd8d57db0ba319ee93b8bc718dc
2026-09-22T05:04:00.847Z,dry,ETH-USD,7,place,sell,2729.3,0.0091,quote-ask,rejoin best,25b4999e02d56cb3a4c30d53688cec9f
2026-09-22T05:04:04.208Z,dry,BTC-USD,6,place,buy,85360,0.00029,quote-bid,join best,709da5855c2b984865c36ff94517f2db
2026-09-22T05:04:05.019Z,dry,BTC-USD,6,cancel,sell,85380,0.00029,quote-ask,best moved 85380 -> 85353,29001ee5ed7ddeaddaa481a612a26869
2026-09-22T05:04:05.116Z,dry,BTC-USD,6,place,sell,85353,0.00029,quote-ask,rejoin best,de1094d7ec8ff3272b648383772fda88
2026-09-22T05:04:05.638Z,dry,ETH-USD,7,cancel,sell,2729.3,0.0091,quote-ask,best moved 2729.3 -> 2728.7,25b4999e02d56cb3a4c30d53688cec9f
2026-09-22T05:04:05.735Z,dry,ETH-USD,7,place,sell,2728.7,0.0091,quote-ask,rejoin best,a21912afc52f957306fb222a49b82260
2026-09-22T05:04:07.075Z,dry,BTC-USD,6,place,buy,85357,0.00029,quote-bid,join best,81091da73054ce60b130b945df59872f
2026-09-22T05:04:07.169Z,dry,BTC-USD,6,place,sell,85358,0.00029,quote-ask,join best,5592c70deefa55d066d6ed1630810ddf
2026-09-22T05:04:08.091Z,dry,ETH-USD,7,cancel,sell,2728.7,0.0091,quote-ask,best moved 2728.7 -> 2728.3,a21912afc52f957306fb222a49b82260
2026-09-22T05:04:08.186Z,dry,ETH-USD,7,place,sell,2728.3,0.0091,quote-ask,rejoin best,e4cfdf963b033eeee3d6088d4f26b905
2026-09-22T05:04:13.986Z,dry,ETH-USD,7,cancel,sell,2728.3,0.0091,quote-ask,best moved 2728.3 -> 2728.2,e4cfdf963b033eeee3d6088d4f26b905
2026-09-22T05:04:14.082Z,dry,ETH-USD,7,place,sell,2728.2,0.0091,quote-ask,rejoin best,be2e96d7d90f4aa47ee8019481d469f5
2026-09-22T05:04:15.407Z,dry,ETH-USD,7,cancel,sell,2728.2,0.0091,quote-ask,best moved 2728.2 -> 2728.1,be2e96d7d90f4aa47ee8019481d469f5
2026-09-22T05:04:15.501Z,dry,ETH-USD,7,place,sell,2728.1,0.0091,quote-ask,rejoin best,257592ac5bda2ecfe4cfa4bc9e47d353
2026-09-22T05:04:17.452Z,dry,BTC-USD,6,cancel,sell,85358,0.00029,quote-ask,best moved 85358 -> 85354,5592c70deefa55d066d6ed1630810ddf
2026-09-22T05:04:17.549Z,dry,BTC-USD,6,place,sell,85354,0.00029,quote-ask,rejoin best,bb9bd5edfd85a6a9d7ccbdcb48ae7859
2026-09-22T05:04:17.657Z,dry,ETH-USD,7,cancel,sell,2728.1,0.0091,quote-ask,best moved 2728.1 -> 2727.8,257592ac5bda2ecfe4cfa4bc9e47d353
2026-09-22T05:04:17.753Z,dry,ETH-USD,7,place,sell,2727.8,0.0091,quote-ask,rejoin best,36779a87aa9a28c7ae1f3c1a28d7e476
2026-09-22T05:04:18.675Z,dry,ETH-USD,7,cancel,sell,2727.8,0.0091,quote-ask,best moved 2727.8 -> 2727.7,36779a87aa9a28c7ae1f3c1a28d7e476
2026-09-22T05:04:18.765Z,dry,ETH-USD,7,place,sell,2727.7,0.0091,quote-ask,rejoin best,4fa3bb2f2d80d58b6e1e4e67af1f3720
2026-09-22T05:04:20.300Z,dry,ETH-USD,7,place,buy,2727.9,0.0091,quote-bid,join best,397cf0545b9371433dc11545a6b01f7b
2026-09-22T05:04:20.393Z,dry,ETH-USD,7,place,sell,2728,0.0091,quote-ask,join best,654c1faa6ff4f60c293b82085828180a
2026-09-22T05:04:20.702Z,dry,ETH-USD,7,place,sell,2728.2,0.0091,quote-ask,join best,0318449392fa80287f663525f8a903d2
2026-09-22T05:04:21.110Z,dry,ETH-USD,7,cancel,buy,2727.9,0.0091,quote-bid,best moved 2727.9 -> 2728.1,397cf0545b9371433dc11545a6b01f7b
2026-09-22T05:04:21.207Z,dry,ETH-USD,7,place,buy,2728.1,0.0091,quote-bid,rejoin best,ad67d64a1234ced2e0f9485f8bb19278
2026-09-22T05:04:24.578Z,dry,BTC-USD,6,place,buy,85357,0.00029,quote-bid,join best,b065775b0c8704625f287cad1875f895
2026-09-22T05:04:24.673Z,dry,BTC-USD,6,place,sell,85367,0.00029,quote-ask,join best,d5534d153c645403b188419043c7e37f
2026-09-22T05:04:24.764Z,dry,ETH-USD,7,cancel,buy,2728.1,0.0091,quote-bid,best moved 2728.1 -> 2728.3,ad67d64a1234ced2e0f9485f8bb19278
2026-09-22T05:04:24.859Z,dry,ETH-USD,7,place,buy,2728.3,0.0091,quote-bid,rejoin best,9d59001615cf30968ecae569def202b0
2026-09-22T05:04:24.960Z,dry,ETH-USD,7,place,sell,2728.4,0.0091,quote-ask,join best,5cc66d903608076b15da198056385bfc
2026-09-22T05:04:25.595Z,dry,BTC-USD,6,cancel,buy,85357,0.00029,quote-bid,best moved 85357 -> 85365,b065775b0c8704625f287cad1875f895
2026-09-22T05:04:25.689Z,dry,BTC-USD,6,cancel,sell,85367,0.00029,quote-ask,best moved 85367 -> 85366,d5534d153c645403b188419043c7e37f
2026-09-22T05:04:25.784Z,dry,BTC-USD,6,place,buy,85365,0.00029,quote-bid,rejoin best,d9283f670d8afe3e8bdb7f2aa12fb9d1
2026-09-22T05:04:25.876Z,dry,BTC-USD,6,place,sell,85366,0.00029,quote-ask,rejoin best,368d38ec33b567014cbc25985e51bc5c
2026-09-22T05:04:25.968Z,dry,ETH-USD,7,cancel,buy,2728.3,0.0091,quote-bid,best moved 2728.3 -> 2728.7,9d59001615cf30968ecae569def202b0
2026-09-22T05:04:26.065Z,dry,ETH-USD,7,place,buy,2728.7,0.0091,quote-bid,rejoin best,f1e12c1f96951f0d980867e2f21d7226
2026-09-22T05:04:26.160Z,dry,ETH-USD,7,place,sell,2729.3,0.0091,quote-ask,join best,ca72acf70cddb0da8469f8e3e9b45f77
2026-09-22T05:04:26.413Z,dry,BTC-USD,6,place,sell,85382,0.00029,quote-ask,join best,4027020441fc2c83c2efb006e025c007
2026-09-22T05:04:26.816Z,dry,BTC-USD,6,cancel,buy,85365,0.00029,quote-bid,best moved 85365 -> 85381,d9283f670d8afe3e8bdb7f2aa12fb9d1
2026-09-22T05:04:26.913Z,dry,BTC-USD,6,place,buy,85381,0.00029,quote-bid,rejoin best,b52ed185a910a00074372b5242912a18
2026-09-22T05:04:27.635Z,dry,ETH-USD,7,cancel,sell,2729.3,0.0091,quote-ask,best moved 2729.3 -> 2728.8,ca72acf70cddb0da8469f8e3e9b45f77
2026-09-22T05:04:27.729Z,dry,ETH-USD,7,place,sell,2728.8,0.0091,quote-ask,rejoin best,2fed5fdf0aa3ee4efb39ac2b89a5733f
2026-09-22T05:04:28.045Z,dry,ETH-USD,7,place,sell,2729.3,0.0091,quote-ask,join best,e2108f139d2c45420d5f107d50289bf2
2026-09-22T05:04:28.446Z,dry,ETH-USD,7,cancel,buy,2728.7,0.0091,quote-bid,best moved 2728.7 -> 2728.8,f1e12c1f96951f0d980867e2f21d7226
2026-09-22T05:04:28.542Z,dry,ETH-USD,7,place,buy,2728.8,0.0091,quote-bid,rejoin best,4f0aef98a8cae3a49496ea6c2d510246
2026-09-22T05:04:28.648Z,dry,ETH-USD,7,cancel,sell,2729.3,0.0091,quote-ask,best moved 2729.3 -> 2728.9,e2108f139d2c45420d5f107d50289bf2
2026-09-22T05:04:28.743Z,dry,ETH-USD,7,place,sell,2728.9,0.0091,quote-ask,rejoin best,cfa8d16a1a96bce3977d583bf26455a6
2026-09-22T05:04:31.081Z,dry,BTC-USD,6,place,sell,85389,0.00029,quote-ask,join best,03fc9fe4552e9f1abf5726e2ec0b63e2
2026-09-22T05:04:31.485Z,dry,BTC-USD,6,cancel,buy,85381,0.00029,quote-bid,best moved 85381 -> 85388,b52ed185a910a00074372b5242912a18
2026-09-22T05:04:31.580Z,dry,BTC-USD,6,place,buy,85388,0.00029,quote-bid,rejoin best,ed69dd1f1ea107d452cda2c62c93fa74
2026-09-22T05:04:32.296Z,dry,ETH-USD,7,cancel,buy,2728.8,0.0091,quote-bid,best moved 2728.8 -> 2729.3,4f0aef98a8cae3a49496ea6c2d510246
2026-09-22T05:04:32.393Z,dry,ETH-USD,7,place,buy,2729.3,0.0091,quote-bid,rejoin best,970f9328248d0f04406648a50d6bacbc
2026-09-22T05:04:33.717Z,dry,BTC-USD,6,place,sell,85394,0.00029,quote-ask,join best,eb5ef59b0cfc538394e86b71cb761057
2026-09-22T05:04:33.918Z,dry,ETH-USD,7,cancel,buy,2729.3,0.0091,quote-bid,best moved 2729.3 -> 2729.6,970f9328248d0f04406648a50d6bacbc
2026-09-22T05:04:34.013Z,dry,ETH-USD,7,place,buy,2729.6,0.0091,quote-bid,rejoin best,5f483f5c50d71ad7ac991dd02c57a0e2
2026-09-22T05:04:34.106Z,dry,ETH-USD,7,reject,buy,2729.6,0.0091,quote-bid,post only order would cross,5f483f5c50d71ad7ac991dd02c57a0e2
2026-09-22T05:04:34.121Z,dry,BTC-USD,6,cancel,buy,85388,0.00029,quote-bid,best moved 85388 -> 85393,ed69dd1f1ea107d452cda2c62c93fa74
2026-09-22T05:04:34.216Z,dry,BTC-USD,6,place,buy,85393,0.00029,quote-bid,rejoin best,83efcbdd215944d0d9171ded51f01618
2026-09-22T05:04:34.306Z,dry,ETH-USD,7,place,buy,2729.4,0.0091,quote-bid,join best,3cc4365cf1718ce2b42c0286522d6572
2026-09-22T05:04:34.928Z,dry,ETH-USD,7,cancel,buy,2729.4,0.0091,quote-bid,best moved 2729.4 -> 2729.5,3cc4365cf1718ce2b42c0286522d6572
2026-09-22T05:04:35.012Z,dry,ETH-USD,7,place,buy,2729.5,0.0091,quote-bid,rejoin best,13d0f0519a70bbbaac282b99d5b6c89d
2026-09-22T05:04:37.163Z,dry,ETH-USD,7,place,buy,2729.4,0.0091,quote-bid,join best,4a63708d06f51d4cea5b9cfa200f046e
2026-09-22T05:04:37.255Z,dry,ETH-USD,7,place,sell,2729.5,0.0091,quote-ask,join best,5049b1daacbd2be0ef7bedb25a8dd98b
2026-09-22T05:04:38.378Z,dry,BTC-USD,6,place,sell,85395,0.00029,quote-ask,join best,d1495cd838011a99bf7bf152f00c259b
2026-09-22T05:04:38.472Z,dry,ETH-USD,7,cancel,buy,2729.4,0.0091,quote-bid,best moved 2729.4 -> 2729.5,4a63708d06f51d4cea5b9cfa200f046e
2026-09-22T05:04:38.568Z,dry,ETH-USD,7,place,buy,2729.5,0.0091,quote-bid,rejoin best,ce420ab6dc4df25a485897b4b697f346
2026-09-22T05:04:38.786Z,dry,BTC-USD,6,cancel,buy,85393,0.00029,quote-bid,best moved 85393 -> 85394,83efcbdd215944d0d9171ded51f01618
2026-09-22T05:04:38.881Z,dry,BTC-USD,6,place,buy,85394,0.00029,quote-bid,rejoin best,118026711b381e9f54237b04b42fa68e
2026-09-22T05:04:39.398Z,dry,ETH-USD,7,place,buy,2729.4,0.0091,quote-bid,join best,9c7906aeb06857513c19314f80dd8991
2026-09-22T05:04:39.491Z,dry,ETH-USD,7,place,sell,2729.5,0.0091,quote-ask,join best,0ed1b0e9afecf91ead94ab66c29ba916
2026-09-22T05:04:42.837Z,dry,ETH-USD,7,cancel,buy,2729.4,0.0091,quote-bid,best moved 2729.4 -> 2729.5,9c7906aeb06857513c19314f80dd8991
2026-09-22T05:04:42.933Z,dry,ETH-USD,7,place,buy,2729.5,0.0091,quote-bid,rejoin best,cea464d2390418f122badbc1d30620cb
2026-09-22T05:04:45.876Z,dry,BTC-USD,6,cancel,buy,85394,0.00029,quote-bid,best moved 85394 -> 85400,118026711b381e9f54237b04b42fa68e
2026-09-22T05:04:45.971Z,dry,BTC-USD,6,place,buy,85400,0.00029,quote-bid,rejoin best,d8ded72b69bbe045ea13613d545cf026
2026-09-22T05:04:46.285Z,dry,ETH-USD,7,place,buy,2729.4,0.0091,quote-bid,join best,ff5e2b77b4fb5a966c1de348c78461bb
2026-09-22T05:04:46.385Z,dry,ETH-USD,7,place,sell,2729.5,0.0091,quote-ask,join best,9f1918e2351b008d72014deb709b8f8b
2026-09-22T05:04:46.490Z,dry,ETH-USD,7,place,buy,2729.3,0.0091,quote-bid,join best,34142e02534280477b1d05c196d690f3
2026-09-22T05:04:46.698Z,dry,BTC-USD,6,place,buy,85392,0.00029,quote-bid,join best,7461d6eacc9797bfd69b01d27a0fb318
2026-09-22T05:04:46.800Z,dry,BTC-USD,6,place,sell,85393,0.00029,quote-ask,join best,56de7aa21cb1e47222ae4d8d69cd2381
2026-09-22T05:04:46.907Z,dry,ETH-USD,7,cancel,sell,2729.5,0.0091,quote-ask,best moved 2729.5 -> 2729.4,9f1918e2351b008d72014deb709b8f8b
2026-09-22T05:04:47.003Z,dry,ETH-USD,7,place,sell,2729.4,0.0091,quote-ask,rejoin best,99a593f3404ecf3d09e0beba2e168d2f
2026-09-22T05:04:47.517Z,dry,ETH-USD,7,place,buy,2729.2,0.0091,quote-bid,join best,25baf04d9e557b498d6cc12117a872ad
2026-09-22T05:04:47.918Z,dry,ETH-USD,7,cancel,sell,2729.4,0.0091,quote-ask,best moved 2729.4 -> 2729.3,99a593f3404ecf3d09e0beba2e168d2f
2026-09-22T05:04:48.015Z,dry,ETH-USD,7,place,sell,2729.3,0.0091,quote-ask,rejoin best,0e094692ad1bd434d1dd02d4d03b0768
2026-09-22T05:04:48.124Z,dry,BTC-USD,6,place,buy,85374,0.00029,quote-bid,join best,2385624d56b5d07fc1d3108d81c6548f
2026-09-22T05:04:48.215Z,dry,ETH-USD,7,place,buy,2729.1,0.0091,quote-bid,join best,0b9ed51432530e7540821167cf1ad3a7
2026-09-22T05:04:48.324Z,dry,ETH-USD,7,reject,buy,2729.1,0.0091,quote-bid,post only order would cross,0b9ed51432530e7540821167cf1ad3a7
2026-09-22T05:04:48.336Z,dry,ETH-USD,7,place,buy,2728.5,0.0091,quote-bid,join best,fd2315ba86465a1a5ce9018e9749dd02
2026-09-22T05:04:48.544Z,dry,BTC-USD,6,place,buy,85364,0.00029,quote-bid,join best,ac93d5caab7a833095d79bbc0ca1d760
2026-09-22T05:04:49.352Z,dry,BTC-USD,6,cancel,buy,85364,0.00029,quote-bid,best moved 85364 -> 85374,ac93d5caab7a833095d79bbc0ca1d760
2026-09-22T05:04:49.444Z,dry,BTC-USD,6,cancel,sell,85393,0.00029,quote-ask,best moved 85393 -> 85375,56de7aa21cb1e47222ae4d8d69cd2381
2026-09-22T05:04:49.541Z,dry,BTC-USD,6,place,buy,85374,0.00029,quote-bid,rejoin best,e97ce0fff9d1bd23205653530155954f
2026-09-22T05:04:49.642Z,dry,BTC-USD,6,place,sell,85375,0.00029,quote-ask,rejoin best,92107a96398b205d85c61ef074c3cafb
2026-09-22T05:04:49.759Z,dry,BTC-USD,6,place,buy,85371,0.00029,quote-bid,join best,c70d5f94b5942508104c337e8f6a5d97
2026-09-22T05:04:50.162Z,dry,BTC-USD,6,cancel,sell,85375,0.00029,quote-ask,best moved 85375 -> 85372,92107a96398b205d85c61ef074c3cafb
2026-09-22T05:04:50.258Z,dry,BTC-USD,6,place,sell,85372,0.00029,quote-ask,rejoin best,d88b46025f80e394e6e9e89189882690
2026-09-22T05:04:50.348Z,dry,ETH-USD,7,cancel,buy,2728.5,0.0091,quote-bid,best moved 2728.5 -> 2728.8,fd2315ba86465a1a5ce9018e9749dd02
2026-09-22T05:04:50.441Z,dry,ETH-USD,7,cancel,sell,2729.3,0.0091,quote-ask,best moved 2729.3 -> 2728.9,0e094692ad1bd434d1dd02d4d03b0768
2026-09-22T05:04:50.536Z,dry,ETH-USD,7,place,buy,2728.8,0.0091,quote-bid,rejoin best,236a9635c03147a6023087ba7f9b1b10
2026-09-22T05:04:50.630Z,dry,ETH-USD,7,place,sell,2728.9,0.0091,quote-ask,rejoin best,319dc4a0a1519d419969fa90fd5de75a
2026-09-22T05:04:50.972Z,dry,ETH-USD,7,place,buy,2728.7,0.0091,quote-bid,join best,b84241a8a55419af83d7add3ebc99140
2026-09-22T05:04:51.378Z,dry,ETH-USD,7,cancel,sell,2728.9,0.0091,quote-ask,best moved 2728.9 -> 2728.8,319dc4a0a1519d419969fa90fd5de75a
2026-09-22T05:04:51.476Z,dry,ETH-USD,7,place,sell,2728.8,0.0091,quote-ask,rejoin best,5a7d25cdebe3c9bf4b9c720bc96d19fc
2026-09-22T05:04:52.189Z,dry,BTC-USD,6,place,buy,85357,0.00029,quote-bid,join best,a860a9ec08f3bbc31a8f394bac6c33b9
2026-09-22T05:04:52.800Z,dry,BTC-USD,6,cancel,buy,85357,0.00029,quote-bid,best moved 85357 -> 85367,a860a9ec08f3bbc31a8f394bac6c33b9
2026-09-22T05:04:52.881Z,dry,BTC-USD,6,cancel,sell,85372,0.00029,quote-ask,best moved 85372 -> 85368,d88b46025f80e394e6e9e89189882690
2026-09-22T05:04:52.991Z,dry,BTC-USD,6,place,buy,85367,0.00029,quote-bid,rejoin best,e587e7081e1dc49e87075a3f732313ff
2026-09-22T05:04:53.083Z,dry,BTC-USD,6,reject,buy,85367,0.00029,quote-bid,post only order would cross,e587e7081e1dc49e87075a3f732313ff
2026-09-22T05:04:53.085Z,dry,BTC-USD,6,place,sell,85368,0.00029,quote-ask,rejoin best,b88ea64f1784b4735f2984ca84abef60
2026-09-22T05:04:53.209Z,dry,BTC-USD,6,place,buy,85363,0.00029,quote-bid,join best,e65b69fcefe50d7e242cb99732db6934
2026-09-22T05:04:53.301Z,dry,ETH-USD,7,cancel,sell,2728.8,0.0091,quote-ask,best moved 2728.8 -> 2728.4,5a7d25cdebe3c9bf4b9c720bc96d19fc
2026-09-22T05:04:53.395Z,dry,ETH-USD,7,place,sell,2728.4,0.0091,quote-ask,rejoin best,19d4e5191590107f5a58b274b9001a41
2026-09-22T05:04:53.615Z,dry,BTC-USD,6,cancel,sell,85368,0.00029,quote-ask,best moved 85368 -> 85364,b88ea64f1784b4735f2984ca84abef60
2026-09-22T05:04:53.712Z,dry,BTC-USD,6,place,sell,85364,0.00029,quote-ask,rejoin best,11811e5c1a116932ea949710201631b7
2026-09-22T05:04:55.250Z,dry,ETH-USD,7,cancel,sell,2728.4,0.0091,quote-ask,best moved 2728.4 -> 2728.3,19d4e5191590107f5a58b274b9001a41
2026-09-22T05:04:55.345Z,dry,ETH-USD,7,place,sell,2728.3,0.0091,quote-ask,rejoin best,12529b786780606c66c0f0881dfc677b
2026-09-22T05:04:56.273Z,dry,ETH-USD,7,place,buy,2728.4,0.0091,quote-bid,join best,2c011f09bec511b3ce05db519066623b
2026-09-22T05:04:56.365Z,dry,ETH-USD,7,place,sell,2728.5,0.0091,quote-ask,join best,f6334d4037a232a62f871f612dedf8be
2026-09-22T05:04:57.901Z,dry,BTC-USD,6,place,sell,85374,0.00029,quote-ask,join best,0150702714233d86f3364a253f3aeb85
2026-09-22T05:04:57.991Z,dry,ETH-USD,7,place,sell,2729.1,0.0091,quote-ask,join best,71e9ea1d9036dfb4d3a29b7733222487
2026-09-22T05:04:58.308Z,dry,BTC-USD,6,cancel,buy,85363,0.00029,quote-bid,best moved 85363 -> 85372,e65b69fcefe50d7e242cb99732db6934
2026-09-22T05:04:58.416Z,dry,BTC-USD,6,place,buy,85372,0.00029,quote-bid,rejoin best,61a199285bc3dbfd147041e92089a7fd
2026-09-22T05:04:58.513Z,dry,BTC-USD,6,cancel,sell,85374,0.00029,quote-ask,best moved 85374 -> 85373,0150702714233d86f3364a253f3aeb85
2026-09-22T05:04:58.625Z,dry,BTC-USD,6,place,sell,85373,0.00029,quote-ask,rejoin best,7e144b03400ef26a2f3c1547c0d1b459
2026-09-22T05:04:58.730Z,dry,ETH-USD,7,cancel,sell,2729.1,0.0091,quote-ask,best moved 2729.1 -> 2728.8,71e9ea1d9036dfb4d3a29b7733222487
2026-09-22T05:04:58.822Z,dry,ETH-USD,7,place,sell,2728.8,0.0091,quote-ask,rejoin best,ee08fefc4376e3d666a3332e5fe6f4bc
2026-09-22T05:04:59.321Z,dry,ETH-USD,7,cancel,sell,2728.8,0.0091,quote-ask,best moved 2728.8 -> 2728.9,ee08fefc4376e3d666a3332e5fe6f4bc
2026-09-22T05:04:59.420Z,dry,ETH-USD,7,place,sell,2728.9,0.0091,quote-ask,rejoin best,0d3d4118ce5633f35df952d556059764
2026-09-22T05:05:01.348Z,dry,ETH-USD,7,place,buy,2728.1,0.0091,quote-bid,join best,19670dac653f098a93dfb412d1022f0d
2026-09-22T05:05:02.572Z,dry,ETH-USD,7,cancel,sell,2728.9,0.0091,quote-ask,best moved 2728.9 -> 2728.1,0d3d4118ce5633f35df952d556059764
2026-09-22T05:05:02.668Z,dry,ETH-USD,7,place,sell,2728.1,0.0091,quote-ask,rejoin best,8d1e78630b398cb0dc1aab14c4018737
2026-09-22T05:05:03.581Z,dry,BTC-USD,6,place,buy,85366,0.00029,quote-bid,join best,a119dd3dc6e16661b97443aed44c962a
2026-09-22T05:05:04.191Z,dry,BTC-USD,6,cancel,sell,85373,0.00029,quote-ask,best moved 85373 -> 85363,7e144b03400ef26a2f3c1547c0d1b459
2026-09-22T05:05:04.286Z,dry,BTC-USD,6,place,sell,85363,0.00029,quote-ask,rejoin best,f871fce14fb4e3c4add5b55af53c7053
2026-09-22T05:05:04.794Z,dry,ETH-USD,7,cancel,sell,2728.1,0.0091,quote-ask,best moved 2728.1 -> 2727.9,8d1e78630b398cb0dc1aab14c4018737
2026-09-22T05:05:04.890Z,dry,ETH-USD,7,place,sell,2727.9,0.0091,quote-ask,rejoin best,508ec375f9304b7d66927f67252ffb50
2026-09-22T05:05:06.418Z,dry,ETH-USD,7,cancel,sell,2727.9,0.0091,quote-ask,best moved 2727.9 -> 2728.1,508ec375f9304b7d66927f67252ffb50
2026-09-22T05:05:06.514Z,dry,ETH-USD,7,place,sell,2728.1,0.0091,quote-ask,rejoin best,7dab11662f02186e5b0ada25084ea83a
2026-09-22T05:05:06.824Z,dry,ETH-USD,7,place,buy,2728.2,0.0091,quote-bid,join best,f8df959b951f57f5cc1b7c113d5fa3d9
2026-09-22T05:05:06.919Z,dry,ETH-USD,7,place,sell,2728.5,0.0091,quote-ask,join best,6aaa308aa0d17fd075d98876b653c0ae
2026-09-22T05:05:07.027Z,dry,BTC-USD,6,place,buy,85370,0.00029,quote-bid,join best,5c81714dfaa3ace1e61f7f52476f98e7
2026-09-22T05:05:07.121Z,dry,BTC-USD,6,place,sell,85371,0.00029,quote-ask,join best,e95b382200209c43e25861101ca86f15
2026-09-22T05:05:07.430Z,dry,ETH-USD,7,cancel,buy,2728.2,0.0091,quote-bid,best moved 2728.2 -> 2728.1,f8df959b951f57f5cc1b7c113d5fa3d9
2026-09-22T05:05:07.526Z,dry,ETH-USD,7,place,buy,2728.1,0.0091,quote-bid,rejoin best,d05fbd1c0e20b8299ff409e3a3771c01
2026-09-22T05:05:08.244Z,dry,ETH-USD,7,cancel,sell,2728.5,0.0091,quote-ask,best moved 2728.5 -> 2728.2,6aaa308aa0d17fd075d98876b653c0ae
2026-09-22T05:05:08.332Z,dry,ETH-USD,7,place,sell,2728.2,0.0091,quote-ask,rejoin best,db6297f6a9612d72f97dd68033311960
2026-09-22T05:05:09.460Z,dry,ETH-USD,7,cancel,sell,2728.2,0.0091,quote-ask,best moved 2728.2 -> 2727.7,db6297f6a9612d72f97dd68033311960
2026-09-22T05:05:09.556Z,dry,ETH-USD,7,place,sell,2727.7,0.0091,quote-ask,rejoin best,9e836cfe58005cb9b80ce9746debcabf
2026-09-22T05:05:09.663Z,dry,BTC-USD,6,cancel,sell,85371,0.00029,quote-ask,best moved 85371 -> 85351,e95b382200209c43e25861101ca86f15
2026-09-22T05:05:09.759Z,dry,BTC-USD,6,place,sell,85351,0.00029,quote-ask,rejoin best,72de916d00ddead574008e0b572f65ed
2026-09-22T05:05:10.476Z,dry,ETH-USD,7,cancel,sell,2727.7,0.0091,quote-ask,best moved 2727.7 -> 2727.6,9e836cfe58005cb9b80ce9746debcabf
2026-09-22T05:05:10.585Z,dry,ETH-USD,7,place,sell,2727.6,0.0091,quote-ask,rejoin best,ffef02ae117dbabbe92202c4010fe720
2026-09-22T05:05:12.508Z,dry,BTC-USD,6,place,buy,85357,0.00029,quote-bid,join best,8abff9d6505ed341bb831bdf6467ecf8
2026-09-22T05:05:12.600Z,dry,BTC-USD,6,place,sell,85358,0.00029,quote-ask,join best,0daac7e886af1766cd3ab6589ec4d57c
2026-09-22T05:05:13.517Z,dry,ETH-USD,7,place,buy,2727.8,0.0091,quote-bid,join best,9d6b515e10d4598af4da5af6fafeee4e
2026-09-22T05:05:13.614Z,dry,ETH-USD,7,place,sell,2727.9,0.0091,quote-ask,join best,e76a5e5acc3a454516e95a1decdea98a
2026-09-22T05:05:15.135Z,dry,BTC-USD,6,place,sell,85366,0.00029,quote-ask,join best,539be7902b539839b28ad9431c182922
2026-09-22T05:05:15.229Z,dry,ETH-USD,7,place,sell,2728,0.0091,quote-ask,join best,86a036324e8060ff36fe6923057d2652
2026-09-22T05:05:15.541Z,dry,BTC-USD,6,cancel,buy,85357,0.00029,quote-bid,best moved 85357 -> 85365,8abff9d6505ed341bb831bdf6467ecf8
2026-09-22T05:05:15.635Z,dry,BTC-USD,6,place,buy,85365,0.00029,quote-bid,rejoin best,c1fc08971a58def7555888a14a4c9da6
2026-09-22T05:05:15.727Z,dry,ETH-USD,7,cancel,buy,2727.8,0.0091,quote-bid,best moved 2727.8 -> 2727.9,9d6b515e10d4598af4da5af6fafeee4e
2026-09-22T05:05:15.824Z,dry,ETH-USD,7,place,buy,2727.9,0.0091,quote-bid,rejoin best,5e88d4abd8c4f9017609b3c0b84e398f
2026-09-22T05:05:15.947Z,dry,ETH-USD,7,place,sell,2728.2,0.0091,quote-ask,join best,6c762847fcf128841f939ebacada8674
2026-09-22T05:05:16.350Z,dry,ETH-USD,7,cancel,buy,2727.9,0.0091,quote-bid,best moved 2727.9 -> 2728,5e88d4abd8c4f9017609b3c0b84e398f
2026-09-22T05:05:16.448Z,dry,ETH-USD,7,place,buy,2728,0.0091,quote-bid,rejoin best,0b8d536c0948261627eeb347f3f4b37c
2026-09-22T05:05:16.758Z,dry,ETH-USD,7,place,sell,2728.4,0.0091,quote-ask,join best,a6036b2c40b5604ed63806a8612be53d
2026-09-22T05:05:17.162Z,dry,ETH-USD,7,cancel,buy,2728,0.0091,quote-bid,best moved 2728 -> 2728.3,0b8d536c0948261627eeb347f3f4b37c
2026-09-22T05:05:17.257Z,dry,ETH-USD,7,place,buy,2728.3,0.0091,quote-bid,rejoin best,2caa1ca5a64462653dbd3e036eaa9ad4
2026-09-22T05:05:17.776Z,dry,BTC-USD,6,place,sell,85372,0.00029,quote-ask,join best,2f734fd0ac684708ce6e585bd3634555
2026-09-22T05:05:17.870Z,dry,ETH-USD,7,cancel,buy,2728.3,0.0091,quote-bid,best moved 2728.3 -> 2728.4,2caa1ca5a64462653dbd3e036eaa9ad4
2026-09-22T05:05:17.967Z,dry,ETH-USD,7,place,buy,2728.4,0.0091,quote-bid,rejoin best,3d44b82e8fdad5926973f4fef1b8d538
2026-09-22T05:05:18.074Z,dry,ETH-USD,7,place,sell,2728.5,0.0091,quote-ask,join best,7c631fb842d13aa7b5c577e0c6d584a8
2026-09-22T05:05:18.180Z,dry,BTC-USD,6,cancel,buy,85365,0.00029,quote-bid,best moved 85365 -> 85371,c1fc08971a58def7555888a14a4c9da6
2026-09-22T05:05:18.276Z,dry,BTC-USD,6,place,buy,85371,0.00029,quote-bid,rejoin best,c29cd196909b8beb6d2f6d32b2a8e064
2026-09-22T05:05:18.365Z,dry,ETH-USD,7,cancel,sell,2728.5,0.0091,quote-ask,best moved 2728.5 -> 2728.4,7c631fb842d13aa7b5c577e0c6d584a8
2026-09-22T05:05:18.461Z,dry,ETH-USD,7,place,buy,2728.3,0.0091,quote-bid,join best,23cda135ee4ef7fbe976816f7386d5c0
2026-09-22T05:05:18.566Z,dry,ETH-USD,7,place,sell,2728.4,0.0091,quote-ask,rejoin best,3c6c62cae2a70ae025188190fca0c5ea
2026-09-22T05:05:18.990Z,dry,BTC-USD,6,place,buy,85365,0.00029,quote-bid,join best,efae4722d63e041e7cf932fbb4538ada
2026-09-22T05:05:19.099Z,dry,ETH-USD,7,place,buy,2727.6,0.0091,quote-bid,join best,34cebebcf80ab60bb258f5ec4dd6da9e
2026-09-22T05:05:19.396Z,dry,BTC-USD,6,place,buy,85363,0.00029,quote-bid,join best,ad41829e8b54184903c9cd6bca1969e3
2026-09-22T05:05:19.799Z,dry,BTC-USD,6,cancel,sell,85372,0.00029,quote-ask,best moved 85372 -> 85364,2f734fd0ac684708ce6e585bd3634555
2026-09-22T05:05:19.895Z,dry,BTC-USD,6,place,sell,85364,0.00029,quote-ask,rejoin best,5cdbd22fb87917073ae1a90748904c09
2026-09-22T05:05:20.612Z,dry,ETH-USD,7,cancel,buy,2727.6,0.0091,quote-bid,best moved 2727.6 -> 2727.7,34cebebcf80ab60bb258f5ec4dd6da9e
2026-09-22T05:05:20.725Z,dry,ETH-USD,7,place,buy,2727.7,0.0091,quote-bid,rejoin best,afb4f245b94445ea86e229c5856f9dc5
2026-09-22T05:05:20.818Z,dry,ETH-USD,7,reject,buy,2727.7,0.0091,quote-bid,post only order would cross,afb4f245b94445ea86e229c5856f9dc5
2026-09-22T05:05:21.026Z,dry,ETH-USD,7,place,buy,2727.6,0.0091,quote-bid,join best,b20ebf28f5ba98893a4f8c15878e9538
2026-09-22T05:05:21.431Z,dry,ETH-USD,7,cancel,sell,2728.4,0.0091,quote-ask,best moved 2728.4 -> 2727.7,3c6c62cae2a70ae025188190fca0c5ea
2026-09-22T05:05:21.542Z,dry,ETH-USD,7,place,sell,2727.7,0.0091,quote-ask,rejoin best,ce4664df6c71990cc7ab4313042c5e69
2026-09-22T05:05:25.105Z,dry,ETH-USD,7,place,sell,2727.9,0.0091,quote-ask,join best,e07219a9091e4bca20a090cd02e7613b
2026-09-22T05:05:25.508Z,dry,ETH-USD,7,cancel,buy,2727.6,0.0091,quote-bid,best moved 2727.6 -> 2727.8,b20ebf28f5ba98893a4f8c15878e9538
2026-09-22T05:05:25.630Z,dry,ETH-USD,7,place,buy,2727.8,0.0091,quote-bid,rejoin best,46d96cff3ded8ad67fb34da29d6d801a
2026-09-22T05:05:27.146Z,dry,ETH-USD,7,place,buy,2727.7,0.0091,quote-bid,join best,58cb53a84c335b8bf26c8fe4ac64ccd1
2026-09-22T05:05:28.169Z,dry,ETH-USD,7,cancel,buy,2727.7,0.0091,quote-bid,best moved 2727.7 -> 2727.8,58cb53a84c335b8bf26c8fe4ac64ccd1
2026-09-22T05:05:28.264Z,dry,ETH-USD,7,place,buy,2727.8,0.0091,quote-bid,rejoin best,d567c2d39b053254c99f54c5f3e59029
2026-09-22T05:05:28.778Z,dry,ETH-USD,7,place,sell,2728.1,0.0091,quote-ask,join best,02fc4f305e21e37ceb8300980833daf6
2026-09-22T05:05:29.787Z,dry,ETH-USD,7,cancel,buy,2727.8,0.0091,quote-bid,best moved 2727.8 -> 2727.9,d567c2d39b053254c99f54c5f3e59029
2026-09-22T05:05:29.871Z,dry,ETH-USD,7,cancel,sell,2728.1,0.0091,quote-ask,best moved 2728.1 -> 2728,02fc4f305e21e37ceb8300980833daf6
2026-09-22T05:05:29.974Z,dry,ETH-USD,7,place,buy,2727.9,0.0091,quote-bid,rejoin best,a809e6948d3b15b8a26f07be37602a84
2026-09-22T05:05:30.069Z,dry,ETH-USD,7,place,sell,2728,0.0091,quote-ask,rejoin best,8d2af5b8bf16080ae4e82e74c1990977
2026-09-22T05:05:30.160Z,dry,ETH-USD,7,reject,sell,2728,0.0091,quote-ask,post only order would cross,8d2af5b8bf16080ae4e82e74c1990977
2026-09-22T05:05:30.193Z,dry,BTC-USD,6,place,sell,85372,0.00029,quote-ask,join best,b0f5860197cbbde1d502d7d477f0a687
2026-09-22T05:05:30.285Z,dry,ETH-USD,7,place,sell,2728.4,0.0091,quote-ask,join best,8425d04af1438c366c39544135f33b9b
2026-09-22T05:05:30.596Z,dry,BTC-USD,6,cancel,buy,85363,0.00029,quote-bid,best moved 85363 -> 85371,ad41829e8b54184903c9cd6bca1969e3
2026-09-22T05:05:30.692Z,dry,BTC-USD,6,place,buy,85371,0.00029,quote-bid,rejoin best,2076199497d6411ff4fd8aa4e8b84384
2026-09-22T05:05:30.800Z,dry,ETH-USD,7,cancel,buy,2727.9,0.0091,quote-bid,best moved 2727.9 -> 2728.2,a809e6948d3b15b8a26f07be37602a84
2026-09-22T05:05:30.895Z,dry,ETH-USD,7,place,buy,2728.2,0.0091,quote-bid,rejoin best,24a2423c025e30e502184cc2cc0a55ba
2026-09-22T05:05:31.018Z,dry,ETH-USD,7,place,buy,2728,0.0091,quote-bid,join best,7d5bcd4dc497cfe0ec2baaff79234bd9
2026-09-22T05:05:31.424Z,dry,ETH-USD,7,cancel,sell,2728.4,0.0091,quote-ask,best moved 2728.4 -> 2728.1,8425d04af1438c366c39544135f33b9b
2026-09-22T05:05:31.517Z,dry,ETH-USD,7,place,sell,2728.1,0.0091,quote-ask,rejoin best,e6259d8fd3f9b5fac727eaaaafc9b198
2026-09-22T05:05:33.653Z,dry,ETH-USD,7,place,buy,2727.8,0.0091,quote-bid,join best,52e9dd33afe3b452e5d1bae4fe947c2c
2026-09-22T05:05:33.858Z,dry,ETH-USD,7,place,buy,2727.7,0.0091,quote-bid,join best,119d2d98729ab3b98d6a3a9c62577220
2026-09-22T05:05:34.262Z,dry,ETH-USD,7,cancel,sell,2728.1,0.0091,quote-ask,best moved 2728.1 -> 2727.8,e6259d8fd3f9b5fac727eaaaafc9b198
2026-09-22T05:05:34.355Z,dry,ETH-USD,7,place,sell,2727.8,0.0091,quote-ask,rejoin best,b60f469f365d581886112c2fdf0ad5f1
2026-09-22T05:05:35.277Z,dry,ETH-USD,7,cancel,sell,2727.8,0.0091,quote-ask,best moved 2727.8 -> 2728.1,b60f469f365d581886112c2fdf0ad5f1
2026-09-22T05:05:35.373Z,dry,ETH-USD,7,place,sell,2728.1,0.0091,quote-ask,rejoin best,26243cfbc678e5fb654421c1f4de4b32
2026-09-22T05:05:36.086Z,dry,ETH-USD,7,cancel,sell,2728.1,0.0091,quote-ask,best moved 2728.1 -> 2727.8,26243cfbc678e5fb654421c1f4de4b32
2026-09-22T05:05:36.187Z,dry,ETH-USD,7,place,sell,2727.8,0.0091,quote-ask,rejoin best,64da23f69785d977a04c64167caa405a
2026-09-22T05:05:40.966Z,dry,ETH-USD,7,place,sell,2728.3,0.0091,quote-ask,join best,473113a3de27abcf7caf7514549dd8d9
2026-09-22T05:05:41.168Z,dry,BTC-USD,6,place,sell,85382,0.00029,quote-ask,join best,62027833a1860fc187ae03493f4745f7
2026-09-22T05:05:41.262Z,dry,ETH-USD,7,place,sell,2728.4,0.0091,quote-ask,join best,11b76437f97b85f2a712dc4095ea0c05
2026-09-22T05:05:41.574Z,dry,BTC-USD,6,cancel,buy,85371,0.00029,quote-bid,best moved 85371 -> 85381,2076199497d6411ff4fd8aa4e8b84384
2026-09-22T05:05:41.668Z,dry,BTC-USD,6,place,buy,85381,0.00029,quote-bid,rejoin best,19a5aba1a1c1e6641f030cef88a616e0
2026-09-22T05:05:41.777Z,dry,ETH-USD,7,cancel,buy,2727.7,0.0091,quote-bid,best moved 2727.7 -> 2728.3,119d2d98729ab3b98d6a3a9c62577220
2026-09-22T05:05:41.883Z,dry,ETH-USD,7,place,buy,2728.3,0.0091,quote-bid,rejoin best,98e103767a65ab055810ac7b0f86e775
2026-09-22T05:05:41.984Z,dry,ETH-USD,7,place,sell,2728.7,0.0091,quote-ask,join best,b055f3282de23bd8b4cc4a537b4556bc
2026-09-22T05:05:42.186Z,dry,BTC-USD,6,place,sell,85390,0.00029,quote-ask,join best,80edfc5637e0d127442a9fcd988f9981
2026-09-22T05:05:42.590Z,dry,BTC-USD,6,cancel,buy,85381,0.00029,quote-bid,best moved 85381 -> 85389,19a5aba1a1c1e6641f030cef88a616e0
2026-09-22T05:05:42.686Z,dry,BTC-USD,6,place,buy,85389,0.00029,quote-bid,rejoin best,ea2fbb4e0bd960f93e619324466075ae
2026-09-22T05:05:42.792Z,dry,ETH-USD,7,cancel,buy,2728.3,0.0091,quote-bid,best moved 2728.3 -> 2728.7,98e103767a65ab055810ac7b0f86e775
2026-09-22T05:05:42.887Z,dry,ETH-USD,7,place,buy,2728.7,0.0091,quote-bid,rejoin best,e88e188eb960ee0ecb6282e839d8ac4c
2026-09-22T05:05:44.209Z,dry,ETH-USD,7,cancel,buy,2728.7,0.0091,quote-bid,best moved 2728.7 -> 2728.5,e88e188eb960ee0ecb6282e839d8ac4c
2026-09-22T05:05:44.304Z,dry,ETH-USD,7,place,buy,2728.5,0.0091,quote-bid,rejoin best,fdd29b18a14a54550f5df11199907683
2026-09-22T05:05:45.017Z,dry,ETH-USD,7,cancel,buy,2728.5,0.0091,quote-bid,best moved 2728.5 -> 2728.4,fdd29b18a14a54550f5df11199907683
2026-09-22T05:05:45.117Z,dry,ETH-USD,7,place,buy,2728.4,0.0091,quote-bid,rejoin best,1a591aa7b8ef9852c1b7942fa6439161
2026-09-22T05:05:46.042Z,dry,ETH-USD,7,cancel,buy,2728.4,0.0091,quote-bid,best moved 2728.4 -> 2728.5,1a591aa7b8ef9852c1b7942fa6439161
2026-09-22T05:05:46.138Z,dry,ETH-USD,7,place,buy,2728.5,0.0091,quote-bid,rejoin best,f15a5fab6af4f23e0a52f1bf327782af
2026-09-22T05:05:47.661Z,dry,ETH-USD,7,cancel,buy,2728.5,0.0091,quote-bid,best moved 2728.5 -> 2728.6,f15a5fab6af4f23e0a52f1bf327782af
2026-09-22T05:05:47.755Z,dry,ETH-USD,7,place,buy,2728.6,0.0091,quote-bid,rejoin best,312879f0cb5911a2fe1938e8127c5307
2026-09-22T05:05:51.116Z,dry,ETH-USD,7,cancel,buy,2728.6,0.0091,quote-bid,best moved 2728.6 -> 2728.7,312879f0cb5911a2fe1938e8127c5307
2026-09-22T05:05:51.199Z,dry,ETH-USD,7,place,buy,2728.7,0.0091,quote-bid,rejoin best,977e777ca19fc680e72ec3e5f6117461
2026-09-22T05:05:52.131Z,dry,ETH-USD,7,cancel,buy,2728.7,0.0091,quote-bid,best moved 2728.7 -> 2728.9,977e777ca19fc680e72ec3e5f6117461
2026-09-22T05:05:52.220Z,dry,ETH-USD,7,place,buy,2728.9,0.0091,quote-bid,rejoin best,3e3d7c05f09fa03bc66fc35f158c2e33
2026-09-22T05:05:59.887Z,dry,ETH-USD,7,place,buy,2728.7,0.0091,quote-bid,join best,9afbde0ee743b0aae419db613514059d
2026-09-22T05:05:59.988Z,dry,ETH-USD,7,place,sell,2728.9,0.0091,quote-ask,join best,8a7f4b93867d221fd4d10ab96797ab19
2026-09-22T05:06:00.492Z,dry,ETH-USD,7,cancel,buy,2728.7,0.0091,quote-bid,best moved 2728.7 -> 2728.8,9afbde0ee743b0aae419db613514059d
2026-09-22T05:06:00.588Z,dry,ETH-USD,7,place,buy,2728.8,0.0091,quote-bid,rejoin best,eca7e474a674c7e606edfd2b88176a6e
2026-09-22T05:06:01.301Z,dry,ETH-USD,7,cancel,buy,2728.8,0.0091,quote-bid,best moved 2728.8 -> 2728.9,eca7e474a674c7e606edfd2b88176a6e
2026-09-22T05:06:01.396Z,dry,ETH-USD,7,place,buy,2728.9,0.0091,quote-bid,rejoin best,f6aba6292467c3271b431790c6bbfccf
2026-09-22T05:06:04.141Z,dry,ETH-USD,7,place,buy,2728.6,0.0091,quote-bid,join best,a784a64c4f02b3e9de7236521a965f72
2026-09-22T05:06:04.231Z,dry,ETH-USD,7,place,sell,2728.7,0.0091,quote-ask,join best,ae878f29fa1d3514e50112505c7acc35
2026-09-22T05:06:04.952Z,dry,BTC-USD,6,place,buy,85381,0.00029,quote-bid,join best,af23bbb0a97c1317191aefae2ae60117
2026-09-22T05:06:05.043Z,dry,ETH-USD,7,place,buy,2728.4,0.0091,quote-bid,join best,4941c8b266918d09015f466fbd49b86d
2026-09-22T05:06:05.133Z,dry,ETH-USD,7,reject,buy,2728.4,0.0091,quote-bid,post only order would cross,4941c8b266918d09015f466fbd49b86d
2026-09-22T05:06:05.167Z,dry,ETH-USD,7,place,buy,2727.9,0.0091,quote-bid,join best,9f77fcc8b4d7f0db070a2998dd2cbfb7
2026-09-22T05:06:05.568Z,dry,BTC-USD,6,cancel,sell,85390,0.00029,quote-ask,best moved 85390 -> 85382,80edfc5637e0d127442a9fcd988f9981
2026-09-22T05:06:05.664Z,dry,BTC-USD,6,place,sell,85382,0.00029,quote-ask,rejoin best,4589219265bbf0f970ce606929e818d3
2026-09-22T05:06:06.378Z,dry,ETH-USD,7,cancel,sell,2728.7,0.0091,quote-ask,best moved 2728.7 -> 2728.6,ae878f29fa1d3514e50112505c7acc35
2026-09-22T05:06:06.475Z,dry,ETH-USD,7,place,sell,2728.6,0.0091,quote-ask,rejoin best,bec27ffe23aed262bd8c1f29918a9916
2026-09-22T05:06:06.565Z,dry,ETH-USD,7,reject,sell,2728.6,0.0091,quote-ask,post only order would cross,bec27ffe23aed262bd8c1f29918a9916
2026-09-22T05:06:06.582Z,dry,ETH-USD,7,place,sell,2728.7,0.0091,quote-ask,join best,a80d11abfc3c36e191a12ccf75e20808
2026-09-22T05:06:06.987Z,dry,ETH-USD,7,cancel,buy,2727.9,0.0091,quote-bid,best moved 2727.9 -> 2728.6,9f77fcc8b4d7f0db070a2998dd2cbfb7
2026-09-22T05:06:07.097Z,dry,ETH-USD,7,place,buy,2728.6,0.0091,quote-bid,rejoin best,f3d7e899ed7ed776858adce0cdfad226
2026-09-22T05:06:07.598Z,dry,BTC-USD,6,place,sell,85388,0.00029,quote-ask,join best,895476d093acf967142e898cd8b202db
2026-09-22T05:06:08.000Z,dry,BTC-USD,6,cancel,buy,85381,0.00029,quote-bid,best moved 85381 -> 85387,af23bbb0a97c1317191aefae2ae60117
2026-09-22T05:06:08.095Z,dry,BTC-USD,6,place,buy,85387,0.00029,quote-bid,rejoin best,a7a39aba8f4b133d15010cd59b3329a3
2026-09-22T05:06:08.613Z,dry,ETH-USD,7,place,sell,2728.8,0.0091,quote-ask,join best,ea8fba0bf0aa03cd10d0c470163d1971
2026-09-22T05:06:09.014Z,dry,ETH-USD,7,cancel,buy,2728.6,0.0091,quote-bid,best moved 2728.6 -> 2728.7,f3d7e899ed7ed776858adce0cdfad226
2026-09-22T05:06:09.110Z,dry,ETH-USD,7,place,buy,2728.7,0.0091,quote-bid,rejoin best,582338abb801b05706b4ced3cc8814ce
2026-09-22T05:06:15.305Z,dry,BTC-USD,6,place,sell,85390,0.00029,quote-ask,join best,69edde70cf520ba0524a249e605357d7
2026-09-22T05:06:15.708Z,dry,BTC-USD,6,cancel,buy,85387,0.00029,quote-bid,best moved 85387 -> 85389,a7a39aba8f4b133d15010cd59b3329a3
2026-09-22T05:06:15.803Z,dry,BTC-USD,6,place,buy,85389,0.00029,quote-bid,rejoin best,0c01fa9ab086076edf4b1cca7c9105c7
2026-09-22T05:06:15.886Z,dry,ETH-USD,7,cancel,buy,2728.7,0.0091,quote-bid,best moved 2728.7 -> 2728.6,582338abb801b05706b4ced3cc8814ce
2026-09-22T05:06:15.991Z,dry,ETH-USD,7,place,buy,2728.6,0.0091,quote-bid,rejoin best,6c6540a5dfba2d76e377287b1c2c89f5
2026-09-22T05:06:16.517Z,dry,ETH-USD,7,cancel,buy,2728.6,0.0091,quote-bid,best moved 2728.6 -> 2728.7,6c6540a5dfba2d76e377287b1c2c89f5
2026-09-22T05:06:16.615Z,dry,ETH-USD,7,place,buy,2728.7,0.0091,quote-bid,rejoin best,bba320022195fa34ae92851735489e73
2026-09-22T05:06:17.752Z,dry,ETH-USD,7,cancel,buy,2728.7,0.0091,quote-bid,best moved 2728.7 -> 2729.1,bba320022195fa34ae92851735489e73
2026-09-22T05:06:17.848Z,dry,ETH-USD,7,place,buy,2729.1,0.0091,quote-bid,rejoin best,53d740c0795a429fbe473f20b8eea139
2026-09-22T05:06:17.939Z,dry,ETH-USD,7,reject,buy,2729.1,0.0091,quote-bid,post only order would cross,53d740c0795a429fbe473f20b8eea139
2026-09-22T05:06:17.953Z,dry,ETH-USD,7,place,buy,2728.9,0.0091,quote-bid,join best,c7478f971637da45a477b5117eff7d24
2026-09-22T05:06:19.984Z,dry,BTC-USD,6,cancel,buy,85389,0.00029,quote-bid,best moved 85389 -> 85413,0c01fa9ab086076edf4b1cca7c9105c7
2026-09-22T05:06:20.076Z,dry,BTC-USD,6,place,buy,85413,0.00029,quote-bid,rejoin best,074fc2527e696d3d2be6d9e65b3e9e15
2026-09-22T05:06:20.592Z,dry,BTC-USD,6,place,buy,85410,0.00029,quote-bid,join best,2dd9475372759b8321ec9ad606e9e020
2026-09-22T05:06:20.686Z,dry,BTC-USD,6,place,sell,85411,0.00029,quote-ask,join best,846aac0a4ca2f829f5f4fd7975074a47
2026-09-22T05:06:21.198Z,dry,ETH-USD,7,cancel,buy,2728.9,0.0091,quote-bid,best moved 2728.9 -> 2729.6,c7478f971637da45a477b5117eff7d24
2026-09-22T05:06:21.293Z,dry,ETH-USD,7,place,buy,2729.6,0.0091,quote-bid,rejoin best,1761a4549d0a13e122fc0848df9c2395
2026-09-22T05:06:23.432Z,dry,ETH-USD,7,cancel,buy,2729.6,0.0091,quote-bid,best moved 2729.6 -> 2729.7,1761a4549d0a13e122fc0848df9c2395
2026-09-22T05:06:23.527Z,dry,ETH-USD,7,place,buy,2729.7,0.0091,quote-bid,rejoin best,a471c1ac54cc9d6522e782620185ee77
2026-09-22T05:06:25.058Z,dry,BTC-USD,6,place,buy,85404,0.00029,quote-bid,join best,8cff4abacdd58e62ccc46a035c636004
2026-09-22T05:06:25.149Z,dry,ETH-USD,7,place,buy,2729.3,0.0091,quote-bid,join best,a338931a11ba5f872cc2dcba222164ce
2026-09-22T05:06:25.246Z,dry,ETH-USD,7,place,sell,2729.4,0.0091,quote-ask,join best,d089b9bc4f409f0cd230f12e90473416
2026-09-22T05:06:25.861Z,dry,BTC-USD,6,cancel,sell,85411,0.00029,quote-ask,best moved 85411 -> 85405,846aac0a4ca2f829f5f4fd7975074a47
2026-09-22T05:06:25.958Z,dry,BTC-USD,6,place,sell,85405,0.00029,quote-ask,rejoin best,14e090ad0a8fe70d19d49e6c63a5d78b
2026-09-22T05:06:26.267Z,dry,ETH-USD,7,cancel,buy,2729.3,0.0091,quote-bid,best moved 2729.3 -> 2729.5,a338931a11ba5f872cc2dcba222164ce
2026-09-22T05:06:26.362Z,dry,ETH-USD,7,place,buy,2729.5,0.0091,quote-bid,rejoin best,cac8e201d58caf541a0db1558e9163a7
2026-09-22T05:06:28.296Z,dry,BTC-USD,6,place,buy,85401,0.00029,quote-bid,join best,d05c0bc62bb7d104c944b745a76b9741
2026-09-22T05:06:28.377Z,dry,ETH-USD,7,cancel,buy,2729.5,0.0091,quote-bid,best moved 2729.5 -> 2729.8,cac8e201d58caf541a0db1558e9163a7
2026-09-22T05:06:28.482Z,dry,ETH-USD,7,place,buy,2729.8,0.0091,quote-bid,rejoin best,5bb350e49bdd276de7e786107aeb3b74
2026-09-22T05:06:28.701Z,dry,BTC-USD,6,place,sell,85420,0.00029,quote-ask,join best,213185d3816828cc0e5f5c2f861ec7d4
2026-09-22T05:06:29.104Z,dry,BTC-USD,6,cancel,buy,85401,0.00029,quote-bid,best moved 85401 -> 85419,d05c0bc62bb7d104c944b745a76b9741
2026-09-22T05:06:29.197Z,dry,BTC-USD,6,place,buy,85419,0.00029,quote-bid,rejoin best,9fbe3a462b87ba1bbe8a2b0c7764d93d
2026-09-22T05:06:29.288Z,dry,ETH-USD,7,cancel,buy,2729.8,0.0091,quote-bid,best moved 2729.8 -> 2729.9,5bb350e49bdd276de7e786107aeb3b74
2026-09-22T05:06:29.384Z,dry,ETH-USD,7,place,buy,2729.9,0.0091,quote-bid,rejoin best,8791c6355f4d205e43503b57962398f0
2026-09-22T05:06:33.365Z,dry,BTC-USD,6,place,sell,85436,0.00029,quote-ask,join best,928793ce3eabbd44b2b9f6dd5e6e9cec
2026-09-22T05:06:33.972Z,dry,BTC-USD,6,cancel,buy,85419,0.00029,quote-bid,best moved 85419 -> 85431,9fbe3a462b87ba1bbe8a2b0c7764d93d
2026-09-22T05:06:34.066Z,dry,BTC-USD,6,cancel,sell,85436,0.00029,quote-ask,best moved 85436 -> 85432,928793ce3eabbd44b2b9f6dd5e6e9cec
2026-09-22T05:06:34.163Z,dry,BTC-USD,6,place,buy,85431,0.00029,quote-bid,rejoin best,76f7c091ee0fae7032e19e45271ee7df
2026-09-22T05:06:34.257Z,dry,BTC-USD,6,place,sell,85432,0.00029,quote-ask,rejoin best,af450dcc92d89e1ec7489cff3161b2c5
2026-09-22T05:06:34.348Z,dry,ETH-USD,7,cancel,buy,2729.9,0.0091,quote-bid,best moved 2729.9 -> 2730.3,8791c6355f4d205e43503b57962398f0
2026-09-22T05:06:34.443Z,dry,ETH-USD,7,place,buy,2730.3,0.0091,quote-bid,rejoin best,2fe8ad5dad3e2e8a3ee2d569b0085dec
2026-09-22T05:06:34.988Z,dry,ETH-USD,7,place,buy,2730,0.0091,quote-bid,join best,91887e08fdb1f8951b633f8d6a5c732c
2026-09-22T05:06:35.082Z,dry,ETH-USD,7,place,sell,2730.2,0.0091,quote-ask,join best,6619487d5d366e6ee4c1d5b018ff1bb6
2026-09-22T05:06:35.191Z,dry,BTC-USD,6,place,buy,85430,0.00029,quote-bid,join best,294c78e2ba00e79fb46c9929d673aa9c
2026-09-22T05:06:35.596Z,dry,BTC-USD,6,cancel,sell,85432,0.00029,quote-ask,best moved 85432 -> 85431,af450dcc92d89e1ec7489cff3161b2c5
2026-09-22T05:06:35.691Z,dry,BTC-USD,6,place,sell,85431,0.00029,quote-ask,rejoin best,151ca4ebb93966163236e325d81b2c6f
2026-09-22T05:06:35.784Z,dry,ETH-USD,7,cancel,buy,2730,0.0091,quote-bid,best moved 2730 -> 2730.1,91887e08fdb1f8951b633f8d6a5c732c
2026-09-22T05:06:35.876Z,dry,ETH-USD,7,place,buy,2730.1,0.0091,quote-bid,rejoin best,9e18a24ee314920828097b3e00066423
2026-09-22T05:06:41.270Z,dry,ETH-USD,7,cancel,buy,2730.1,0.0091,quote-bid,flatten owns instrument,9e18a24ee314920828097b3e00066423
2026-09-22T05:06:41.364Z,dry,ETH-USD,7,cancel,sell,2730.2,0.0091,quote-ask,flatten owns instrument,6619487d5d366e6ee4c1d5b018ff1bb6
2026-09-22T05:06:41.460Z,dry,ETH-USD,7,place,buy,2730.1,0.0182,flatten-post,passive exit,a9f01b44cb7e73acf83fb138822247c6
2026-09-22T05:06:43.507Z,dry,ETH-USD,7,cancel,buy,2730.1,0.0182,flatten-post,re-peg flatten,a9f01b44cb7e73acf83fb138822247c6
2026-09-22T05:06:43.710Z,dry,ETH-USD,7,place,buy,2730.2,0.0182,flatten-post,passive exit,302ac85881600ed2e3c20e1d809f741f
2026-09-22T05:06:45.734Z,dry,ETH-USD,7,cancel,buy,2730.2,0.0182,flatten-post,re-peg flatten,302ac85881600ed2e3c20e1d809f741f
2026-09-22T05:06:45.938Z,dry,ETH-USD,7,place,buy,2730.3,0.0182,flatten-post,passive exit,896139bbfe60dfc35cf0b50e82406d3f
2026-09-22T05:06:47.760Z,dry,ETH-USD,7,cancel,buy,2730.3,0.0182,flatten-post,re-peg flatten,896139bbfe60dfc35cf0b50e82406d3f
2026-09-22T05:06:47.969Z,dry,BTC-USD,6,place,sell,85440,0.00029,quote-ask,join best,ad4e4ef41a4808774c6e4d26eebefd85
2026-09-22T05:06:48.065Z,dry,ETH-USD,7,place,buy,2730.6,0.0182,flatten-post,passive exit,4bd3bdf453204f0353f8399552ad82dc
2026-09-22T05:06:48.375Z,dry,BTC-USD,6,cancel,buy,85430,0.00029,quote-bid,best moved 85430 -> 85439,294c78e2ba00e79fb46c9929d673aa9c
2026-09-22T05:06:48.469Z,dry,BTC-USD,6,place,buy,85439,0.00029,quote-bid,rejoin best,cb002b4a246c6cc8e3000ad419c707af
2026-09-22T05:06:48.577Z,dry,ETH-USD,7,cancel,buy,2730.6,0.0182,flatten-post,re-peg flatten,4bd3bdf453204f0353f8399552ad82dc
2026-09-22T05:06:48.796Z,dry,ETH-USD,7,place,buy,2730.9,0.0182,flatten-post,passive exit,0bf87ae294f7ef27091ba62ab75fc753
2026-09-22T05:06:50.823Z,dry,ETH-USD,7,cancel,buy,2730.9,0.0182,flatten-post,re-peg flatten,0bf87ae294f7ef27091ba62ab75fc753
2026-09-22T05:06:51.028Z,dry,BTC-USD,6,cancel,buy,85439,0.00029,quote-bid,best moved 85439 -> 85447,cb002b4a246c6cc8e3000ad419c707af
2026-09-22T05:06:51.139Z,dry,BTC-USD,6,place,buy,85447,0.00029,quote-bid,rejoin best,3b2521551e5740b7658d88b668b1c2f4
2026-09-22T05:06:51.233Z,dry,ETH-USD,7,place,buy,2730.9,0.0182,flatten-post,passive exit,2c1e4069a98c23602923f5cd4c5a3122
2026-09-22T05:06:53.077Z,dry,BTC-USD,6,place,buy,85446,0.00029,quote-bid,join best,b2948f3ee7d86a82dabc75e5625355a7
2026-09-22T05:06:53.170Z,dry,BTC-USD,6,place,sell,85447,0.00029,quote-ask,join best,f578d4c7155a3e2cd1a9d48cbda90aa8
2026-09-22T05:06:53.266Z,dry,ETH-USD,7,place,buy,2730.7,0.0091,quote-bid,join best,34d1eead3a850b07fb954bdab47c5b49
2026-09-22T05:06:53.372Z,dry,ETH-USD,7,place,sell,2730.8,0.0091,quote-ask,join best,cc7732c5e65ceb3fed39fe25c6eecc1c
2026-09-22T05:06:53.495Z,dry,BTC-USD,6,place,buy,85439,0.00029,quote-bid,join best,ee39a415aee2acc99c31127ac53011a2
2026-09-22T05:06:53.904Z,dry,BTC-USD,6,cancel,sell,85447,0.00029,quote-ask,best moved 85447 -> 85440,f578d4c7155a3e2cd1a9d48cbda90aa8
2026-09-22T05:06:54.001Z,dry,BTC-USD,6,place,sell,85440,0.00029,quote-ask,rejoin best,07ff4bb1f1d73f42d930a8bd2e215210
2026-09-22T05:06:56.557Z,dry,ETH-USD,7,cancel,buy,2730.7,0.0091,quote-bid,best moved 2730.7 -> 2730.6,34d1eead3a850b07fb954bdab47c5b49
2026-09-22T05:06:56.652Z,dry,ETH-USD,7,place,buy,2730.6,0.0091,quote-bid,rejoin best,5484274c02de34b2d7712411d3e3dec9
2026-09-22T05:06:57.171Z,dry,ETH-USD,7,cancel,sell,2730.8,0.0091,quote-ask,best moved 2730.8 -> 2730.9,cc7732c5e65ceb3fed39fe25c6eecc1c
2026-09-22T05:06:57.267Z,dry,ETH-USD,7,place,sell,2730.9,0.0091,quote-ask,rejoin best,e2a47845d8362888b186f23e3f8b79ba
2026-09-22T05:06:58.400Z,dry,ETH-USD,7,cancel,sell,2730.9,0.0091,quote-ask,best moved 2730.9 -> 2730.7,e2a47845d8362888b186f23e3f8b79ba
2026-09-22T05:06:58.494Z,dry,ETH-USD,7,place,sell,2730.7,0.0091,quote-ask,rejoin best,6194fcd8d5fc49a9af2ccc7733b9cf09
2026-09-22T05:07:02.048Z,dry,BTC-USD,6,place,buy,85429,0.00029,quote-bid,join best,508f8724f0f159257d1b70bb3261d75a
2026-09-22T05:07:02.451Z,dry,ETH-USD,7,place,sell,2731,0.0091,quote-ask,join best,d090669c91f424a4a45d2883804674fb
2026-09-22T05:07:02.857Z,dry,BTC-USD,6,cancel,buy,85429,0.00029,quote-bid,best moved 85429 -> 85438,508f8724f0f159257d1b70bb3261d75a
2026-09-22T05:07:02.951Z,dry,BTC-USD,6,cancel,sell,85440,0.00029,quote-ask,best moved 85440 -> 85439,07ff4bb1f1d73f42d930a8bd2e215210
2026-09-22T05:07:03.049Z,dry,BTC-USD,6,place,buy,85438,0.00029,quote-bid,rejoin best,4996d1dac19c66eb199a0d59604686f9
2026-09-22T05:07:03.156Z,dry,BTC-USD,6,place,sell,85439,0.00029,quote-ask,rejoin best,99f0f7220a526d41484b5dd7e4f2f0fc
2026-09-22T05:07:03.247Z,dry,ETH-USD,7,cancel,buy,2730.6,0.0091,quote-bid,best moved 2730.6 -> 2730.9,5484274c02de34b2d7712411d3e3dec9
2026-09-22T05:07:03.343Z,dry,ETH-USD,7,place,buy,2730.9,0.0091,quote-bid,rejoin best,3d176b12559fb031ad3bd9e3fefd6ceb
2026-09-22T05:07:04.887Z,dry,ETH-USD,7,place,sell,2731.3,0.0091,quote-ask,join best,219871a7218852d93b932fa40b8dea13
2026-09-22T05:07:05.292Z,dry,ETH-USD,7,cancel,buy,2730.9,0.0091,quote-bid,best moved 2730.9 -> 2731.2,3d176b12559fb031ad3bd9e3fefd6ceb
2026-09-22T05:07:05.388Z,dry,ETH-USD,7,place,buy,2731.2,0.0091,quote-bid,rejoin best,a386cbe54343d5c380e1edd826f89ac6
2026-09-22T05:07:07.939Z,dry,BTC-USD,6,place,sell,85452,0.00029,quote-ask,join best,47a3d81b24aac56438f5b71b7da4f522
2026-09-22T05:07:08.139Z,dry,ETH-USD,7,cancel,sell,2731.3,0.0091,quote-ask,best moved 2731.3 -> 2731.7,219871a7218852d93b932fa40b8dea13
2026-09-22T05:07:08.233Z,dry,ETH-USD,7,place,sell,2731.7,0.0091,quote-ask,rejoin best,d45a0fe01eaea3902e2120723a6d491c
2026-09-22T05:07:08.341Z,dry,BTC-USD,6,cancel,buy,85438,0.00029,quote-bid,best moved 85438 -> 85448,4996d1dac19c66eb199a0d59604686f9
2026-09-22T05:07:08.435Z,dry,BTC-USD,6,place,buy,85448,0.00029,quote-bid,rejoin best,18872611786ba092037b324659f2359d
2026-09-22T05:07:08.542Z,dry,BTC-USD,6,cancel,sell,85452,0.00029,quote-ask,best moved 85452 -> 85449,47a3d81b24aac56438f5b71b7da4f522
2026-09-22T05:07:08.637Z,dry,BTC-USD,6,place,sell,85449,0.00029,quote-ask,rejoin best,e9aa15303a9adb801f21d299615689d3
2026-09-22T05:07:08.745Z,dry,ETH-USD,7,cancel,sell,2731.7,0.0091,quote-ask,best moved 2731.7 -> 2731.3,d45a0fe01eaea3902e2120723a6d491c
2026-09-22T05:07:08.841Z,dry,ETH-USD,7,place,sell,2731.3,0.0091,quote-ask,rejoin best,9d0ae181a0b29df461239ed20d46ca14
2026-09-22T05:07:09.560Z,dry,ETH-USD,7,cancel,buy,2731.2,0.0091,quote-bid,best moved 2731.2 -> 2731.3,a386cbe54343d5c380e1edd826f89ac6
2026-09-22T05:07:09.654Z,dry,ETH-USD,7,place,buy,2731.3,0.0091,quote-bid,rejoin best,0caf09bde5f6b5b71d7137224ab98bf8
2026-09-22T05:07:11.584Z,dry,ETH-USD,7,cancel,buy,2731.3,0.0091,quote-bid,best moved 2731.3 -> 2731.5,0caf09bde5f6b5b71d7137224ab98bf8
2026-09-22T05:07:11.681Z,dry,ETH-USD,7,place,buy,2731.5,0.0091,quote-bid,rejoin best,6893045bb43338c0f9722ec1d2b20183
2026-09-22T05:07:19.485Z,dry,ETH-USD,7,place,buy,2731.3,0.0091,quote-bid,join best,c803288c15ed162f834be3fce0cbc102
2026-09-22T05:07:19.580Z,dry,ETH-USD,7,place,sell,2731.4,0.0091,quote-ask,join best,86ac9be9cc5607f9f4763418d7067ece
2026-09-22T05:07:20.096Z,dry,ETH-USD,7,place,buy,2731.2,0.0091,quote-bid,join best,21d01f898696738752b6c690d9bdea26
2026-09-22T05:07:20.299Z,dry,BTC-USD,6,place,buy,85439,0.00029,quote-bid,join best,7264ff97f3c97c1cc99e4db67ce6fa28
2026-09-22T05:07:20.499Z,dry,ETH-USD,7,cancel,sell,2731.4,0.0091,quote-ask,best moved 2731.4 -> 2731.3,86ac9be9cc5607f9f4763418d7067ece
2026-09-22T05:07:20.595Z,dry,ETH-USD,7,place,sell,2731.3,0.0091,quote-ask,rejoin best,126c2abc62ee0e100cf456129906567a
2026-09-22T05:07:20.703Z,dry,ETH-USD,7,reject,sell,2731.3,0.0091,quote-ask,post only order would cross,126c2abc62ee0e100cf456129906567a
2026-09-22T05:07:20.721Z,dry,ETH-USD,7,place,sell,2731.6,0.0091,quote-ask,join best,8c05e5cab7ad71557a71f3bee79efb20
2026-09-22T05:07:20.922Z,dry,BTC-USD,6,place,sell,85457,0.00029,quote-ask,join best,94882805163e972ce151936a74a2ca34
2026-09-22T05:07:21.330Z,dry,BTC-USD,6,cancel,buy,85439,0.00029,quote-bid,best moved 85439 -> 85456,7264ff97f3c97c1cc99e4db67ce6fa28
2026-09-22T05:07:21.425Z,dry,BTC-USD,6,place,buy,85456,0.00029,quote-bid,rejoin best,d0e3d4502807f4c721467f3be1dbe56c
2026-09-22T05:07:21.515Z,dry,ETH-USD,7,cancel,buy,2731.2,0.0091,quote-bid,best moved 2731.2 -> 2731.5,21d01f898696738752b6c690d9bdea26
2026-09-22T05:07:21.614Z,dry,ETH-USD,7,place,buy,2731.5,0.0091,quote-bid,rejoin best,98a07619e6729d5163b041c854b2a89d
2026-09-22T05:07:21.719Z,dry,ETH-USD,7,place,sell,2732,0.0091,quote-ask,rejoin best,7314a64d611aaf4444793337e1f66c1f
2026-09-22T05:07:21.943Z,dry,BTC-USD,6,place,sell,85467,0.00029,quote-ask,join best,828b15bd30c3ffbcc52b73f09c3c80b0
2026-09-22T05:07:22.346Z,dry,BTC-USD,6,cancel,buy,85456,0.00029,quote-bid,best moved 85456 -> 85466,d0e3d4502807f4c721467f3be1dbe56c
2026-09-22T05:07:22.442Z,dry,BTC-USD,6,place,buy,85466,0.00029,quote-bid,rejoin best,2a64e58c9fb0cac53c556bc761404e2e
2026-09-22T05:07:22.550Z,dry,ETH-USD,7,cancel,sell,2732,0.0091,quote-ask,best moved 2732 -> 2731.8,7314a64d611aaf4444793337e1f66c1f
2026-09-22T05:07:22.646Z,dry,ETH-USD,7,place,sell,2731.8,0.0091,quote-ask,rejoin best,54990e1ae9482b97edfd26cdc16e0dd7
2026-09-22T05:07:22.766Z,dry,ETH-USD,7,cancel,buy,2731.5,0.0091,quote-bid,best moved 2731.5 -> 2731.6,98a07619e6729d5163b041c854b2a89d
2026-09-22T05:07:22.862Z,dry,ETH-USD,7,place,buy,2731.6,0.0091,quote-bid,rejoin best,9f0bd5c8580828c6196d77176bffa955
2026-09-22T05:07:23.172Z,dry,ETH-USD,7,cancel,sell,2731.8,0.0091,quote-ask,best moved 2731.8 -> 2731.7,54990e1ae9482b97edfd26cdc16e0dd7
2026-09-22T05:07:23.268Z,dry,ETH-USD,7,place,sell,2731.7,0.0091,quote-ask,rejoin best,11f335746ce15b8ed1d78151507357f1
2026-09-22T05:07:23.989Z,dry,ETH-USD,7,cancel,buy,2731.6,0.0091,quote-bid,best moved 2731.6 -> 2731.5,9f0bd5c8580828c6196d77176bffa955
2026-09-22T05:07:24.085Z,dry,ETH-USD,7,place,buy,2731.5,0.0091,quote-bid,rejoin best,3a9f07ef07373535a23378332b653f97
2026-09-22T05:07:24.397Z,dry,ETH-USD,7,cancel,sell,2731.7,0.0091,quote-ask,best moved 2731.7 -> 2731.8,11f335746ce15b8ed1d78151507357f1
2026-09-22T05:07:24.493Z,dry,ETH-USD,7,place,sell,2731.8,0.0091,quote-ask,rejoin best,f11156772548d150f0e21aef3031c18a
2026-09-22T05:07:25.006Z,dry,ETH-USD,7,cancel,sell,2731.8,0.0091,quote-ask,best moved 2731.8 -> 2731.6,f11156772548d150f0e21aef3031c18a
2026-09-22T05:07:25.111Z,dry,ETH-USD,7,place,sell,2731.6,0.0091,quote-ask,rejoin best,bcb0d21d530b7915801080f667b0dc0a
2026-09-22T05:07:26.638Z,dry,ETH-USD,7,cancel,buy,2731.5,0.0091,quote-bid,best moved 2731.5 -> 2732.2,3a9f07ef07373535a23378332b653f97
2026-09-22T05:07:26.734Z,dry,ETH-USD,7,place,buy,2732.2,0.0091,quote-bid,rejoin best,80bb2c1743d3874d88f8fb2a811670d3
2026-09-22T05:07:29.275Z,dry,BTC-USD,6,cancel,buy,85466,0.00029,quote-bid,best moved 85466 -> 85475,2a64e58c9fb0cac53c556bc761404e2e
2026-09-22T05:07:29.372Z,dry,BTC-USD,6,place,buy,85475,0.00029,quote-bid,rejoin best,2d806f8f4427343bf2f68ba4d58a42c6
2026-09-22T05:07:29.884Z,dry,ETH-USD,7,place,buy,2732.1,0.0091,quote-bid,join best,e59b4b04223c07ee0b4748b9d4f9c594
2026-09-22T05:07:29.993Z,dry,ETH-USD,7,place,sell,2732.2,0.0091,quote-ask,join best,019fe179765a451a27517f67449192e9
2026-09-22T05:07:30.696Z,dry,BTC-USD,6,place,buy,85469,0.00029,quote-bid,join best,54d3c98ec1e264526a5f0203562c3592
2026-09-22T05:07:30.790Z,dry,BTC-USD,6,place,sell,85470,0.00029,quote-ask,join best,43d417df0293b8dddffdcb4b325166c8
2026-09-22T05:07:30.896Z,dry,ETH-USD,7,place,buy,2732,0.0091,quote-bid,join best,61bdc5ae31e709365fde612a62c21a72
2026-09-22T05:07:31.715Z,dry,ETH-USD,7,cancel,sell,2732.2,0.0091,quote-ask,best moved 2732.2 -> 2732.1,019fe179765a451a27517f67449192e9
2026-09-22T05:07:31.812Z,dry,ETH-USD,7,place,sell,2732.1,0.0091,quote-ask,rejoin best,89c238234625ee6adf2f12d766bae5ee
2026-09-22T05:07:33.343Z,dry,BTC-USD,6,place,buy,85468,0.00029,quote-bid,join best,de2f4ab2f1495d722d8f384549adb509
2026-09-22T05:07:33.744Z,dry,BTC-USD,6,cancel,sell,85470,0.00029,quote-ask,best moved 85470 -> 85469,43d417df0293b8dddffdcb4b325166c8
2026-09-22T05:07:33.840Z,dry,BTC-USD,6,place,sell,85469,0.00029,quote-ask,rejoin best,acea3c8ba1beca09848a4725fffe0ba2
2026-09-22T05:07:36.788Z,dry,BTC-USD,6,place,buy,85466,0.00029,quote-bid,join best,de59e1284989bd1a5a0af9e8c1d1049b
2026-09-22T05:07:36.990Z,dry,BTC-USD,6,place,buy,85454,0.00029,quote-bid,join best,b4103594272efde87d71fa2a1b0c8d29
2026-09-22T05:07:37.085Z,dry,ETH-USD,7,place,buy,2731.6,0.0091,quote-bid,join best,5592f4813fb69e3c9765787e8243a1ba
2026-09-22T05:07:37.393Z,dry,ETH-USD,7,cancel,sell,2732.1,0.0091,quote-ask,best moved 2732.1 -> 2731.7,89c238234625ee6adf2f12d766bae5ee
2026-09-22T05:07:37.499Z,dry,ETH-USD,7,place,sell,2731.7,0.0091,quote-ask,rejoin best,57650aa853d9dc4adcc3db933a3e1ac0
2026-09-22T05:07:37.597Z,dry,BTC-USD,6,cancel,sell,85469,0.00029,quote-ask,best moved 85469 -> 85455,acea3c8ba1beca09848a4725fffe0ba2
2026-09-22T05:07:37.707Z,dry,BTC-USD,6,place,sell,85455,0.00029,quote-ask,rejoin best,a3c66b66b50567a3ed97cdce27985d57
2026-09-22T05:07:37.814Z,dry,ETH-USD,7,place,buy,2731.8,0.0091,quote-bid,join best,083d77d8122cd472a819c9c6e305f8d9
2026-09-22T05:07:37.909Z,dry,ETH-USD,7,place,sell,2731.9,0.0091,quote-ask,join best,868f86f78b5649bdbd03af85d653f546
2026-09-22T05:07:38.611Z,dry,BTC-USD,6,place,sell,85463,0.00029,quote-ask,join best,48c0ba4db6aaaf5a314edcd5bd841410
2026-09-22T05:07:39.012Z,dry,BTC-USD,6,cancel,buy,85454,0.00029,quote-bid,best moved 85454 -> 85462,b4103594272efde87d71fa2a1b0c8d29
2026-09-22T05:07:39.108Z,dry,BTC-USD,6,place,buy,85462,0.00029,quote-bid,rejoin best,3c5d8f5acf11c6aa573b828ec41b6553
2026-09-22T05:07:42.871Z,dry,ETH-USD,7,place,buy,2731.4,0.0091,quote-bid,join best,b92cff5c3e6146df10f97aeb194b79a3
2026-09-22T05:07:43.479Z,dry,ETH-USD,7,cancel,buy,2731.4,0.0091,quote-bid,best moved 2731.4 -> 2731.5,b92cff5c3e6146df10f97aeb194b79a3
2026-09-22T05:07:43.574Z,dry,ETH-USD,7,place,buy,2731.5,0.0091,quote-bid,rejoin best,c22428783827a1104b8163113e8a6cd7
2026-09-22T05:07:43.884Z,dry,ETH-USD,7,cancel,sell,2731.9,0.0091,quote-ask,best moved 2731.9 -> 2731.7,868f86f78b5649bdbd03af85d653f546
2026-09-22T05:07:43.974Z,dry,ETH-USD,7,place,sell,2731.7,0.0091,quote-ask,rejoin best,fca2bde689561656d9677b53665301b8
2026-09-22T05:07:44.089Z,dry,BTC-USD,6,place,buy,85454,0.00029,quote-bid,join best,3bd6b9f4bc9e94f77f1be3c11ca8ae5c
2026-09-22T05:07:44.183Z,dry,ETH-USD,7,place,buy,2731.4,0.0091,quote-bid,join best,26a95113dfd9ded1429d19244138badb
2026-09-22T05:07:44.491Z,dry,BTC-USD,6,cancel,sell,85463,0.00029,quote-ask,best moved 85463 -> 85455,48c0ba4db6aaaf5a314edcd5bd841410
2026-09-22T05:07:44.586Z,dry,BTC-USD,6,place,sell,85455,0.00029,quote-ask,rejoin best,937ca6c3d917a1cc945fd3cda8c7fbc2
2026-09-22T05:07:44.677Z,dry,ETH-USD,7,cancel,sell,2731.7,0.0091,quote-ask,best moved 2731.7 -> 2731.5,fca2bde689561656d9677b53665301b8
2026-09-22T05:07:44.773Z,dry,ETH-USD,7,place,sell,2731.5,0.0091,quote-ask,rejoin best,9bfc327556489311e0aa7c4909ebb410
2026-09-22T05:07:47.738Z,dry,BTC-USD,6,place,buy,85452,0.00029,quote-bid,join best,2510a913644ae17de9b42ed47aee1dc8
2026-09-22T05:07:48.545Z,dry,BTC-USD,6,cancel,sell,85455,0.00029,quote-ask,best moved 85455 -> 85450,937ca6c3d917a1cc945fd3cda8c7fbc2
2026-09-22T05:07:48.641Z,dry,BTC-USD,6,place,sell,85450,0.00029,quote-ask,rejoin best,2ba706449c70f80041965561b4a02084
2026-09-22T05:07:50.365Z,dry,BTC-USD,6,cancel,sell,85450,0.00029,quote-ask,best moved 85450 -> 85442,2ba706449c70f80041965561b4a02084
2026-09-22T05:07:50.461Z,dry,BTC-USD,6,place,sell,85442,0.00029,quote-ask,rejoin best,b499f412a7047a30b128fbff120bc423
2026-09-22T05:07:50.568Z,dry,ETH-USD,7,cancel,sell,2731.5,0.0091,quote-ask,best moved 2731.5 -> 2731,9bfc327556489311e0aa7c4909ebb410
2026-09-22T05:07:50.665Z,dry,ETH-USD,7,place,sell,2731,0.0091,quote-ask,rejoin best,d4040e5a0800d568140b042b5efaaa0c
2026-09-22T05:07:51.580Z,dry,ETH-USD,7,place,buy,2731,0.0091,quote-bid,join best,ef9dc38282f72b515151b69c9984856b
2026-09-22T05:07:51.674Z,dry,ETH-USD,7,place,sell,2731.1,0.0091,quote-ask,join best,2311601d005b630ff9568eef1462781c
2026-09-22T05:07:51.767Z,dry,ETH-USD,7,reject,sell,2731.1,0.0091,quote-ask,post only order would cross,2311601d005b630ff9568eef1462781c
2026-09-22T05:07:51.780Z,dry,ETH-USD,7,place,sell,2731.2,0.0091,quote-ask,join best,d33360b484aa6188757b1ac48c4ed16f
2026-09-22T05:07:52.185Z,dry,ETH-USD,7,cancel,buy,2731,0.0091,quote-bid,best moved 2731 -> 2731.1,ef9dc38282f72b515151b69c9984856b
2026-09-22T05:07:52.281Z,dry,ETH-USD,7,place,buy,2731.1,0.0091,quote-bid,rejoin best,bf89450f0032bb9d741c22aafa23b675
2026-09-22T05:08:03.167Z,dry,BTC-USD,6,cancel,sell,85442,0.00029,quote-ask,best moved 85442 -> 85440,b499f412a7047a30b128fbff120bc423
2026-09-22T05:08:03.264Z,dry,BTC-USD,6,place,sell,85440,0.00029,quote-ask,rejoin best,ac2f98f3bb30cbdb10e1a33cf62b5846
2026-09-22T05:08:03.989Z,dry,ETH-USD,7,cancel,sell,2731.2,0.0091,quote-ask,best moved 2731.2 -> 2730.1,d33360b484aa6188757b1ac48c4ed16f
2026-09-22T05:08:04.083Z,dry,ETH-USD,7,place,sell,2730.1,0.0091,quote-ask,rejoin best,7f9b3c0782ff872ef08219030e8ebe04
2026-09-22T05:08:04.391Z,dry,BTC-USD,6,cancel,sell,85440,0.00029,quote-ask,best moved 85440 -> 85419,ac2f98f3bb30cbdb10e1a33cf62b5846
2026-09-22T05:08:04.486Z,dry,BTC-USD,6,place,sell,85419,0.00029,quote-ask,rejoin best,7046a9faf31aa62f5931a303529b9bb6
2026-09-22T05:08:04.793Z,dry,ETH-USD,7,cancel,sell,2730.1,0.0091,quote-ask,best moved 2730.1 -> 2730,7f9b3c0782ff872ef08219030e8ebe04
2026-09-22T05:08:04.908Z,dry,ETH-USD,7,place,sell,2730,0.0091,quote-ask,rejoin best,9cfe6da98215f2ceb41032aa1030ff32
2026-09-22T05:08:05.405Z,dry,ETH-USD,7,place,buy,2729.9,0.0091,quote-bid,join best,ee3ee1f3bf57e892545074c5532c1c5f
2026-09-22T05:08:05.499Z,dry,ETH-USD,7,place,sell,2730.5,0.0091,quote-ask,join best,82e1bffbbe4eb074b78d174c188d169b
2026-09-22T05:08:05.815Z,dry,BTC-USD,6,place,buy,85427,0.00029,quote-bid,join best,e65feff236cc6d5100242ad557fa1533
2026-09-22T05:08:05.910Z,dry,BTC-USD,6,place,sell,85428,0.00029,quote-ask,join best,dbc492b1ec463a5aa5a49f4a82c9c407
2026-09-22T05:08:06.215Z,dry,ETH-USD,7,cancel,sell,2730.5,0.0091,quote-ask,best moved 2730.5 -> 2730.6,82e1bffbbe4eb074b78d174c188d169b
2026-09-22T05:08:06.311Z,dry,ETH-USD,7,place,sell,2730.6,0.0091,quote-ask,rejoin best,5fc7b062b25d51b35b4f8bbef79039ad
2026-09-22T05:08:06.821Z,dry,ETH-USD,7,cancel,buy,2729.9,0.0091,quote-bid,best moved 2729.9 -> 2730.4,ee3ee1f3bf57e892545074c5532c1c5f
2026-09-22T05:08:06.917Z,dry,ETH-USD,7,cancel,sell,2730.6,0.0091,quote-ask,best moved 2730.6 -> 2730.5,5fc7b062b25d51b35b4f8bbef79039ad
2026-09-22T05:08:07.014Z,dry,ETH-USD,7,place,buy,2730.4,0.0091,quote-bid,rejoin best,8c96563bbb646fca4cb015cb7e9e24bc
2026-09-22T05:08:07.124Z,dry,ETH-USD,7,place,sell,2730.5,0.0091,quote-ask,rejoin best,709633a6ec5f02cc62add09235e66cdc
2026-09-22T05:08:07.836Z,dry,ETH-USD,7,cancel,sell,2730.5,0.0091,quote-ask,best moved 2730.5 -> 2730.3,709633a6ec5f02cc62add09235e66cdc
2026-09-22T05:08:07.931Z,dry,ETH-USD,7,place,sell,2730.3,0.0091,quote-ask,rejoin best,a2515e999da26177cdad607aca80abf7
2026-09-22T05:08:08.649Z,dry,BTC-USD,6,place,sell,85468,0.00029,quote-ask,join best,4222d3194645632a8382288910db92f4
2026-09-22T05:08:08.744Z,dry,ETH-USD,7,place,buy,2730.9,0.0091,quote-bid,join best,adb59149a22c9834caf3fb64da8483fc
2026-09-22T05:08:08.839Z,dry,ETH-USD,7,place,sell,2731.2,0.0091,quote-ask,join best,e5d033850edd33548ddbf5db87704e7f
2026-09-22T05:08:09.463Z,dry,BTC-USD,6,cancel,buy,85427,0.00029,quote-bid,best moved 85427 -> 85462,e65feff236cc6d5100242ad557fa1533
2026-09-22T05:08:09.557Z,dry,BTC-USD,6,cancel,sell,85468,0.00029,quote-ask,best moved 85468 -> 85463,4222d3194645632a8382288910db92f4
2026-09-22T05:08:09.650Z,dry,BTC-USD,6,place,buy,85462,0.00029,quote-bid,rejoin best,d15126c0f275c4ede0ebc464cd6b4471
2026-09-22T05:08:09.732Z,dry,BTC-USD,6,place,sell,85463,0.00029,quote-ask,rejoin best,6e1244fcc8a4ba4f2bbecc29037b2c49
2026-09-22T05:08:09.870Z,dry,ETH-USD,7,cancel,sell,2731.2,0.0091,quote-ask,best moved 2731.2 -> 2731.3,e5d033850edd33548ddbf5db87704e7f
2026-09-22T05:08:09.965Z,dry,ETH-USD,7,place,sell,2731.3,0.0091,quote-ask,rejoin best,e42b306e8f4a6dfb8380296449e45aa9
2026-09-22T05:08:10.278Z,dry,ETH-USD,7,place,sell,2732,0.0091,quote-ask,join best,47a478a736897247223af078187a6376
2026-09-22T05:08:10.480Z,dry,BTC-USD,6,place,sell,85471,0.00029,quote-ask,join best,19a9ea74b42845664306b9959a2f4a24
2026-09-22T05:08:10.884Z,dry,ETH-USD,7,cancel,buy,2730.9,0.0091,quote-bid,best moved 2730.9 -> 2731.6,adb59149a22c9834caf3fb64da8483fc
2026-09-22T05:08:10.980Z,dry,ETH-USD,7,place,buy,2731.6,0.0091,quote-bid,rejoin best,b4391f7aac1314bf2edde548d2062932
2026-09-22T05:08:11.291Z,dry,BTC-USD,6,cancel,buy,85462,0.00029,quote-bid,best moved 85462 -> 85470,d15126c0f275c4ede0ebc464cd6b4471
2026-09-22T05:08:11.403Z,dry,BTC-USD,6,place,buy,85470,0.00029,quote-bid,rejoin best,aac0156d462043be4733519288dab56a
2026-09-22T05:08:11.573Z,dry,ETH-USD,7,cancel,sell,2732,0.0091,quote-ask,best moved 2732 -> 2731.7,47a478a736897247223af078187a6376
2026-09-22T05:08:11.668Z,dry,ETH-USD,7,place,sell,2731.7,0.0091,quote-ask,rejoin best,be1975a60a64cbc5977a1b6adc2aaa59
2026-09-22T05:08:11.899Z,dry,ETH-USD,7,place,buy,2731,0.0091,quote-bid,join best,b889a32d5c67ed899344771289ceee57
2026-09-22T05:08:12.306Z,dry,ETH-USD,7,cancel,sell,2731.7,0.0091,quote-ask,best moved 2731.7 -> 2731.5,be1975a60a64cbc5977a1b6adc2aaa59
2026-09-22T05:08:12.401Z,dry,ETH-USD,7,place,sell,2731.5,0.0091,quote-ask,rejoin best,743af9b88510467782780d131c37b424
2026-09-22T05:08:12.507Z,dry,ETH-USD,7,cancel,buy,2731,0.0091,quote-bid,best moved 2731 -> 2731.1,b889a32d5c67ed899344771289ceee57
2026-09-22T05:08:12.617Z,dry,ETH-USD,7,place,buy,2731.1,0.0091,quote-bid,rejoin best,eeb514c49489341c5c8925f596d9c062
2026-09-22T05:08:13.726Z,dry,ETH-USD,7,cancel,buy,2731.1,0.0091,quote-bid,best moved 2731.1 -> 2731.3,eeb514c49489341c5c8925f596d9c062
2026-09-22T05:08:13.816Z,dry,ETH-USD,7,place,buy,2731.3,0.0091,quote-bid,rejoin best,e954f81d43d4f1ff6a209bc547b48d24
2026-09-22T05:08:15.992Z,dry,ETH-USD,7,cancel,sell,2731.5,0.0091,quote-ask,best moved 2731.5 -> 2731.4,743af9b88510467782780d131c37b424
2026-09-22T05:08:16.084Z,dry,ETH-USD,7,place,sell,2731.4,0.0091,quote-ask,rejoin best,d1b63196b2958cab686173500ed875e9
2026-09-22T05:08:20.025Z,dry,ETH-USD,7,place,sell,2731.6,0.0091,quote-ask,join best,afa6191670f15b06ca2856f678fbe8fe
2026-09-22T05:08:20.424Z,dry,ETH-USD,7,cancel,buy,2731.3,0.0091,quote-bid,best moved 2731.3 -> 2731.5,e954f81d43d4f1ff6a209bc547b48d24
2026-09-22T05:08:20.519Z,dry,ETH-USD,7,place,buy,2731.5,0.0091,quote-bid,rejoin best,ed7ae7c8e9cb66170ef07b0d17b16605
2026-09-22T05:08:23.680Z,dry,ETH-USD,7,place,sell,2731.7,0.0091,quote-ask,join best,3992f92f76aa338a9d00cacee2b6dd29
2026-09-22T05:08:24.086Z,dry,ETH-USD,7,cancel,buy,2731.5,0.0091,quote-bid,best moved 2731.5 -> 2731.6,ed7ae7c8e9cb66170ef07b0d17b16605
2026-09-22T05:08:24.184Z,dry,ETH-USD,7,place,buy,2731.6,0.0091,quote-bid,rejoin best,5d16f118b60bcb0bdfde75fe890fa693
2026-09-22T05:08:25.514Z,dry,ETH-USD,7,place,sell,2731.8,0.0091,quote-ask,join best,5cba77d54cad57b7d159ad7bb0571516
2026-09-22T05:08:25.916Z,dry,ETH-USD,7,cancel,buy,2731.6,0.0091,quote-bid,best moved 2731.6 -> 2731.7,5d16f118b60bcb0bdfde75fe890fa693
2026-09-22T05:08:26.000Z,dry,ETH-USD,7,place,buy,2731.7,0.0091,quote-bid,rejoin best,52a5aabe3ed14d85de146bb1426de88f
2026-09-22T05:08:30.007Z,dry,ETH-USD,7,cancel,buy,2731.7,0.0091,quote-bid,best moved 2731.7 -> 2731.5,52a5aabe3ed14d85de146bb1426de88f
2026-09-22T05:08:30.102Z,dry,ETH-USD,7,place,buy,2731.5,0.0091,quote-bid,rejoin best,1e6f5ac8c2d79a3a56edc8aaabeeb8a5
2026-09-22T05:08:30.815Z,dry,ETH-USD,7,cancel,buy,2731.5,0.0091,quote-bid,best moved 2731.5 -> 2731.7,1e6f5ac8c2d79a3a56edc8aaabeeb8a5
2026-09-22T05:08:30.904Z,dry,ETH-USD,7,place,buy,2731.7,0.0091,quote-bid,rejoin best,8428388672360960dfcb1c387384b742
2026-09-22T05:08:34.679Z,dry,ETH-USD,7,place,buy,2731.6,0.0091,quote-bid,join best,edf86ae16d75c97b2230f8acc4d9dfe6
2026-09-22T05:08:35.083Z,dry,ETH-USD,7,cancel,sell,2731.8,0.0091,quote-ask,best moved 2731.8 -> 2731.7,5cba77d54cad57b7d159ad7bb0571516
2026-09-22T05:08:35.177Z,dry,ETH-USD,7,place,sell,2731.7,0.0091,quote-ask,rejoin best,40a538137f445e456b62e139ac1da906
2026-09-22T05:08:35.499Z,dry,ETH-USD,7,place,buy,2731.1,0.0091,quote-bid,join best,ef0fabce60efe938d8d79125c38a744f
2026-09-22T05:08:36.104Z,dry,ETH-USD,7,cancel,buy,2731.1,0.0091,quote-bid,best moved 2731.1 -> 2731.2,ef0fabce60efe938d8d79125c38a744f
2026-09-22T05:08:36.213Z,dry,ETH-USD,7,cancel,sell,2731.7,0.0091,quote-ask,best moved 2731.7 -> 2731.3,40a538137f445e456b62e139ac1da906
2026-09-22T05:08:36.308Z,dry,ETH-USD,7,place,buy,2731.2,0.0091,quote-bid,rejoin best,261915712ae8a126e552bffbe6f82c46
2026-09-22T05:08:36.418Z,dry,ETH-USD,7,place,sell,2731.3,0.0091,quote-ask,rejoin best,bf81d95588adc5f39a2cc69665896dda
2026-09-22T05:08:37.540Z,dry,BTC-USD,6,place,buy,85465,0.00029,quote-bid,join best,d8dd8f209c90e8d6aa7296bb5e41ad5c
2026-09-22T05:08:37.634Z,dry,ETH-USD,7,place,buy,2730.8,0.0091,quote-bid,join best,a7b97564eaad8858a7c2a79203460651
2026-09-22T05:08:37.946Z,dry,BTC-USD,6,cancel,sell,85471,0.00029,quote-ask,best moved 85471 -> 85466,19a9ea74b42845664306b9959a2f4a24
2026-09-22T05:08:38.042Z,dry,BTC-USD,6,place,sell,85466,0.00029,quote-ask,rejoin best,a3b8bd6225c203888bffe8e806a40087
2026-09-22T05:08:38.759Z,dry,ETH-USD,7,cancel,buy,2730.8,0.0091,quote-bid,best moved 2730.8 -> 2731.1,a7b97564eaad8858a7c2a79203460651
2026-09-22T05:08:38.852Z,dry,ETH-USD,7,cancel,sell,2731.3,0.0091,quote-ask,best moved 2731.3 -> 2731.2,bf81d95588adc5f39a2cc69665896dda
2026-09-22T05:08:38.947Z,dry,ETH-USD,7,place,buy,2731.1,0.0091,quote-bid,rejoin best,bdd35b63aaf2c5cf5e770abba78c3af8
2026-09-22T05:08:39.043Z,dry,ETH-USD,7,place,sell,2731.2,0.0091,quote-ask,rejoin best,a9702f899a340c8c52a9173eecdc69be
2026-09-22T05:08:39.169Z,dry,BTC-USD,6,place,buy,85463,0.00029,quote-bid,join best,c140f2bc341999fc2f4e65fec7439d6b
2026-09-22T05:08:39.573Z,dry,BTC-USD,6,cancel,sell,85466,0.00029,quote-ask,best moved 85466 -> 85464,a3b8bd6225c203888bffe8e806a40087
2026-09-22T05:08:39.671Z,dry,BTC-USD,6,place,sell,85464,0.00029,quote-ask,rejoin best,a0299a059430e49d3f1e397389177d49
2026-09-22T05:08:39.977Z,dry,ETH-USD,7,cancel,sell,2731.2,0.0091,quote-ask,best moved 2731.2 -> 2730.9,a9702f899a340c8c52a9173eecdc69be
2026-09-22T05:08:40.072Z,dry,ETH-USD,7,place,sell,2730.9,0.0091,quote-ask,rejoin best,cdb9f2f9c543b2647ff40f8c6707d579
2026-09-22T05:08:40.381Z,dry,ETH-USD,7,place,buy,2731,0.0091,quote-bid,join best,646f2c1d692c5414027f32d40d77c2d1
2026-09-22T05:08:40.475Z,dry,ETH-USD,7,place,sell,2731.1,0.0091,quote-ask,join best,5b56cf2f034751727c7dd9436925d880
2026-09-22T05:08:41.603Z,dry,ETH-USD,7,place,buy,2731,0.0091,quote-bid,join best,58157699613f08830e12f410b5320237
2026-09-22T05:08:41.695Z,dry,ETH-USD,7,place,sell,2731.2,0.0091,quote-ask,join best,d7a7b2064fe4454219d4dc822c794bfc
2026-09-22T05:08:42.208Z,dry,BTC-USD,6,cancel,sell,85464,0.00029,quote-ask,best moved 85464 -> 85458,a0299a059430e49d3f1e397389177d49
2026-09-22T05:08:42.303Z,dry,BTC-USD,6,place,sell,85458,0.00029,quote-ask,rejoin best,d6e8932da9e8ca3acc307b93daf9c190
2026-09-22T05:08:42.410Z,dry,ETH-USD,7,cancel,buy,2731,0.0091,quote-bid,best moved 2731 -> 2731.1,58157699613f08830e12f410b5320237
2026-09-22T05:08:42.515Z,dry,ETH-USD,7,place,buy,2731.1,0.0091,quote-bid,rejoin best,baff3b78d134d7ae75b366b62ab797d4
2026-09-22T05:08:42.614Z,dry,ETH-USD,7,place,sell,2731.6,0.0091,quote-ask,rejoin best,da7fa64730277416d84ac5a786dbf15c
2026-09-22T05:08:43.658Z,dry,ETH-USD,7,cancel,sell,2731.6,0.0091,quote-ask,best moved 2731.6 -> 2731.2,da7fa64730277416d84ac5a786dbf15c
2026-09-22T05:08:43.753Z,dry,ETH-USD,7,place,sell,2731.2,0.0091,quote-ask,rejoin best,826d00377328ca3b0d33f46a1fbb9fcd
2026-09-22T05:08:44.266Z,dry,ETH-USD,7,place,sell,2731.3,0.0091,quote-ask,join best,f2ac6349d7d5cfbc38d021eb615150de
2026-09-22T05:08:44.669Z,dry,ETH-USD,7,place,sell,2731.8,0.0091,quote-ask,join best,d6e12ead564a6cf52b573d109cc65083
2026-09-22T05:08:45.275Z,dry,ETH-USD,7,cancel,buy,2731.1,0.0091,quote-bid,best moved 2731.1 -> 2731.2,baff3b78d134d7ae75b366b62ab797d4
2026-09-22T05:08:45.367Z,dry,ETH-USD,7,cancel,sell,2731.8,0.0091,quote-ask,best moved 2731.8 -> 2731.5,d6e12ead564a6cf52b573d109cc65083
2026-09-22T05:08:45.461Z,dry,ETH-USD,7,place,buy,2731.2,0.0091,quote-bid,rejoin best,3e4d6d21e2264c75f3628ef0de2bf2bf
2026-09-22T05:08:45.555Z,dry,ETH-USD,7,place,sell,2731.5,0.0091,quote-ask,rejoin best,d6d801dbe760bfce8407eeda226521a3
2026-09-22T05:08:46.103Z,dry,ETH-USD,7,cancel,buy,2731.2,0.0091,quote-bid,best moved 2731.2 -> 2731.4,3e4d6d21e2264c75f3628ef0de2bf2bf
2026-09-22T05:08:46.200Z,dry,ETH-USD,7,place,buy,2731.4,0.0091,quote-bid,rejoin best,8e5f0665763abe7bd107aeda656c4a05
2026-09-22T05:08:47.317Z,dry,BTC-USD,6,place,buy,85462,0.00029,quote-bid,join best,95ecd352a62f92176e63092afef20fc1
2026-09-22T05:08:47.416Z,dry,BTC-USD,6,place,sell,85463,0.00029,quote-ask,join best,9f86c88fe18d3d17299fe68ddfa173ce
2026-09-22T05:08:47.509Z,dry,ETH-USD,7,place,sell,2731.9,0.0091,quote-ask,join best,66cb773218ceb8110927ff0887c0037e
2026-09-22T05:08:47.726Z,dry,ETH-USD,7,cancel,buy,2731.4,0.0091,quote-bid,best moved 2731.4 -> 2731.5,8e5f0665763abe7bd107aeda656c4a05
2026-09-22T05:08:47.837Z,dry,ETH-USD,7,place,buy,2731.5,0.0091,quote-bid,rejoin best,75459afa2011bb9844f5ec52a444fe61
2026-09-22T05:08:48.737Z,dry,ETH-USD,7,cancel,buy,2731.5,0.0091,quote-bid,best moved 2731.5 -> 2731.4,75459afa2011bb9844f5ec52a444fe61
2026-09-22T05:08:48.833Z,dry,ETH-USD,7,place,buy,2731.4,0.0091,quote-bid,rejoin best,a97a955098a3fb5247b305b981cd4c88
2026-09-22T05:08:50.367Z,dry,ETH-USD,7,cancel,sell,2731.9,0.0091,quote-ask,best moved 2731.9 -> 2731.5,66cb773218ceb8110927ff0887c0037e
2026-09-22T05:08:50.462Z,dry,ETH-USD,7,place,sell,2731.5,0.0091,quote-ask,rejoin best,4501c9e9fd3afa5aaf7e1e4f06359ed4
2026-09-22T05:08:53.217Z,dry,BTC-USD,6,place,sell,85472,0.00029,quote-ask,join best,3967067a01ccaf1c2d4f0667f794ad2c
2026-09-22T05:08:53.830Z,dry,BTC-USD,6,cancel,buy,85462,0.00029,quote-bid,best moved 85462 -> 85470,95ecd352a62f92176e63092afef20fc1
2026-09-22T05:08:53.923Z,dry,BTC-USD,6,cancel,sell,85472,0.00029,quote-ask,best moved 85472 -> 85471,3967067a01ccaf1c2d4f0667f794ad2c
2026-09-22T05:08:54.016Z,dry,BTC-USD,6,place,buy,85470,0.00029,quote-bid,rejoin best,ea93f35f880f62585fb02bb952dd0e19
2026-09-22T05:08:54.111Z,dry,BTC-USD,6,place,sell,85471,0.00029,quote-ask,rejoin best,88ddb7874d763eeaa63765b163d97a2f
2026-09-22T05:08:54.215Z,dry,ETH-USD,7,cancel,buy,2731.4,0.0091,quote-bid,best moved 2731.4 -> 2731.5,a97a955098a3fb5247b305b981cd4c88
2026-09-22T05:08:54.311Z,dry,ETH-USD,7,place,buy,2731.5,0.0091,quote-bid,rejoin best,beeab53b50c510ecae948cfd4171e8ef
2026-09-22T05:09:04.604Z,dry,BTC-USD,6,place,buy,85463,0.00029,quote-bid,join best,1b5e5e6e1876b3f7d6326cdd9f5e924e
2026-09-22T05:09:04.697Z,dry,ETH-USD,7,cancel,buy,2731.5,0.0091,quote-bid,best moved 2731.5 -> 2731,beeab53b50c510ecae948cfd4171e8ef
2026-09-22T05:09:04.793Z,dry,ETH-USD,7,place,buy,2731,0.0091,quote-bid,rejoin best,a729e52ba00e7804353f2ea7fa31661e
2026-09-22T05:09:05.012Z,dry,ETH-USD,7,place,sell,2731.1,0.0091,quote-ask,join best,81715b2a9e7d3a6624e632901e71f60b
2026-09-22T05:09:05.415Z,dry,BTC-USD,6,cancel,sell,85471,0.00029,quote-ask,best moved 85471 -> 85464,88ddb7874d763eeaa63765b163d97a2f
2026-09-22T05:09:05.510Z,dry,BTC-USD,6,place,sell,85464,0.00029,quote-ask,rejoin best,9fe0d820b2a1a3536745c56fe7eb95a0
2026-09-22T05:09:06.640Z,dry,BTC-USD,6,place,sell,85470,0.00029,quote-ask,join best,dab5fb72afadba0a4bf228baba540e05
2026-09-22T05:09:06.843Z,dry,ETH-USD,7,cancel,buy,2731,0.0091,quote-bid,best moved 2731 -> 2731.7,a729e52ba00e7804353f2ea7fa31661e
2026-09-22T05:09:06.940Z,dry,ETH-USD,7,place,buy,2731.7,0.0091,quote-bid,rejoin best,a240e136610bc1e11452cdfb20c9e8fd
2026-09-22T05:09:07.046Z,dry,BTC-USD,6,cancel,buy,85463,0.00029,quote-bid,best moved 85463 -> 85469,1b5e5e6e1876b3f7d6326cdd9f5e924e
2026-09-22T05:09:07.141Z,dry,BTC-USD,6,place,buy,85469,0.00029,quote-bid,rejoin best,8431150b7046671c60bcd1cf70ea16c6
2026-09-22T05:09:07.659Z,dry,ETH-USD,7,cancel,buy,2731.7,0.0091,quote-bid,best moved 2731.7 -> 2731.9,a240e136610bc1e11452cdfb20c9e8fd
2026-09-22T05:09:07.754Z,dry,ETH-USD,7,place,buy,2731.9,0.0091,quote-bid,rejoin best,8329d429a2e31ab6f59a2419ec748947
2026-09-22T05:09:17.002Z,dry,ETH-USD,7,place,buy,2731.8,0.0091,quote-bid,join best,3dcadf2410ed3d0bad4874d69067ae07
2026-09-22T05:09:17.097Z,dry,ETH-USD,7,place,sell,2731.9,0.0091,quote-ask,join best,7e2147da29ff50e4b1474ebd548e0bff
2026-09-22T05:09:18.624Z,dry,ETH-USD,7,place,buy,2731.7,0.0091,quote-bid,join best,d6f91e61ff6df208357ebabe4c1c5334
2026-09-22T05:09:19.030Z,dry,ETH-USD,7,cancel,sell,2731.9,0.0091,quote-ask,best moved 2731.9 -> 2731.8,7e2147da29ff50e4b1474ebd548e0bff
2026-09-22T05:09:19.126Z,dry,ETH-USD,7,place,sell,2731.8,0.0091,quote-ask,rejoin best,e0f41fd7bcdb03cd971fb189a54e28a7
2026-09-22T05:09:21.876Z,dry,ETH-USD,7,place,buy,2731.1,0.0091,quote-bid,join best,db11754e185518d42883a2cacad15bb1
2026-09-22T05:09:21.967Z,dry,ETH-USD,7,reject,buy,2731.1,0.0091,quote-bid,post only order would cross,db11754e185518d42883a2cacad15bb1
2026-09-22T05:09:22.079Z,dry,BTC-USD,6,place,buy,85455,0.00029,quote-bid,join best,1130e7c0c873e7bf36efabb401be6006
2026-09-22T05:09:22.187Z,dry,ETH-USD,7,place,buy,2730.6,0.0091,quote-bid,join best,c4d98640ab735e35082312c2e4104bd9
2026-09-22T05:09:22.483Z,dry,BTC-USD,6,cancel,sell,85470,0.00029,quote-ask,best moved 85470 -> 85456,dab5fb72afadba0a4bf228baba540e05
2026-09-22T05:09:22.579Z,dry,BTC-USD,6,place,sell,85456,0.00029,quote-ask,rejoin best,62a1a400efffe8e40db12f9c8fa8a950
2026-09-22T05:09:22.685Z,dry,ETH-USD,7,cancel,sell,2731.8,0.0091,quote-ask,best moved 2731.8 -> 2730.7,e0f41fd7bcdb03cd971fb189a54e28a7
2026-09-22T05:09:22.795Z,dry,ETH-USD,7,place,sell,2730.7,0.0091,quote-ask,rejoin best,121983283d7600256b0493f13079e7d6
2026-09-22T05:09:24.949Z,dry,ETH-USD,7,place,buy,2730.2,0.0091,quote-bid,join best,ed3968adcb4a134d18578f464991d008
2026-09-22T05:09:25.153Z,dry,ETH-USD,7,place,buy,2730.1,0.0091,quote-bid,join best,e530d4060fd6f1ff73073a9e9c621ca4
2026-09-22T05:09:25.557Z,dry,BTC-USD,6,cancel,sell,85456,0.00029,quote-ask,best moved 85456 -> 85448,62a1a400efffe8e40db12f9c8fa8a950
2026-09-22T05:09:25.668Z,dry,BTC-USD,6,place,sell,85448,0.00029,quote-ask,rejoin best,308a6632fd87ea0af5514db68c269d5d
2026-09-22T05:09:25.779Z,dry,ETH-USD,7,cancel,sell,2730.7,0.0091,quote-ask,best moved 2730.7 -> 2730,121983283d7600256b0493f13079e7d6
2026-09-22T05:09:25.938Z,dry,ETH-USD,7,place,sell,2730,0.0091,quote-ask,rejoin best,0e136d8f2364dd5d285da9f08edbf731
2026-09-22T05:09:26.801Z,dry,BTC-USD,6,cancel,sell,85448,0.00029,quote-ask,best moved 85448 -> 85438,308a6632fd87ea0af5514db68c269d5d
2026-09-22T05:09:26.896Z,dry,BTC-USD,6,place,sell,85438,0.00029,quote-ask,rejoin best,f6abd12f358b0ba6de3b41ed269acd05
2026-09-22T05:09:28.232Z,dry,ETH-USD,7,cancel,sell,2730,0.0091,quote-ask,best moved 2730 -> 2729.8,0e136d8f2364dd5d285da9f08edbf731
2026-09-22T05:09:28.327Z,dry,ETH-USD,7,place,sell,2729.8,0.0091,quote-ask,rejoin best,cb7eb7fc7e88d26c67af28eaee9f8d05
2026-09-22T05:09:29.658Z,dry,ETH-USD,7,place,buy,2729.8,0.0091,quote-bid,join best,04c84de48374b80e0cfb67e4d7797388
2026-09-22T05:09:29.753Z,dry,ETH-USD,7,place,sell,2729.9,0.0091,quote-ask,join best,2629ae01f4cf50b6ae9513a9c8754a5a
2026-09-22T05:09:31.081Z,dry,BTC-USD,6,cancel,sell,85438,0.00029,quote-ask,best moved 85438 -> 85422,f6abd12f358b0ba6de3b41ed269acd05
2026-09-22T05:09:31.177Z,dry,BTC-USD,6,place,sell,85422,0.00029,quote-ask,rejoin best,0d9b3bbe7ba35f296ae6a23859f2b09e
2026-09-22T05:09:31.284Z,dry,ETH-USD,7,cancel,sell,2729.9,0.0091,quote-ask,best moved 2729.9 -> 2729.4,2629ae01f4cf50b6ae9513a9c8754a5a
2026-09-22T05:09:31.379Z,dry,ETH-USD,7,place,sell,2729.4,0.0091,quote-ask,rejoin best,6701e6fded0b90cef3f4f3ebf197f851
2026-09-22T05:09:31.889Z,dry,ETH-USD,7,cancel,sell,2729.4,0.0091,quote-ask,best moved 2729.4 -> 2729.3,6701e6fded0b90cef3f4f3ebf197f851
2026-09-22T05:09:31.986Z,dry,ETH-USD,7,place,sell,2729.3,0.0091,quote-ask,rejoin best,119b74203dc2e7a396c09222ac6a277c
2026-09-22T05:09:33.310Z,dry,ETH-USD,7,cancel,sell,2729.3,0.0091,quote-ask,best moved 2729.3 -> 2729.1,119b74203dc2e7a396c09222ac6a277c
2026-09-22T05:09:33.407Z,dry,ETH-USD,7,place,sell,2729.1,0.0091,quote-ask,rejoin best,86fb0a1a3cc6acc2d19d7d7a7a7a56e7
2026-09-22T05:09:34.727Z,dry,ETH-USD,7,cancel,sell,2729.1,0.0091,quote-ask,best moved 2729.1 -> 2729.3,86fb0a1a3cc6acc2d19d7d7a7a7a56e7
2026-09-22T05:09:34.823Z,dry,ETH-USD,7,place,sell,2729.3,0.0091,quote-ask,rejoin best,266935cc5ceceea5a0f4ce50720ed5d2
2026-09-22T05:09:35.536Z,dry,BTC-USD,6,place,buy,85425,0.00029,quote-bid,join best,bdcb14e5738029e2f47ca82e0c2274e1
2026-09-22T05:09:35.631Z,dry,BTC-USD,6,place,sell,85426,0.00029,quote-ask,join best,245634c228d842f581fccfd1fcf85024
2026-09-22T05:09:35.740Z,dry,ETH-USD,7,place,buy,2728.9,0.0091,quote-bid,join best,de798ddbac7b148af593dffc4eee0de2
2026-09-22T05:09:35.835Z,dry,ETH-USD,7,place,sell,2729.4,0.0091,quote-ask,join best,4dd8052049f8fa3d3afc077238c35e12
2026-09-22T05:09:35.958Z,dry,ETH-USD,7,cancel,buy,2728.9,0.0091,quote-bid,best moved 2728.9 -> 2729.1,de798ddbac7b148af593dffc4eee0de2
2026-09-22T05:09:36.053Z,dry,ETH-USD,7,place,buy,2729.1,0.0091,quote-bid,rejoin best,06193b98f3e809c8a5cb7d43704ccfa6
2026-09-22T05:09:37.385Z,dry,BTC-USD,6,cancel,buy,85425,0.00029,quote-bid,flatten owns instrument,bdcb14e5738029e2f47ca82e0c2274e1
2026-09-22T05:09:37.478Z,dry,BTC-USD,6,cancel,sell,85426,0.00029,quote-ask,flatten owns instrument,245634c228d842f581fccfd1fcf85024
2026-09-22T05:09:37.575Z,dry,BTC-USD,6,place,sell,85426,0.00058,flatten-post,passive exit,fca0bd9f108ddf8d35ed72c8e7f65148
2026-09-22T05:09:38.201Z,dry,BTC-USD,6,place,buy,85436,0.00029,quote-bid,join best,a93afed3223954b2e8984b7388d564af
2026-09-22T05:09:38.296Z,dry,BTC-USD,6,place,sell,85437,0.00029,quote-ask,join best,9890cd73edae2c0553f2b6212a7eccd4
2026-09-22T05:09:38.389Z,dry,ETH-USD,7,place,sell,2729.8,0.0091,quote-ask,join best,53af354a810f2186ee42ffec157be3a6
2026-09-22T05:09:38.609Z,dry,BTC-USD,6,place,buy,85426,0.00029,quote-bid,join best,5d70bfd9b639dbf54bf9306819e37f63
2026-09-22T05:09:38.812Z,dry,ETH-USD,7,place,buy,2728.8,0.0091,quote-bid,join best,3686899ef3d8982802880159902179ea
2026-09-22T05:09:39.016Z,dry,BTC-USD,6,cancel,sell,85437,0.00029,quote-ask,best moved 85437 -> 85427,9890cd73edae2c0553f2b6212a7eccd4
2026-09-22T05:09:39.126Z,dry,BTC-USD,6,place,sell,85427,0.00029,quote-ask,rejoin best,6d75bf1e17b3d8978cd42963ae14bb21
2026-09-22T05:09:40.032Z,dry,ETH-USD,7,cancel,buy,2728.8,0.0091,quote-bid,best moved 2728.8 -> 2728.9,3686899ef3d8982802880159902179ea
2026-09-22T05:09:40.126Z,dry,ETH-USD,7,cancel,sell,2729.8,0.0091,quote-ask,best moved 2729.8 -> 2729,53af354a810f2186ee42ffec157be3a6
2026-09-22T05:09:40.235Z,dry,ETH-USD,7,place,buy,2728.9,0.0091,quote-bid,rejoin best,43a40328961a7ed478cd76b217707e0a
2026-09-22T05:09:40.346Z,dry,ETH-USD,7,place,sell,2729,0.0091,quote-ask,rejoin best,f93c4a97cb2ab8d767bb693b209c0bec
2026-09-22T05:09:40.453Z,dry,ETH-USD,7,place,sell,2729.2,0.0091,quote-ask,join best,a57612e18d2099bfb5dfe2ad7b432962
2026-09-22T05:09:40.858Z,dry,ETH-USD,7,cancel,buy,2728.9,0.0091,quote-bid,best moved 2728.9 -> 2729,43a40328961a7ed478cd76b217707e0a
2026-09-22T05:09:40.952Z,dry,ETH-USD,7,place,buy,2729,0.0091,quote-bid,rejoin best,b7e59ddec3b0b2872de151c135e87965
2026-09-22T05:09:41.060Z,dry,ETH-USD,7,cancel,sell,2729.2,0.0091,quote-ask,best moved 2729.2 -> 2729.1,a57612e18d2099bfb5dfe2ad7b432962
2026-09-22T05:09:41.169Z,dry,ETH-USD,7,place,sell,2729.1,0.0091,quote-ask,rejoin best,aaa43590ff3f6c53f4aeaf73d7f07dd4
2026-09-22T05:09:43.311Z,dry,ETH-USD,7,place,sell,2729.2,0.0091,quote-ask,join best,f2131031e0bc6b6fac8d9d73baedbbab
2026-09-22T05:09:43.713Z,dry,ETH-USD,7,cancel,buy,2729,0.0091,quote-bid,best moved 2729 -> 2729.1,b7e59ddec3b0b2872de151c135e87965
2026-09-22T05:09:43.809Z,dry,ETH-USD,7,place,buy,2729.1,0.0091,quote-bid,rejoin best,ebfdc5dc7791f5a0f5dedd1c7fca0ce7
2026-09-22T05:09:45.946Z,dry,ETH-USD,7,place,sell,2729.3,0.0091,quote-ask,join best,10fc22903c2d48fd93b6319d1f29e416
2026-09-22T05:09:46.351Z,dry,ETH-USD,7,cancel,buy,2729.1,0.0091,quote-bid,best moved 2729.1 -> 2729.2,ebfdc5dc7791f5a0f5dedd1c7fca0ce7
2026-09-22T05:09:46.445Z,dry,ETH-USD,7,place,buy,2729.2,0.0091,quote-bid,rejoin best,4a3283b4c1316811269ce74e261769a9
2026-09-22T05:09:47.772Z,dry,ETH-USD,7,place,sell,2729.9,0.0091,quote-ask,join best,89a3e0c2466ece3dd8833894089175e4
2026-09-22T05:09:48.176Z,dry,BTC-USD,6,place,sell,85434,0.00029,quote-ask,join best,88046c6a5ed6fb4c8173f50651a77d95
2026-09-22T05:09:48.269Z,dry,BTC-USD,6,reject,sell,85434,0.00029,quote-ask,post only order would cross,88046c6a5ed6fb4c8173f50651a77d95
2026-09-22T05:09:48.379Z,dry,BTC-USD,6,place,sell,85436,0.00029,quote-ask,join best,09dcffc7096a70dcef2c2e07d24b49a5
2026-09-22T05:09:48.784Z,dry,BTC-USD,6,cancel,buy,85426,0.00029,quote-bid,best moved 85426 -> 85435,5d70bfd9b639dbf54bf9306819e37f63
2026-09-22T05:09:48.878Z,dry,BTC-USD,6,place,buy,85435,0.00029,quote-bid,rejoin best,70044f4ac5fc389dc1ec92fc4721bf53
2026-09-22T05:09:48.987Z,dry,ETH-USD,7,cancel,buy,2729.2,0.0091,quote-bid,best moved 2729.2 -> 2729.9,4a3283b4c1316811269ce74e261769a9
2026-09-22T05:09:49.098Z,dry,ETH-USD,7,place,buy,2729.9,0.0091,quote-bid,rejoin best,9bc13d8cb0d35c5ecc1a3491b399db88
2026-09-22T05:09:50.409Z,dry,ETH-USD,7,cancel,buy,2729.9,0.0091,quote-bid,best moved 2729.9 -> 2730.1,9bc13d8cb0d35c5ecc1a3491b399db88
2026-09-22T05:09:50.506Z,dry,ETH-USD,7,place,buy,2730.1,0.0091,quote-bid,rejoin best,4c3b24e5ee4684d7c13111741d3fe838
2026-09-22T05:09:50.615Z,dry,ETH-USD,7,place,buy,2730,0.0091,quote-bid,join best,c4c2762767da5e80d0bd0fc2265846f1
2026-09-22T05:09:50.726Z,dry,ETH-USD,7,place,sell,2730.1,0.0091,quote-ask,join best,f1e5adac8c09272c455ac86dde81b3bb
2026-09-22T05:09:51.227Z,dry,ETH-USD,7,place,buy,2729.8,0.0091,quote-bid,join best,15243d3f79483916fe85d144bdc195c8
2026-09-22T05:09:51.633Z,dry,ETH-USD,7,cancel,sell,2730.1,0.0091,quote-ask,best moved 2730.1 -> 2730,f1e5adac8c09272c455ac86dde81b3bb
2026-09-22T05:09:51.729Z,dry,ETH-USD,7,place,sell,2730,0.0091,quote-ask,rejoin best,0b00804211412283975e66a31e76de7f
2026-09-22T05:09:52.446Z,dry,ETH-USD,7,cancel,sell,2730,0.0091,quote-ask,best moved 2730 -> 2730.3,0b00804211412283975e66a31e76de7f
2026-09-22T05:09:52.532Z,dry,ETH-USD,7,place,sell,2730.3,0.0091,quote-ask,rejoin best,7b589c0c6346490be2e3a54e06d82fc6
2026-09-22T05:09:53.053Z,dry,ETH-USD,7,cancel,sell,2730.3,0.0091,quote-ask,best moved 2730.3 -> 2729.9,7b589c0c6346490be2e3a54e06d82fc6
2026-09-22T05:09:53.150Z,dry,ETH-USD,7,place,sell,2729.9,0.0091,quote-ask,rejoin best,c136573f997bcdedf8457ec577de9880
2026-09-22T05:09:53.864Z,dry,ETH-USD,7,cancel,sell,2729.9,0.0091,quote-ask,best moved 2729.9 -> 2730.3,c136573f997bcdedf8457ec577de9880
2026-09-22T05:09:53.959Z,dry,ETH-USD,7,place,sell,2730.3,0.0091,quote-ask,rejoin best,d6d3defb12eaef4d8d2da8e477bd829b
2026-09-22T05:09:54.470Z,dry,ETH-USD,7,cancel,sell,2730.3,0.0091,quote-ask,best moved 2730.3 -> 2730.1,d6d3defb12eaef4d8d2da8e477bd829b
2026-09-22T05:09:54.566Z,dry,ETH-USD,7,place,sell,2730.1,0.0091,quote-ask,rejoin best,b3da0cf3586392bb7810e1bd5c3cf9c1
2026-09-22T05:09:54.673Z,dry,ETH-USD,7,cancel,buy,2729.8,0.0091,quote-bid,best moved 2729.8 -> 2730,15243d3f79483916fe85d144bdc195c8
2026-09-22T05:09:54.768Z,dry,ETH-USD,7,place,buy,2730,0.0091,quote-bid,rejoin best,e6998fc406b9754f39cf4ec325f141cf
2026-09-22T05:10:00.966Z,dry,ETH-USD,7,cancel,buy,2730,0.0091,quote-bid,best moved 2730 -> 2730.2,e6998fc406b9754f39cf4ec325f141cf
2026-09-22T05:10:01.049Z,dry,ETH-USD,7,place,buy,2730.2,0.0091,quote-bid,rejoin best,cc9a096adbb10c26accd9f505f8add17
2026-09-22T05:10:01.579Z,dry,ETH-USD,7,cancel,buy,2730.2,0.0091,quote-bid,best moved 2730.2 -> 2730.3,cc9a096adbb10c26accd9f505f8add17
2026-09-22T05:10:01.673Z,dry,ETH-USD,7,place,buy,2730.3,0.0091,quote-bid,rejoin best,0687f51bd48d742d3aa60d3d38f4294e
2026-09-22T05:10:03.013Z,dry,ETH-USD,7,cancel,buy,2730.3,0.0091,quote-bid,best moved 2730.3 -> 2730.2,0687f51bd48d742d3aa60d3d38f4294e
2026-09-22T05:10:03.117Z,dry,ETH-USD,7,place,buy,2730.2,0.0091,quote-bid,rejoin best,8e97c5943449a862aee1ce911a78ed86
2026-09-22T05:10:03.822Z,dry,ETH-USD,7,cancel,buy,2730.2,0.0091,quote-bid,best moved 2730.2 -> 2730.1,8e97c5943449a862aee1ce911a78ed86
2026-09-22T05:10:03.917Z,dry,ETH-USD,7,place,buy,2730.1,0.0091,quote-bid,rejoin best,8bd9e6f947fc45ae5381404fe767a3f9
2026-09-22T05:10:05.247Z,dry,ETH-USD,7,cancel,buy,2730.1,0.0091,quote-bid,best moved 2730.1 -> 2730.2,8bd9e6f947fc45ae5381404fe767a3f9
2026-09-22T05:10:05.338Z,dry,ETH-USD,7,place,buy,2730.2,0.0091,quote-bid,rejoin best,b569e5befe6679e153bb7b9d840b8f44
2026-09-22T05:10:05.858Z,dry,ETH-USD,7,place,buy,2730.1,0.0091,quote-bid,join best,3ef7f39c04f16c10fb38783455ccdba4
2026-09-22T05:10:05.952Z,dry,ETH-USD,7,place,sell,2730.2,0.0091,quote-ask,join best,e559a1eb832e4a4fe821732a6b88cc57
2026-09-22T05:10:06.875Z,dry,ETH-USD,7,cancel,buy,2730.1,0.0091,quote-bid,best moved 2730.1 -> 2730.2,3ef7f39c04f16c10fb38783455ccdba4
2026-09-22T05:10:06.970Z,dry,ETH-USD,7,place,buy,2730.2,0.0091,quote-bid,rejoin best,61ffd0b24b071ff17cf5a78a92a7e703
2026-09-22T05:10:07.487Z,dry,ETH-USD,7,cancel,buy,2730.2,0.0091,quote-bid,best moved 2730.2 -> 2730.3,61ffd0b24b071ff17cf5a78a92a7e703
2026-09-22T05:10:07.584Z,dry,ETH-USD,7,place,buy,2730.3,0.0091,quote-bid,rejoin best,051dd1e2297d6932aa32c7df44a0e380
2026-09-22T05:10:08.710Z,dry,ETH-USD,7,place,buy,2729.4,0.0091,quote-bid,join best,0b20a6f41d8335c58f80843e1f5ff427
2026-09-22T05:10:08.804Z,dry,ETH-USD,7,place,sell,2730.1,0.0091,quote-ask,join best,6081610e3ab6ec605476ccd6df32a3d8
2026-09-22T05:10:09.315Z,dry,ETH-USD,7,cancel,buy,2729.4,0.0091,quote-bid,best moved 2729.4 -> 2730,0b20a6f41d8335c58f80843e1f5ff427
2026-09-22T05:10:09.405Z,dry,ETH-USD,7,place,buy,2730,0.0091,quote-bid,rejoin best,67a0a9123f89f7ba81c05ddad056535c
2026-09-22T05:10:10.326Z,dry,ETH-USD,7,cancel,buy,2730,0.0091,quote-bid,best moved 2730 -> 2729.6,67a0a9123f89f7ba81c05ddad056535c
2026-09-22T05:10:10.421Z,dry,ETH-USD,7,place,buy,2729.6,0.0091,quote-bid,rejoin best,01c8d2fb27df63b6488e1e5e6dd6462d
2026-09-22T05:10:10.532Z,dry,BTC-USD,6,place,buy,85434,0.00029,quote-bid,join best,39d1e758a82b3a2af8a9cc4eb60b755e
2026-09-22T05:10:10.937Z,dry,BTC-USD,6,cancel,sell,85436,0.00029,quote-ask,best moved 85436 -> 85435,09dcffc7096a70dcef2c2e07d24b49a5
2026-09-22T05:10:11.033Z,dry,BTC-USD,6,place,sell,85435,0.00029,quote-ask,rejoin best,da18185843c0db5b57b82d0c3f8d6e0c
2026-09-22T05:10:11.949Z,dry,ETH-USD,7,cancel,buy,2729.6,0.0091,quote-bid,best moved 2729.6 -> 2730,01c8d2fb27df63b6488e1e5e6dd6462d
2026-09-22T05:10:12.045Z,dry,ETH-USD,7,place,buy,2730,0.0091,quote-bid,rejoin best,9ce8db497d94a68a9561f603b2e95f57
2026-09-22T05:10:13.986Z,dry,ETH-USD,7,cancel,buy,2730,0.0091,quote-bid,best moved 2730 -> 2730.3,9ce8db497d94a68a9561f603b2e95f57
2026-09-22T05:10:14.082Z,dry,ETH-USD,7,place,buy,2730.3,0.0091,quote-bid,rejoin best,1a9ca647ef63a3dd94980559e4a4f085
2026-09-22T05:10:16.013Z,dry,ETH-USD,7,cancel,buy,2730.3,0.0091,quote-bid,best moved 2730.3 -> 2730.4,1a9ca647ef63a3dd94980559e4a4f085
2026-09-22T05:10:16.103Z,dry,ETH-USD,7,place,buy,2730.4,0.0091,quote-bid,rejoin best,5c7c00e8a9bd940def4fd025278d9c3f
2026-09-22T05:10:16.834Z,dry,BTC-USD,6,place,buy,85431,0.00029,quote-bid,join best,3b31171ab8f83fe642e03879ed100281
2026-09-22T05:10:16.929Z,dry,ETH-USD,7,place,buy,2730.2,0.0091,quote-bid,join best,40dd993c1e7d79370d84cc46bee09bf8
2026-09-22T05:10:17.039Z,dry,ETH-USD,7,place,sell,2730.3,0.0091,quote-ask,join best,415d6cc587236289aff0787c8a440c72
2026-09-22T05:10:17.257Z,dry,BTC-USD,6,cancel,sell,85435,0.00029,quote-ask,best moved 85435 -> 85432,da18185843c0db5b57b82d0c3f8d6e0c
2026-09-22T05:10:17.353Z,dry,BTC-USD,6,place,sell,85432,0.00029,quote-ask,rejoin best,83e1debdc34f2523361da8c7dc027ae5
2026-09-22T05:10:27.051Z,dry,ETH-USD,7,place,buy,2729.9,0.0091,quote-bid,join best,6cd788aac49e4fee4bbd7bf7cc18251e
2026-09-22T05:10:27.459Z,dry,ETH-USD,7,cancel,sell,2730.3,0.0091,quote-ask,best moved 2730.3 -> 2730.2,415d6cc587236289aff0787c8a440c72
2026-09-22T05:10:27.555Z,dry,ETH-USD,7,place,sell,2730.2,0.0091,quote-ask,rejoin best,a2a94946403a3e1be844ff1b35e00e26
2026-09-22T05:10:27.665Z,dry,ETH-USD,7,cancel,buy,2729.9,0.0091,quote-bid,best moved 2729.9 -> 2730.1,6cd788aac49e4fee4bbd7bf7cc18251e
2026-09-22T05:10:27.761Z,dry,ETH-USD,7,place,buy,2730.1,0.0091,quote-bid,rejoin best,76c362de006e33c78c8c72feb0712f2f
2026-09-22T05:10:30.910Z,dry,ETH-USD,7,place,buy,2729.8,0.0091,quote-bid,join best,c3735d7d1731e37f47aad6a65360ed0e
2026-09-22T05:10:31.114Z,dry,ETH-USD,7,place,buy,2729.7,0.0091,quote-bid,join best,ff89df2ae5807c69d278479d21582d8a
2026-09-22T05:10:31.316Z,dry,BTC-USD,6,cancel,sell,85432,0.00029,quote-ask,best moved 85432 -> 85424,83e1debdc34f2523361da8c7dc027ae5
2026-09-22T05:10:31.410Z,dry,BTC-USD,6,place,sell,85424,0.00029,quote-ask,rejoin best,72e8033c2294d5c69600994c77c4a49f
2026-09-22T05:10:31.520Z,dry,ETH-USD,7,cancel,sell,2730.2,0.0091,quote-ask,best moved 2730.2 -> 2729.8,a2a94946403a3e1be844ff1b35e00e26
2026-09-22T05:10:31.615Z,dry,ETH-USD,7,place,sell,2729.8,0.0091,quote-ask,rejoin best,0b2379ee0bacdf95107a2af4155799d5
2026-09-22T05:10:32.935Z,dry,BTC-USD,6,cancel,sell,85424,0.00029,quote-ask,best moved 85424 -> 85419,72e8033c2294d5c69600994c77c4a49f
2026-09-22T05:10:33.030Z,dry,BTC-USD,6,place,sell,85419,0.00029,quote-ask,rejoin best,26b90edb10ca0c9c97110f25498b7b2c
2026-09-22T05:10:33.122Z,dry,ETH-USD,7,cancel,sell,2729.8,0.0091,quote-ask,best moved 2729.8 -> 2730.4,0b2379ee0bacdf95107a2af4155799d5
2026-09-22T05:10:33.217Z,dry,ETH-USD,7,place,sell,2730.4,0.0091,quote-ask,rejoin best,5c50254cbbc72db325c0bc1ca4433daa
2026-09-22T05:10:33.950Z,dry,ETH-USD,7,cancel,buy,2729.7,0.0091,quote-bid,best moved 2729.7 -> 2730,ff89df2ae5807c69d278479d21582d8a
2026-09-22T05:10:34.043Z,dry,ETH-USD,7,cancel,sell,2730.4,0.0091,quote-ask,best moved 2730.4 -> 2730.1,5c50254cbbc72db325c0bc1ca4433daa
2026-09-22T05:10:34.139Z,dry,ETH-USD,7,place,buy,2730,0.0091,quote-bid,rejoin best,bd173588970b95472216c98028b5191b
2026-09-22T05:10:34.249Z,dry,ETH-USD,7,place,sell,2730.1,0.0091,quote-ask,rejoin best,a0bab41d058fd982842429d2978e1e9e
2026-09-22T05:10:34.974Z,dry,BTC-USD,6,place,buy,85425,0.00029,quote-bid,join best,0806d0777609a1deca615e7c75d7d363
2026-09-22T05:10:35.069Z,dry,BTC-USD,6,place,sell,85426,0.00029,quote-ask,join best,3943dacceb9d9a417b78f532533cc91f
2026-09-22T05:10:35.597Z,dry,BTC-USD,6,cancel,sell,85426,0.00029,quote-ask,best moved 85426 -> 85419,3943dacceb9d9a417b78f532533cc91f
2026-09-22T05:10:35.693Z,dry,BTC-USD,6,place,sell,85419,0.00029,quote-ask,rejoin best,7a2ba6e7c30e8e32721014f2dd0fdc61
2026-09-22T05:10:43.903Z,dry,ETH-USD,7,place,sell,2730.6,0.0091,quote-ask,join best,3058bcfbb3f4e6826175182c46b74697
2026-09-22T05:10:44.513Z,dry,ETH-USD,7,cancel,buy,2730,0.0091,quote-bid,best moved 2730 -> 2730.3,bd173588970b95472216c98028b5191b
2026-09-22T05:10:44.609Z,dry,ETH-USD,7,cancel,sell,2730.6,0.0091,quote-ask,best moved 2730.6 -> 2730.4,3058bcfbb3f4e6826175182c46b74697
2026-09-22T05:10:44.714Z,dry,ETH-USD,7,place,buy,2730.3,0.0091,quote-bid,rejoin best,3b6fff896b5e1fc8ab75476077636d17
2026-09-22T05:10:44.811Z,dry,ETH-USD,7,place,sell,2730.4,0.0091,quote-ask,rejoin best,2b83b377ec511108ddfe99c9a1ed14e2
2026-09-22T05:10:45.338Z,dry,ETH-USD,7,place,sell,2730.5,0.0091,quote-ask,join best,dbdee643640cf3cf47f48277c72c04f0
2026-09-22T05:10:45.743Z,dry,ETH-USD,7,cancel,buy,2730.3,0.0091,quote-bid,best moved 2730.3 -> 2730.4,3b6fff896b5e1fc8ab75476077636d17
2026-09-22T05:10:45.838Z,dry,ETH-USD,7,place,buy,2730.4,0.0091,quote-bid,rejoin best,230e231b316945e1285a1a8c81ec09d6
2026-09-22T05:10:48.588Z,dry,BTC-USD,6,place,buy,85424,0.00029,quote-bid,join best,6ae567aa826365567e963a72b4d90936
2026-09-22T05:10:48.681Z,dry,BTC-USD,6,place,sell,85425,0.00029,quote-ask,join best,2ea7cb1b2f019df4b0b8d68b9f931a08
2026-09-22T05:10:51.636Z,dry,ETH-USD,7,place,sell,2730.9,0.0091,quote-ask,join best,b17af63b8f4feb4c56b22e02ae618a1a
2026-09-22T05:10:52.046Z,dry,BTC-USD,6,place,sell,85430,0.00029,quote-ask,join best,6aa2c383daf3010ed16183fa99a46a74
2026-09-22T05:10:52.451Z,dry,BTC-USD,6,cancel,buy,85424,0.00029,quote-bid,best moved 85424 -> 85429,6ae567aa826365567e963a72b4d90936
2026-09-22T05:10:52.546Z,dry,BTC-USD,6,place,buy,85429,0.00029,quote-bid,rejoin best,f02856cdb15ccd8bc517158b3da29f55
2026-09-22T05:10:52.861Z,dry,BTC-USD,6,place,sell,85431,0.00029,quote-ask,join best,acee0d0bc369ae98df875df6805ef15e
2026-09-22T05:10:53.260Z,dry,BTC-USD,6,cancel,buy,85429,0.00029,quote-bid,best moved 85429 -> 85430,f02856cdb15ccd8bc517158b3da29f55
2026-09-22T05:10:53.363Z,dry,BTC-USD,6,place,buy,85430,0.00029,quote-bid,rejoin best,fd21925d35040f03acfef3935a79d96d
2026-09-22T05:10:54.083Z,dry,ETH-USD,7,cancel,buy,2730.4,0.0091,quote-bid,best moved 2730.4 -> 2731.5,230e231b316945e1285a1a8c81ec09d6
2026-09-22T05:10:54.178Z,dry,ETH-USD,7,place,buy,2731.5,0.0091,quote-bid,rejoin best,e07492ecffd6186f41a6260661cf393a
2026-09-22T05:10:54.272Z,dry,ETH-USD,7,reject,buy,2731.5,0.0091,quote-bid,post only order would cross,e07492ecffd6186f41a6260661cf393a
2026-09-22T05:10:54.294Z,dry,ETH-USD,7,place,buy,2731.3,0.0091,quote-bid,join best,f5f0ebacbe1a78663df8b2a1fc7b8b9e
2026-09-22T05:10:54.398Z,dry,ETH-USD,7,reject,buy,2731.3,0.0091,quote-bid,post only order would cross,f5f0ebacbe1a78663df8b2a1fc7b8b9e
2026-09-22T05:10:54.494Z,dry,ETH-USD,7,place,buy,2730.9,0.0091,quote-bid,join best,13c893bfb457fdbaa54b75ca44eb91ca
2026-09-22T05:10:56.942Z,dry,BTC-USD,6,place,sell,85447,0.00029,quote-ask,join best,b74fc4e8e8a6dc2c65abdd52016e852a
2026-09-22T05:10:57.552Z,dry,BTC-USD,6,cancel,buy,85430,0.00029,quote-bid,best moved 85430 -> 85444,fd21925d35040f03acfef3935a79d96d
2026-09-22T05:10:57.646Z,dry,BTC-USD,6,cancel,sell,85447,0.00029,quote-ask,best moved 85447 -> 85445,b74fc4e8e8a6dc2c65abdd52016e852a
2026-09-22T05:10:57.758Z,dry,BTC-USD,6,place,buy,85444,0.00029,quote-bid,rejoin best,b436c9ab59720c03a7615428ad045a9a
2026-09-22T05:10:57.853Z,dry,BTC-USD,6,place,sell,85445,0.00029,quote-ask,rejoin best,0e7fdf0be4a019d4b58273662c4aeaff
2026-09-22T05:11:03.262Z,dry,ETH-USD,7,cancel,buy,2730.9,0.0091,quote-bid,best moved 2730.9 -> 2731.3,13c893bfb457fdbaa54b75ca44eb91ca
2026-09-22T05:11:03.358Z,dry,ETH-USD,7,place,buy,2731.3,0.0091,quote-bid,rejoin best,1f943b697858af4ca561f5c26b064d1e
2026-09-22T05:11:05.289Z,dry,BTC-USD,6,place,sell,85453,0.00029,quote-ask,join best,ddb3d3891d56ad6bb4cddbcb376718fe
2026-09-22T05:11:06.097Z,dry,ETH-USD,7,cancel,buy,2731.3,0.0091,quote-bid,best moved 2731.3 -> 2731.8,1f943b697858af4ca561f5c26b064d1e
2026-09-22T05:11:06.193Z,dry,ETH-USD,7,place,buy,2731.8,0.0091,quote-bid,rejoin best,07bcbc3fc28cf6b5d08d950d56521a70
2026-09-22T05:11:06.502Z,dry,BTC-USD,6,cancel,buy,85444,0.00029,quote-bid,best moved 85444 -> 85461,b436c9ab59720c03a7615428ad045a9a
2026-09-22T05:11:06.598Z,dry,BTC-USD,6,place,buy,85461,0.00029,quote-bid,rejoin best,ef92f8914c74d3cc767ca050f4c73892
2026-09-22T05:11:10.385Z,dry,ETH-USD,7,cancel,buy,2731.8,0.0091,quote-bid,best moved 2731.8 -> 2732,07bcbc3fc28cf6b5d08d950d56521a70
2026-09-22T05:11:10.480Z,dry,ETH-USD,7,place,buy,2732,0.0091,quote-bid,rejoin best,03f881f043dd8483e93761edd0c776db
2026-09-22T05:11:11.402Z,dry,BTC-USD,6,cancel,buy,85461,0.00029,quote-bid,best moved 85461 -> 85469,ef92f8914c74d3cc767ca050f4c73892
2026-09-22T05:11:11.498Z,dry,BTC-USD,6,place,buy,85469,0.00029,quote-bid,rejoin best,4da8de2ec074115b0b13ec5e6efc97e6
