ts,mode,symbol,iid,side,price,qty,notional,liquidity,fee,intent,decision_mid,slippage_usd,slippage_bps,position_after,realized_pnl,trade_id,coid
2026-09-22T06:28:01.869Z,dry,BTC-USD,6,sell,85271,0.00029,24.72859,maker,0.00309107,quote-ask,85270.5,-0.000145,-0.05863658,-0.00029,0,sim-e4f87d0c962503ba1cb153eb316946a1-0,e4f87d0c962503ba1cb153eb316946a1
2026-09-22T06:28:02.056Z,dry,ETH-USD,7,sell,2728.5,0.0091,24.82935,maker,0.00310367,quote-ask,2728.45,-0.000455,-0.18325087,-0.0091,0,sim-9cfecb475e50cd14aaa19b6e1ce8629f-0,9cfecb475e50cd14aaa19b6e1ce8629f
2026-09-22T06:28:03.981Z,dry,ETH-USD,7,sell,2728.9,0.0091,24.83299,maker,0.00310412,quote-ask,2728.85,-0.000455,-0.18322401,-0.0182,0,sim-89289f739a2800a2cd0b942a38aa0c5e-0,89289f739a2800a2cd0b942a38aa0c5e
2026-09-22T06:28:04.663Z,dry,BTC-USD,6,sell,85283,0.00029,24.73207,maker,0.00309151,quote-ask,85282.5,-0.000145,-0.05862833,-0.00058,0,sim-81819eecaf3560d7a2677c314f5ebacd-0,81819eecaf3560d7a2677c314f5ebacd
2026-09-22T06:28:04.953Z,dry,BTC-USD,6,sell,85288,0.00029,24.73352,maker,0.00309169,quote-ask,85287.5,-0.000145,-0.05862489,-0.00087,0,sim-9d4deafca45178802906ea8c159b31ce-0,9d4deafca45178802906ea8c159b31ce
2026-09-22T06:28:58.920Z,dry,BTC-USD,6,buy,85303,0.00029,24.73787,maker,0.00309223,quote-bid,85303.5,-0.000145,-0.05861459,-0.00058,-0.00647667,sim-9af3fd6170f6414b9470baa5e8390f99-0,9af3fd6170f6414b9470baa5e8390f99
2026-09-22T06:28:59.106Z,dry,BTC-USD,6,buy,85295,0.00029,24.73555,maker,0.00309194,quote-bid,85296,-0.00029,-0.11724017,-0.00029,-0.00415667,sim-36b726e328b27a54040c435939c1bf6b-0,36b726e328b27a54040c435939c1bf6b
2026-09-22T06:28:59.233Z,dry,ETH-USD,7,buy,2728.9,0.0091,24.83299,maker,0.00310412,quote-bid,2728.95,-0.000455,-0.18322401,-0.0091,-0.00182,sim-45faae8f9ab55e1267afe7d671d8b665-0,45faae8f9ab55e1267afe7d671d8b665
2026-09-22T06:28:59.366Z,dry,BTC-USD,6,buy,85286,0.00029,24.73294,maker,0.00309162,quote-bid,85288.5,-0.000725,-0.29313135,0,-0.00154667,sim-1bb1a0afaffcf11a2b324788ce161b26-0,1bb1a0afaffcf11a2b324788ce161b26
2026-09-22T06:29:01.238Z,dry,ETH-USD,7,sell,2728.8,0.0091,24.83208,maker,0.00310401,quote-ask,2728.55,-0.002275,-0.91615362,-0.0182,0,sim-0b6696dc9ef39834d050e2d9573f09c6-0,0b6696dc9ef39834d050e2d9573f09c6
2026-09-22T06:29:01.532Z,dry,ETH-USD,7,buy,2728.7,0.0091,24.83117,maker,0.0031039,quote-bid,2728.75,-0.000455,-0.18323744,-0.0091,0.000455,sim-4a75293ca1e843beea2227e4a72631d4-0,4a75293ca1e843beea2227e4a72631d4
2026-09-22T06:29:02.802Z,dry,BTC-USD,6,sell,85282,0.00029,24.73178,maker,0.00309147,quote-ask,85281.5,-0.000145,-0.05862902,-0.00029,0,sim-984238cfab76399b99563a74ec129c79-0,984238cfab76399b99563a74ec129c79
2026-09-22T06:29:17.296Z,dry,BTC-USD,6,sell,85291,0.00029,24.73439,maker,0.0030918,quote-ask,85290.5,-0.000145,-0.05862283,-0.00058,0,sim-781c508691f922de041571c17e66f2a0-0,781c508691f922de041571c17e66f2a0
2026-09-22T06:29:18.338Z,dry,ETH-USD,7,buy,2729,0.0091,24.8339,taker,0.00993356,flatten-ioc,2728.95,0.000455,0.1832173,0,-0.002275,sim-419789f036b55e949dad0665e818dd35-0,419789f036b55e949dad0665e818dd35
2026-09-22T06:29:18.758Z,dry,BTC-USD,6,sell,85298,0.00029,24.73642,maker,0.00309205,quote-ask,85297.5,-0.000145,-0.05861802,-0.00087,0,sim-5a9e638a8d8811f4a335fdcbfd8174d6-0,5a9e638a8d8811f4a335fdcbfd8174d6
2026-09-22T06:29:24.138Z,dry,ETH-USD,7,sell,2729,0.0091,24.8339,maker,0.00310424,quote-ask,2728.95,-0.000455,-0.1832173,-0.0091,0,sim-0500f55c56741fc87fa45f3d36b1671d-0,0500f55c56741fc87fa45f3d36b1671d
2026-09-22T06:29:25.273Z,dry,ETH-USD,7,buy,2729.9,0.0091,24.84209,maker,0.00310526,quote-bid,2729.95,-0.000455,-0.18315689,0,-0.00819,sim-ba74259b6745b99b34649c155f997d41-0,ba74259b6745b99b34649c155f997d41
2026-09-22T06:29:25.386Z,dry,BTC-USD,6,buy,85319,0.00029,24.74251,maker,0.00309281,quote-bid,85319.5,-0.000145,-0.05860359,-0.00058,-0.00831333,sim-c036e081c6b43969af85c35ca67f6e77-0,c036e081c6b43969af85c35ca67f6e77
2026-09-22T06:29:27.697Z,dry,ETH-USD,7,sell,2729.8,0.0091,24.84118,maker,0.00310515,quote-ask,2729.75,-0.000455,-0.1831636,-0.0091,0,sim-01071bb806b35ed6cab2de3632fa6f8b-0,01071bb806b35ed6cab2de3632fa6f8b
2026-09-22T06:29:31.267Z,dry,ETH-USD,7,sell,2730,0.0091,24.843,maker,0.00310538,quote-ask,2729.95,-0.000455,-0.18315018,-0.0182,0,sim-3909c87e7e1a36a610b2a2c9dea3bf27-0,3909c87e7e1a36a610b2a2c9dea3bf27
2026-09-22T06:29:32.553Z,dry,BTC-USD,6,sell,85313,0.00029,24.74077,maker,0.0030926,quote-ask,85312.5,-0.000145,-0.05860772,-0.00087,0,sim-21ad1b70787b348e7d3a7526b70dbcb5-0,21ad1b70787b348e7d3a7526b70dbcb5
2026-09-22T06:29:46.277Z,dry,ETH-USD,7,buy,2730.1,0.0091,24.84391,maker,0.00310549,quote-bid,2730.15,-0.000455,-0.18314347,-0.0091,-0.00182,sim-3cdba692c8ba7b64c3adf373c2e2ef4c-0,3cdba692c8ba7b64c3adf373c2e2ef4c
2026-09-22T06:29:50.152Z,dry,ETH-USD,7,sell,2730,0.0091,24.843,maker,0.00310538,quote-ask,2729.95,-0.000455,-0.18315018,-0.0182,0,sim-7fa3438639315c6f5ca8ececcfb390b8-0,7fa3438639315c6f5ca8ececcfb390b8
2026-09-22T06:30:01.239Z,dry,ETH-USD,7,buy,2730.1,0.0091,24.84391,maker,0.00310549,quote-bid,2730.15,-0.000455,-0.18314347,-0.0091,-0.001365,sim-a326bb45130a5374b5383e311d11a77d-0,a326bb45130a5374b5383e311d11a77d
2026-09-22T06:30:01.811Z,dry,BTC-USD,6,buy,85341,0.00029,24.74889,maker,0.00309361,quote-bid,85341.5,-0.000145,-0.05858849,-0.00058,-0.01250222,sim-d62854c4422371089914ebdc53fdce7e-0,d62854c4422371089914ebdc53fdce7e
2026-09-22T06:30:02.325Z,dry,ETH-USD,7,buy,2729.7,0.0091,24.84027,maker,0.00310503,quote-bid,2729.75,-0.000455,-0.18317031,0,0.002275,sim-4ad510b94aabd3eead3b5836591b2a93-0,4ad510b94aabd3eead3b5836591b2a93
2026-09-22T06:30:05.312Z,dry,ETH-USD,7,sell,2729.4,0.0091,24.83754,maker,0.00310469,quote-ask,2729.35,-0.000455,-0.18319044,-0.0091,0,sim-754c26fec84d2c2a0419c52ee69c9066-0,754c26fec84d2c2a0419c52ee69c9066
2026-09-22T06:30:06.300Z,dry,ETH-USD,7,buy,2729.7,0.0091,24.84027,maker,0.00310503,quote-bid,2729.75,-0.000455,-0.18317031,0,-0.00273,sim-08bb8585c8e9fdb0eb331c3d7dec7051-0,08bb8585c8e9fdb0eb331c3d7dec7051
2026-09-22T06:30:07.203Z,dry,ETH-USD,7,sell,2729.6,0.0091,24.83936,maker,0.00310492,quote-ask,2729.55,-0.000455,-0.18317702,-0.0091,0,sim-eef431365f18c5cc99c4396ca820e8f1-0,eef431365f18c5cc99c4396ca820e8f1
2026-09-22T06:30:08.102Z,dry,ETH-USD,7,sell,2729.8,0.0091,24.84118,maker,0.00310515,quote-ask,2729.75,-0.000455,-0.1831636,-0.0182,0,sim-d2f62c72eb328b3f634466b527c95765-0,d2f62c72eb328b3f634466b527c95765
2026-09-22T06:30:10.626Z,dry,ETH-USD,7,buy,2729.9,0.0091,24.84209,maker,0.00310526,quote-bid,2729.95,-0.000455,-0.18315689,-0.0091,-0.00182,sim-dfb17ad2647f6b7039f88b40a8b52c3d-0,dfb17ad2647f6b7039f88b40a8b52c3d
2026-09-22T06:30:11.525Z,dry,ETH-USD,7,buy,2729.7,0.0091,24.84027,maker,0.00310503,quote-bid,2729.8,-0.00091,-0.36634062,0,0,sim-c49093243889d0f35529d796b52a486e-0,c49093243889d0f35529d796b52a486e
2026-09-22T06:30:13.037Z,dry,ETH-USD,7,buy,2729.6,0.0091,24.83936,maker,0.00310492,quote-bid,2729.65,-0.000455,-0.18317702,0.0091,0,sim-f52f184124a57d41ba3aab2a90ae8521-0,f52f184124a57d41ba3aab2a90ae8521
2026-09-22T06:30:13.070Z,dry,BTC-USD,6,buy,85340,0.00058,49.4972,maker,0.00618715,flatten-post,85336.5,0.00203,0.41012421,0,-0.02442444,sim-a372f23d04ca48fb3d81eb81e27e7c84-0,a372f23d04ca48fb3d81eb81e27e7c84
2026-09-22T06:30:14.845Z,dry,ETH-USD,7,buy,2729.5,0.0091,24.83845,maker,0.00310481,quote-bid,2729.55,-0.000455,-0.18318373,0.0182,0,sim-a29588628dbefed70dce00fef21adb5d-0,a29588628dbefed70dce00fef21adb5d
2026-09-22T06:30:14.934Z,dry,BTC-USD,6,buy,85337,0.00029,24.74773,maker,0.00309347,quote-bid,85337.5,-0.000145,-0.05859123,0.00029,0,sim-a6eb7210c5911c6eb4c0ec916cc16600-0,a6eb7210c5911c6eb4c0ec916cc16600
2026-09-22T06:30:17.955Z,dry,ETH-USD,7,buy,2729,0.0091,24.8339,maker,0.00310424,quote-bid,2729.05,-0.000455,-0.1832173,0.0273,0,sim-b7149913b19276ea7295261827569c65-0,b7149913b19276ea7295261827569c65
2026-09-22T06:30:17.998Z,dry,BTC-USD,6,buy,85330,0.00029,24.7457,maker,0.00309321,quote-bid,85330.5,-0.000145,-0.05859604,0.00058,0,sim-31c52d2920fab31275a9e469a30c5d72-0,31c52d2920fab31275a9e469a30c5d72
2026-09-22T06:30:20.133Z,dry,BTC-USD,6,buy,85321,0.00029,24.74309,maker,0.00309289,quote-bid,85321.5,-0.000145,-0.05860222,0.00087,0,sim-43e94b2e0ed8a773595523043435d699-0,43e94b2e0ed8a773595523043435d699
2026-09-22T06:30:22.886Z,dry,ETH-USD,7,sell,2728.6,0.0091,24.83026,maker,0.00310378,quote-ask,2728.55,-0.000455,-0.18324415,0.0182,-0.00697667,sim-f2f430445d3038735dcd42bb47ca30b1-0,f2f430445d3038735dcd42bb47ca30b1
2026-09-22T06:30:26.171Z,dry,ETH-USD,7,buy,2728.6,0.0091,24.83026,maker,0.00310378,quote-bid,2728.65,-0.000455,-0.18324415,0.0273,0,sim-432290da3116ed7a4235e1d301f2ac30-0,432290da3116ed7a4235e1d301f2ac30
2026-09-22T06:30:32.743Z,dry,ETH-USD,7,sell,2728.5,0.0091,24.82935,maker,0.00310367,quote-ask,2728.45,-0.000455,-0.18325087,0.0182,-0.00556111,sim-9b96d4fc6e4be049aaa3afb8253225fc-0,9b96d4fc6e4be049aaa3afb8253225fc
2026-09-22T06:30:33.989Z,dry,ETH-USD,7,buy,2728.6,0.0091,24.83026,maker,0.00310378,quote-bid,2728.65,-0.000455,-0.18324415,0.0273,0,sim-0b95b8e12ca51191c1985d08766b2542-0,0b95b8e12ca51191c1985d08766b2542
2026-09-22T06:30:43.815Z,dry,ETH-USD,7,sell,2728.6,0.0091,24.83026,maker,0.00310378,quote-ask,2728.55,-0.000455,-0.18324415,0.0182,-0.00310074,sim-91de3b0f21b96b470fb7d973c1bb9931-0,91de3b0f21b96b470fb7d973c1bb9931
2026-09-22T06:30:48.074Z,dry,ETH-USD,7,sell,2728.8,0.0091,24.83208,maker,0.00310401,quote-ask,2728.75,-0.000455,-0.18323072,0.0091,-0.00128074,sim-a66f2b2800c02193b6efa6eb8b758e8a-0,a66f2b2800c02193b6efa6eb8b758e8a
2026-09-22T06:30:56.365Z,dry,ETH-USD,7,buy,2728.8,0.0091,24.83208,maker,0.00310401,quote-bid,2728.85,-0.000455,-0.18323072,0.0182,0,sim-254fa262eb260c305e1247c362fade86-0,254fa262eb260c305e1247c362fade86
2026-09-22T06:31:00.543Z,dry,ETH-USD,7,sell,2728.8,0.0091,24.83208,maker,0.00310401,quote-ask,2728.75,-0.000455,-0.18323072,0.0091,-0.00064037,sim-07a75fbd4f0b95232e210bcf54a443e8-0,07a75fbd4f0b95232e210bcf54a443e8
2026-09-22T06:31:00.554Z,dry,BTC-USD,6,sell,85317,0.00029,24.74193,maker,0.00309274,quote-ask,85316.5,-0.000145,-0.05860497,0.00058,-0.00357667,sim-349d7673e64710a90ea2c470da57aaee-0,349d7673e64710a90ea2c470da57aaee
2026-09-22T06:31:02.247Z,dry,ETH-USD,7,buy,2729.4,0.0091,24.83754,maker,0.00310469,quote-bid,2729.45,-0.000455,-0.18319044,0.0182,0,sim-0d2bd13bcdf8b12a0153dbe80ad44517-0,0d2bd13bcdf8b12a0153dbe80ad44517
2026-09-22T06:31:02.733Z,dry,BTC-USD,6,buy,85333,0.00029,24.74657,maker,0.00309332,quote-bid,85333.5,-0.000145,-0.05859398,0.00087,0,sim-fa6cd583e90555159cfaecf64fd25fc7-0,fa6cd583e90555159cfaecf64fd25fc7
2026-09-22T06:31:02.860Z,dry,ETH-USD,7,buy,2729.1,0.0091,24.83481,maker,0.00310435,quote-bid,2729.15,-0.000455,-0.18321058,0.0273,0,sim-7211c32f91ee8f00e2aece0cd3a43a99-0,7211c32f91ee8f00e2aece0cd3a43a99
2026-09-22T06:31:09.856Z,dry,ETH-USD,7,sell,2728.3,0.0091,24.82753,maker,0.00310344,quote-ask,2728.25,-0.000455,-0.1832643,0.0182,-0.00749346,sim-9bc2dda600a1836e5a1ddd1be7e4cbe4-0,9bc2dda600a1836e5a1ddd1be7e4cbe4
2026-09-22T06:31:09.940Z,dry,BTC-USD,6,sell,85316,0.00029,24.74164,maker,0.00309271,quote-ask,85315.5,-0.000145,-0.05860565,0.00058,-0.00422111,sim-23f4ea260bf62272b3311a5683955224-0,23f4ea260bf62272b3311a5683955224
2026-09-22T06:31:11.184Z,dry,ETH-USD,7,sell,2728.7,0.0091,24.83117,maker,0.0031039,quote-ask,2728.65,-0.000455,-0.18323744,0.0091,-0.00385346,sim-4ae3f934a6b7b154d3384015381f1cd1-0,4ae3f934a6b7b154d3384015381f1cd1
2026-09-22T06:31:18.250Z,dry,BTC-USD,6,sell,85324,0.00058,49.48792,maker,0.00618599,flatten-post,85323.5,-0.00029,-0.05860016,0,-0.00380222,sim-8993c444be56f3d748f28247c9072edd-0,8993c444be56f3d748f28247c9072edd
2026-09-22T06:31:18.336Z,dry,ETH-USD,7,sell,2729.2,0.0091,24.83572,maker,0.00310447,flatten-post,2728.95,-0.002275,-0.91601935,0,0.00069654,sim-92f2d267b18a0e44a577d9adcc7a1c13-0,92f2d267b18a0e44a577d9adcc7a1c13
2026-09-22T06:31:19.464Z,dry,ETH-USD,7,sell,2729.3,0.0091,24.83663,maker,0.00310458,quote-ask,2729.25,-0.000455,-0.18319716,-0.0091,0,sim-d8d17fad196e594682e48767a1b0bd5a-0,d8d17fad196e594682e48767a1b0bd5a
2026-09-22T06:31:23.138Z,dry,ETH-USD,7,sell,2729.5,0.0091,24.83845,maker,0.00310481,quote-ask,2729.45,-0.000455,-0.18318373,-0.0182,0,sim-20556bc052cd4e36a44b5176583236b3-0,20556bc052cd4e36a44b5176583236b3
2026-09-22T06:31:23.139Z,dry,BTC-USD,6,sell,85328,0.00029,24.74512,maker,0.00309314,quote-ask,85327.5,-0.000145,-0.05859741,-0.00029,0,sim-f642abfc94a2695aa43fd7499a469189-0,f642abfc94a2695aa43fd7499a469189
2026-09-22T06:31:30.072Z,dry,ETH-USD,7,sell,2729.6,0.0091,24.83936,maker,0.00310492,quote-ask,2729.55,-0.000455,-0.18317702,-0.0273,0,sim-d6702a3775181db1da9617ffff980d49-0,d6702a3775181db1da9617ffff980d49
2026-09-22T06:31:30.144Z,dry,BTC-USD,6,sell,85336,0.00029,24.74744,maker,0.00309343,quote-ask,85335.5,-0.000145,-0.05859192,-0.00058,0,sim-306b4ae08d3d6c74f6c12013524fcdc1-0,306b4ae08d3d6c74f6c12013524fcdc1
2026-09-22T06:31:31.471Z,dry,ETH-USD,7,buy,2729.7,0.0091,24.84027,maker,0.00310503,quote-bid,2729.75,-0.000455,-0.18317031,-0.0182,-0.00212333,sim-63781139a6293fc1941721da10aa6108-0,63781139a6293fc1941721da10aa6108
2026-09-22T06:31:33.302Z,dry,ETH-USD,7,sell,2729.5,0.0091,24.83845,maker,0.00310481,quote-ask,2729.45,-0.000455,-0.18318373,-0.0273,0,sim-8fa759999792a8f6335d3c2e70950297-0,8fa759999792a8f6335d3c2e70950297
2026-09-22T06:31:33.475Z,dry,BTC-USD,6,sell,85341,0.00029,24.74889,maker,0.00309361,quote-ask,85340.5,-0.000145,-0.05858849,-0.00087,0,sim-c07fe45a5240ebabda2ba53e5b18abfb-0,c07fe45a5240ebabda2ba53e5b18abfb
2026-09-22T06:31:44.239Z,dry,ETH-USD,7,buy,2730.9,0.0091,24.85119,maker,0.0031064,quote-bid,2730.95,-0.000455,-0.18308982,-0.0182,-0.01294222,sim-95fe9cf34adeaf60eaee54e44db85cbd-0,95fe9cf34adeaf60eaee54e44db85cbd
2026-09-22T06:31:44.464Z,dry,BTC-USD,6,buy,85393,0.00029,24.76397,maker,0.0030955,quote-bid,85393.5,-0.000145,-0.05855281,-0.00058,-0.01682,sim-766d4c64381ddfff2928ccc3e78542f9-0,766d4c64381ddfff2928ccc3e78542f9
2026-09-22T06:31:49.097Z,dry,BTC-USD,6,sell,85392,0.00029,24.76368,maker,0.00309546,quote-ask,85391.5,-0.000145,-0.05855349,-0.00087,0,sim-dd0db964be63896cbf56e45999469bb0-0,dd0db964be63896cbf56e45999469bb0
2026-09-22T06:31:49.142Z,dry,ETH-USD,7,sell,2730.6,0.0091,24.84846,maker,0.00310606,quote-ask,2730.45,-0.001365,-0.54932982,-0.0273,0,sim-e3489df2e1fa41b5230647ed63c9afb9-0,e3489df2e1fa41b5230647ed63c9afb9
2026-09-22T06:32:00.377Z,dry,ETH-USD,7,buy,2731.8,0.0091,24.85938,maker,0.00310742,quote-bid,2731.85,-0.000455,-0.1830295,-0.0182,-0.01772815,sim-9e2813899e0f3c044982838608e421e4-0,9e2813899e0f3c044982838608e421e4
2026-09-22T06:32:00.524Z,dry,BTC-USD,6,buy,85444,0.00029,24.77876,maker,0.00309735,quote-bid,85444.5,-0.000145,-0.05851786,-0.00058,-0.0261,sim-826ff3a31a9d4b90adfdb484d055d218-0,826ff3a31a9d4b90adfdb484d055d218
2026-09-22T06:32:04.009Z,dry,BTC-USD,6,buy,85437,0.00029,24.77673,maker,0.00309709,quote-bid,85437.5,-0.000145,-0.05852265,-0.00029,-0.02407,sim-d7b69296f9c99cdda4b14b105476bc08-0,d7b69296f9c99cdda4b14b105476bc08
2026-09-22T06:32:05.571Z,dry,ETH-USD,7,sell,2731.5,0.0091,24.85665,maker,0.00310708,quote-ask,2731.45,-0.000455,-0.18304961,-0.0273,0,sim-a9c5959d892861c05da972bd0498ccc0-0,a9c5959d892861c05da972bd0498ccc0
2026-09-22T06:32:05.980Z,dry,ETH-USD,7,buy,2731.4,0.0091,24.85574,maker,0.00310697,quote-bid,2731.45,-0.000455,-0.18305631,-0.0182,-0.00908877,sim-45d961bf8f2c89d787936d2e718d8228-0,45d961bf8f2c89d787936d2e718d8228
2026-09-22T06:32:05.993Z,dry,BTC-USD,6,buy,85432,0.00029,24.77528,maker,0.00309691,quote-bid,85432.5,-0.000145,-0.05852608,0,-0.02262,sim-3d011402ed553f250d3f68df814724fe-0,3d011402ed553f250d3f68df814724fe
2026-09-22T06:32:08.297Z,dry,ETH-USD,7,sell,2731,0.0091,24.8521,maker,0.00310651,quote-ask,2730.9,-0.00091,-0.36616624,-0.0273,0,sim-34afbecf3514d4c95366645e8dc6c7f3-0,34afbecf3514d4c95366645e8dc6c7f3
2026-09-22T06:32:09.909Z,dry,ETH-USD,7,buy,2731,0.0091,24.8521,maker,0.00310651,quote-bid,2731.05,-0.000455,-0.18308312,-0.0182,-0.00363251,sim-4963f45da10cbbeba3f3e94f96b800ca-0,4963f45da10cbbeba3f3e94f96b800ca
2026-09-22T06:32:11.410Z,dry,ETH-USD,7,sell,2730.6,0.0091,24.84846,maker,0.00310606,quote-ask,2730.55,-0.000455,-0.18310994,-0.0273,0,sim-2d5bee2c32fb76973f57a1f12c6020c5-0,2d5bee2c32fb76973f57a1f12c6020c5
2026-09-22T06:32:11.710Z,dry,BTC-USD,6,sell,85418,0.00029,24.77122,maker,0.0030964,quote-ask,85417.5,-0.000145,-0.05853567,-0.00029,0,sim-b0d402ea3d7b4686e31d3d66f5fc75e3-0,b0d402ea3d7b4686e31d3d66f5fc75e3
2026-09-22T06:32:12.992Z,dry,BTC-USD,6,sell,85426,0.00029,24.77354,maker,0.00309669,quote-ask,85422,-0.00116,-0.46824152,-0.00058,0,sim-9c988de22307ae216c9bfcb9fd6d682b-0,9c988de22307ae216c9bfcb9fd6d682b
2026-09-22T06:32:13.340Z,dry,BTC-USD,6,sell,85427,0.00029,24.77383,maker,0.00309673,quote-ask,85426.5,-0.000145,-0.0585295,-0.00087,0,sim-246e7b033fafa686b0b4fa24be6a6b93-0,246e7b033fafa686b0b4fa24be6a6b93
2026-09-22T06:32:17.242Z,dry,ETH-USD,7,buy,2731.4,0.0091,24.85574,maker,0.00310697,quote-bid,2731.45,-0.000455,-0.18305631,-0.0182,-0.00727501,sim-e6eb52583c950f3df5b50268bf2dea88-0,e6eb52583c950f3df5b50268bf2dea88
2026-09-22T06:32:17.287Z,dry,BTC-USD,6,buy,85432,0.00029,24.77528,maker,0.00309691,quote-bid,85432.5,-0.000145,-0.05852608,-0.00058,-0.00241667,sim-8879881732efc6a166239c448ab87031-0,8879881732efc6a166239c448ab87031
2026-09-22T06:32:19.524Z,dry,BTC-USD,6,sell,85426,0.00029,24.77354,maker,0.00309669,quote-ask,85425.5,-0.000145,-0.05853019,-0.00087,0,sim-4f417542aecdf08e6ce7eccdc160a3e3-0,4f417542aecdf08e6ce7eccdc160a3e3
2026-09-22T06:32:19.537Z,dry,ETH-USD,7,sell,2731.4,0.0091,24.85574,maker,0.00310697,quote-ask,2731.35,-0.000455,-0.18305631,-0.0273,0,sim-9fd5c7462d53cd8f5701fbf910cc3245-0,9fd5c7462d53cd8f5701fbf910cc3245
2026-09-22T06:32:20.514Z,dry,ETH-USD,7,buy,2731.6,0.0273,74.57268,maker,0.00932159,flatten-post,2731.35,0.006825,0.91521453,0,-0.02001001,sim-1247c43594d31eb6d163bbadbb80db00-0,1247c43594d31eb6d163bbadbb80db00
2026-09-22T06:32:20.515Z,dry,BTC-USD,6,buy,85437,0.00029,24.77673,maker,0.00309709,quote-bid,85441.5,-0.001305,-0.52670389,-0.00058,-0.00364111,sim-b01c4d596163263d413590311a2fe9b9-0,b01c4d596163263d413590311a2fe9b9
2026-09-22T06:32:21.815Z,dry,ETH-USD,7,buy,2731.4,0.0091,24.85574,maker,0.00310697,quote-bid,2731.45,-0.000455,-0.18305631,0.0091,0,sim-99d28ef533c2408e12ade24de58e0919-0,99d28ef533c2408e12ade24de58e0919
2026-09-22T06:32:23.881Z,dry,BTC-USD,6,sell,85427,0.00029,24.77383,maker,0.00309673,quote-ask,85426.5,-0.000145,-0.0585295,-0.00087,0,sim-74606de0163d9bcd6653fb61c70e2aee-0,74606de0163d9bcd6653fb61c70e2aee
2026-09-22T06:32:28.675Z,dry,ETH-USD,7,buy,2731.4,0.0091,24.85574,maker,0.00310697,quote-bid,2731.45,-0.000455,-0.18305631,0.0182,0,sim-0d1c515a0ec64e249023f29fb510dba0-0,0d1c515a0ec64e249023f29fb510dba0
2026-09-22T06:32:32.500Z,dry,ETH-USD,7,sell,2731.2,0.0091,24.85392,maker,0.00310674,quote-ask,2731.15,-0.000455,-0.18306971,0.0091,-0.00182,sim-180694a9c734d961d80474837fd7c8db-0,180694a9c734d961d80474837fd7c8db
2026-09-22T06:32:33.633Z,dry,ETH-USD,7,buy,2731.8,0.0091,24.85938,maker,0.00310742,quote-bid,2731.85,-0.000455,-0.1830295,0.0182,0,sim-3a0534e8691445da1391c928c70ae575-0,3a0534e8691445da1391c928c70ae575
2026-09-22T06:32:35.366Z,dry,ETH-USD,7,buy,2731.8,0.0091,24.85938,maker,0.00310742,quote-bid,2731.85,-0.000455,-0.1830295,0.0273,0,sim-b86cc81994c4313c17c65733d1343b5b-0,b86cc81994c4313c17c65733d1343b5b
2026-09-22T06:32:40.493Z,dry,BTC-USD,6,buy,85434,0.00029,24.77586,maker,0.00309698,quote-bid,85434.5,-0.000145,-0.05852471,-0.00058,-0.00252407,sim-b9c3cd7e62c9551f2953c61aae382715-0,b9c3cd7e62c9551f2953c61aae382715
2026-09-22T06:32:50.494Z,dry,ETH-USD,7,sell,2731.9,0.0091,24.86029,maker,0.00310754,quote-ask,2731.85,-0.000455,-0.1830228,0.0182,0.00212333,sim-46fb5f5ea0c635aedc55f02d45ae9e53-0,46fb5f5ea0c635aedc55f02d45ae9e53
2026-09-22T06:32:53.091Z,dry,ETH-USD,7,sell,2732.1,0.0091,24.86211,maker,0.00310776,quote-ask,2732.05,-0.000455,-0.18300941,0.0091,0.00394333,sim-4a3e845ea5dfd69854628c53a1ea739f-0,4a3e845ea5dfd69854628c53a1ea739f
2026-09-22T06:32:53.765Z,dry,ETH-USD,7,sell,2732.2,0.0091,24.86302,maker,0.00310788,quote-ask,2732.15,-0.000455,-0.18300271,0,0.00485333,sim-fec87405b7acaddd07f2cb0cec1a71bc-0,fec87405b7acaddd07f2cb0cec1a71bc
2026-09-22T06:32:53.924Z,dry,BTC-USD,6,sell,85429,0.00029,24.77441,maker,0.0030968,quote-ask,85428.5,-0.000145,-0.05852813,-0.00087,0,sim-5c52821f16328356d66cd8abac40a78a-0,5c52821f16328356d66cd8abac40a78a
2026-09-22T06:32:57.771Z,dry,ETH-USD,7,sell,2732.6,0.0091,24.86666,maker,0.00310833,quote-ask,2732.4,-0.00182,-0.73190368,-0.0091,0,sim-285c75d954640f614798e4c8c260c2cb-0,285c75d954640f614798e4c8c260c2cb
2026-09-22T06:33:00.397Z,dry,ETH-USD,7,sell,2733,0.0091,24.8703,maker,0.00310879,quote-ask,2732.95,-0.000455,-0.18294914,-0.0182,0,sim-13f0c562a5f290d02f18bef91d009e25-0,13f0c562a5f290d02f18bef91d009e25
2026-09-22T06:33:01.263Z,dry,BTC-USD,6,buy,85452,0.00029,24.78108,maker,0.00309764,quote-bid,85452.5,-0.000145,-0.05851238,-0.00058,-0.00738605,sim-c821cc49a994d277565b5b2767b96c06-0,c821cc49a994d277565b5b2767b96c06
2026-09-22T06:33:04.051Z,dry,ETH-USD,7,sell,2733.2,0.0091,24.87212,maker,0.00310902,quote-ask,2733.15,-0.000455,-0.18293575,-0.0273,0,sim-8fb6e324a496db73a1712927b345e499-0,8fb6e324a496db73a1712927b345e499
2026-09-22T06:33:04.288Z,dry,BTC-USD,6,sell,85447,0.00029,24.77963,maker,0.00309745,quote-ask,85446.5,-0.000145,-0.05851581,-0.00087,0,sim-c6a44be67685b0bd8b69662e7b17f75d-0,c6a44be67685b0bd8b69662e7b17f75d
2026-09-22T06:33:04.814Z,dry,ETH-USD,7,buy,2733.5,0.0091,24.87485,maker,0.00310936,quote-bid,2733.6,-0.00091,-0.36583135,-0.0182,-0.00515667,sim-a4060e07b6be492ac8182c71cb0752c8-0,a4060e07b6be492ac8182c71cb0752c8
2026-09-22T06:33:06.330Z,dry,ETH-USD,7,sell,2733.5,0.0091,24.87485,maker,0.00310936,quote-ask,2733.45,-0.000455,-0.18291568,-0.0273,0,sim-571d0917cfc7506aabc749bd79cfb9f0-0,571d0917cfc7506aabc749bd79cfb9f0
2026-09-22T06:33:14.241Z,dry,BTC-USD,6,buy,85478,0.00087,74.36586,maker,0.00929573,flatten-post,85469.5,0.007395,0.99440792,0,-0.0388421,sim-66924674e97369620fb081a683fba475-0,66924674e97369620fb081a683fba475
2026-09-22T06:33:22.430Z,dry,BTC-USD,6,buy,85469,0.00029,24.78601,maker,0.00309825,quote-bid,85471,-0.00058,-0.23400297,0.00029,0,sim-6d6861af1e6da73e1e1861b46e30aa4c-0,6d6861af1e6da73e1e1861b46e30aa4c
2026-09-22T06:33:22.753Z,dry,ETH-USD,7,buy,2733.7,0.0091,24.87667,maker,0.00310958,quote-bid,2733.75,-0.000455,-0.18290229,-0.0182,-0.00525778,sim-a53935c7c3a13688273d70352a4f80ce-0,a53935c7c3a13688273d70352a4f80ce
2026-09-22T06:33:23.384Z,dry,ETH-USD,7,sell,2733.5,0.0091,24.87485,maker,0.00310936,quote-ask,2733.45,-0.000455,-0.18291568,-0.0273,0,sim-4107df4ea2b5981650e76639bb6dfd5d-0,4107df4ea2b5981650e76639bb6dfd5d
2026-09-22T06:33:29.067Z,dry,BTC-USD,6,sell,85465,0.00029,24.78485,maker,0.00309811,quote-ask,85464.5,-0.000145,-0.05850348,0,-0.00116,sim-f08fbb56d50feda4099ec7ac4d24241e-0,f08fbb56d50feda4099ec7ac4d24241e
2026-09-22T06:33:31.177Z,dry,ETH-USD,7,buy,2734.7,0.0091,24.88577,maker,0.00311072,quote-bid,2734.75,-0.000455,-0.18283541,-0.0182,-0.01321185,sim-6c12acad8a407cdb5b0b79c4d812063b-0,6c12acad8a407cdb5b0b79c4d812063b
2026-09-22T06:33:34.709Z,dry,ETH-USD,7,sell,2734.7,0.0091,24.88577,maker,0.00311072,quote-ask,2734.65,-0.000455,-0.18283541,-0.0273,0,sim-a4c1fef28cd2e17d3316901fe545de5c-0,a4c1fef28cd2e17d3316901fe545de5c
2026-09-22T06:33:39.069Z,dry,BTC-USD,6,sell,85474,0.00029,24.78746,maker,0.00309843,quote-ask,85473.5,-0.000145,-0.05849732,-0.00029,0,sim-cdaf1c0b2cdc125f54717b08eb80863e-0,cdaf1c0b2cdc125f54717b08eb80863e
2026-09-22T06:33:40.092Z,dry,BTC-USD,6,sell,85476,0.00029,24.78804,maker,0.00309851,quote-ask,85475.5,-0.000145,-0.05849595,-0.00058,0,sim-a325da5f9b50909c05388f5bfc09d225-0,a325da5f9b50909c05388f5bfc09d225
2026-09-22T06:33:44.574Z,dry,ETH-USD,7,buy,2735,0.0091,24.8885,maker,0.00311106,quote-bid,2735.05,-0.000455,-0.18281536,-0.0182,-0.0115379,sim-62bde52c55a35438abac88f46c1b6e00-0,62bde52c55a35438abac88f46c1b6e00
2026-09-22T06:33:45.843Z,dry,ETH-USD,7,sell,2735,0.0091,24.8885,maker,0.00311106,quote-ask,2734.95,-0.000455,-0.18281536,-0.0273,0,sim-285ceffc289cfe1015d8849913ccf321-0,285ceffc289cfe1015d8849913ccf321
2026-09-22T06:33:48.277Z,dry,ETH-USD,7,buy,2735,0.0091,24.8885,maker,0.00311106,quote-bid,2735.05,-0.000455,-0.18281536,-0.0182,-0.00769193,sim-32604a83cc668b272a43f644eb9d3170-0,32604a83cc668b272a43f644eb9d3170
2026-09-22T06:33:48.340Z,dry,BTC-USD,6,buy,85482,0.00029,24.78978,maker,0.00309872,quote-bid,85482.5,-0.000145,-0.05849185,-0.00029,-0.00203,sim-56d3071e071357c223e9d990a2035d81-0,56d3071e071357c223e9d990a2035d81
2026-09-22T06:33:49.181Z,dry,ETH-USD,7,buy,2734.6,0.0091,24.88486,maker,0.00311061,quote-bid,2734.65,-0.000455,-0.1828421,-0.0091,-0.00405193,sim-fd6c1b0513abc3bf5910026877d5809b-0,fd6c1b0513abc3bf5910026877d5809b
2026-09-22T06:33:49.596Z,dry,BTC-USD,6,buy,85476,0.00029,24.78804,maker,0.00309851,quote-bid,85476.5,-0.000145,-0.05849595,0,-0.00029,sim-91e14ced882de9e502f6167bc2d1eba8-0,91e14ced882de9e502f6167bc2d1eba8
2026-09-22T06:33:49.600Z,dry,ETH-USD,7,buy,2734.5,0.0091,24.88395,maker,0.00311049,quote-bid,2734.55,-0.000455,-0.18284878,0,-0.00314193,sim-3b9ece659e1e8e93d8cdf8469c9d5f43-0,3b9ece659e1e8e93d8cdf8469c9d5f43
2026-09-22T06:33:52.483Z,dry,ETH-USD,7,buy,2734.3,0.0091,24.88213,maker,0.00311027,quote-bid,2734.35,-0.000455,-0.18286216,0.0091,0,sim-cc0ab489e7e6e6a10e0387de70947c25-0,cc0ab489e7e6e6a10e0387de70947c25
2026-09-22T06:33:54.987Z,dry,ETH-USD,7,buy,2734.2,0.0091,24.88122,maker,0.00311015,quote-bid,2734.25,-0.000455,-0.18286885,0.0182,0,sim-2dcc4d302b28b7c2a5d5ea62c1f97692-0,2dcc4d302b28b7c2a5d5ea62c1f97692
2026-09-22T06:33:55.153Z,dry,BTC-USD,6,buy,85471,0.00029,24.78659,maker,0.00309832,quote-bid,85471.5,-0.000145,-0.05849937,0.00029,0,sim-434d1393bbdac9ae7529030655c0cea8-0,434d1393bbdac9ae7529030655c0cea8
2026-09-22T06:33:55.747Z,dry,ETH-USD,7,buy,2733.6,0.0091,24.87576,maker,0.00310947,quote-bid,2733.85,-0.002275,-0.91454492,0.0273,0,sim-ce1bb1eb796dbaef1867fa5f7e744812-0,ce1bb1eb796dbaef1867fa5f7e744812
2026-09-22T06:34:00.082Z,dry,ETH-USD,7,sell,2733.4,0.0091,24.87394,maker,0.00310924,quote-ask,2733.35,-0.000455,-0.18292237,0.0182,-0.00576333,sim-aa3065d8f3db68406b9ad5ac4226c98b-0,aa3065d8f3db68406b9ad5ac4226c98b
2026-09-22T06:34:02.181Z,dry,ETH-USD,7,sell,2733.5,0.0091,24.87485,maker,0.00310936,quote-ask,2733.45,-0.000455,-0.18291568,0.0091,-0.00485333,sim-af30d1fe71ce9247585af4fcc3f36ec3-0,af30d1fe71ce9247585af4fcc3f36ec3
2026-09-22T06:34:02.815Z,dry,ETH-USD,7,sell,2733.6,0.0091,24.87576,maker,0.00310947,quote-ask,2733.55,-0.000455,-0.18290898,0,-0.00394333,sim-c27b651c6eedde718d8dc2d3bc867ce5-0,c27b651c6eedde718d8dc2d3bc867ce5
2026-09-22T06:34:05.238Z,dry,ETH-USD,7,sell,2733.7,0.0091,24.87667,maker,0.00310958,quote-ask,2733.65,-0.000455,-0.18290229,-0.0091,0,sim-daafa3163c1a2d752c04a591c7583f51-0,daafa3163c1a2d752c04a591c7583f51
2026-09-22T06:34:05.339Z,dry,BTC-USD,6,sell,85460,0.00029,24.7834,maker,0.00309793,quote-ask,85459.5,-0.000145,-0.0585069,0,-0.00319,sim-9e1e3fef3d2c38567db3b5737d9f3a94-0,9e1e3fef3d2c38567db3b5737d9f3a94
2026-09-22T06:34:06.415Z,dry,ETH-USD,7,sell,2734.3,0.0091,24.88213,maker,0.00311027,quote-ask,2734.05,-0.002275,-0.91431079,-0.0182,0,sim-d0faa3f3b489b078d1b7b70872d84aa4-0,d0faa3f3b489b078d1b7b70872d84aa4
2026-09-22T06:34:06.580Z,dry,BTC-USD,6,sell,85469,0.00029,24.78601,maker,0.00309825,quote-ask,85468.5,-0.000145,-0.05850074,-0.00029,0,sim-3e1f248f4345c7ad145f01cd91f154df-0,3e1f248f4345c7ad145f01cd91f154df
2026-09-22T06:34:10.777Z,dry,ETH-USD,7,sell,2734.5,0.0091,24.88395,maker,0.00311049,quote-ask,2734.45,-0.000455,-0.18284878,-0.0273,0,sim-4fc2f8a593727bbfdd77d3e02d2aaeef-0,4fc2f8a593727bbfdd77d3e02d2aaeef
2026-09-22T06:34:12.292Z,dry,BTC-USD,6,sell,85482,0.00029,24.78978,maker,0.00309872,quote-ask,85481.5,-0.000145,-0.05849185,-0.00058,0,sim-e8f4069e8a896d3b412715e5b120cf02-0,e8f4069e8a896d3b412715e5b120cf02
2026-09-22T06:34:13.758Z,dry,BTC-USD,6,sell,85489,0.00029,24.79181,maker,0.00309898,quote-ask,85488.5,-0.000145,-0.05848706,-0.00087,0,sim-8b128edb3314c6133de1bb8649ee91b4-0,8b128edb3314c6133de1bb8649ee91b4
2026-09-22T06:34:18.828Z,dry,ETH-USD,7,buy,2734.9,0.0091,24.88759,maker,0.00311095,quote-bid,2734.95,-0.000455,-0.18282204,-0.0182,-0.00667333,sim-20c0e7876eb2e691bedef84f9926c238-0,20c0e7876eb2e691bedef84f9926c238
2026-09-22T06:34:22.129Z,dry,BTC-USD,6,buy,85506,0.00029,24.79674,maker,0.00309959,quote-bid,85506.5,-0.000145,-0.05847543,-0.00058,-0.00754,sim-632f529d7cbbefb504f8a37f63113564-0,632f529d7cbbefb504f8a37f63113564
2026-09-22T06:34:24.629Z,dry,ETH-USD,7,buy,2734.5,0.0091,24.88395,maker,0.00311049,quote-bid,2734.6,-0.00091,-0.36569757,-0.0091,-0.00303333,sim-73ce9204b5ac087f88789da1362fe168-0,73ce9204b5ac087f88789da1362fe168
2026-09-22T06:34:24.702Z,dry,BTC-USD,6,buy,85501,0.00029,24.79529,maker,0.00309941,quote-bid,85501.5,-0.000145,-0.05847885,-0.00029,-0.00609,sim-9a2dd7f186ef56a49340f589d0116109-0,9a2dd7f186ef56a49340f589d0116109
2026-09-22T06:34:24.953Z,dry,BTC-USD,6,buy,85496,0.00029,24.79384,maker,0.00309923,quote-bid,85496.5,-0.000145,-0.05848227,0,-0.00464,sim-87271afb54275f128aa65e49a055b329-0,87271afb54275f128aa65e49a055b329
2026-09-22T06:34:25.076Z,dry,ETH-USD,7,buy,2734.1,0.0091,24.88031,maker,0.00311004,quote-bid,2734.15,-0.000455,-0.18287553,0,0.00060667,sim-d81daa8017600064f4f9559373a2f50e-0,d81daa8017600064f4f9559373a2f50e
2026-09-22T06:34:25.128Z,dry,BTC-USD,6,buy,85495,0.00029,24.79355,maker,0.00309919,quote-bid,85495.5,-0.000145,-0.05848295,0.00029,0,sim-257faaba1c26024d43f3c7d484f49e72-0,257faaba1c26024d43f3c7d484f49e72
2026-09-22T06:34:26.049Z,dry,BTC-USD,6,buy,85489,0.00029,24.79181,maker,0.00309898,quote-bid,85489.5,-0.000145,-0.05848706,0.00058,0,sim-58bd6cb2da768cbe8d66fec7a7d4e550-0,58bd6cb2da768cbe8d66fec7a7d4e550
2026-09-22T06:34:26.136Z,dry,ETH-USD,7,buy,2734,0.0091,24.8794,maker,0.00310993,quote-bid,2734.05,-0.000455,-0.18288222,0.0091,0,sim-a981c0be7c209410443721d384791f04-0,a981c0be7c209410443721d384791f04
2026-09-22T06:34:26.320Z,dry,BTC-USD,6,buy,85483,0.00029,24.79007,maker,0.00309876,quote-bid,85483.5,-0.000145,-0.05849116,0.00087,0,sim-61e4bec0f72f38280a61a93d9e18a38f-0,61e4bec0f72f38280a61a93d9e18a38f
2026-09-22T06:34:27.870Z,dry,ETH-USD,7,buy,2733.6,0.0091,24.87576,maker,0.00310947,quote-bid,2733.7,-0.00091,-0.36581797,0.0182,0,sim-df73221f58c68c54fc368e5a71343dab-0,df73221f58c68c54fc368e5a71343dab
2026-09-22T06:34:31.351Z,dry,ETH-USD,7,sell,2733.3,0.0091,24.87303,maker,0.00310913,quote-ask,2733.25,-0.000455,-0.18292906,0.0091,-0.00455,sim-1b57374f86640c8bf372c5eb1c030d8a-0,1b57374f86640c8bf372c5eb1c030d8a
2026-09-22T06:34:35.937Z,dry,ETH-USD,7,buy,2733.5,0.0091,24.87485,maker,0.00310936,quote-bid,2733.55,-0.000455,-0.18291568,0.0182,0,sim-7c21e2291d4081d5571a9a05c951c967-0,7c21e2291d4081d5571a9a05c951c967
2026-09-22T06:34:36.337Z,dry,ETH-USD,7,buy,2733.2,0.0091,24.87212,maker,0.00310902,quote-bid,2733.35,-0.001365,-0.54880726,0.0273,0,sim-07a03e9a1f1c92ce5d27386e9882f4ec-0,07a03e9a1f1c92ce5d27386e9882f4ec
2026-09-22T06:34:47.095Z,dry,ETH-USD,7,sell,2732.2,0.0091,24.86302,maker,0.00310788,quote-ask,2732.15,-0.000455,-0.18300271,0.0182,-0.01183,sim-47d0b09f370fb8fce2501a73859564d4-0,47d0b09f370fb8fce2501a73859564d4
2026-09-22T06:34:49.192Z,dry,ETH-USD,7,buy,2732.3,0.0091,24.86393,maker,0.00310799,quote-bid,2732.35,-0.000455,-0.18299601,0.0273,0,sim-58e0b20554f650a31fb8b029997e9249-0,58e0b20554f650a31fb8b029997e9249
2026-09-22T06:34:50.011Z,dry,ETH-USD,7,sell,2732.2,0.0091,24.86302,maker,0.00310788,quote-ask,2732.25,0.000455,0.18300271,0.0182,-0.00819,sim-e86a5e9c2cdcaead46f963cfd3a3636f-0,e86a5e9c2cdcaead46f963cfd3a3636f
2026-09-22T06:34:50.408Z,dry,ETH-USD,7,buy,2732.2,0.0091,24.86302,maker,0.00310788,quote-bid,2732.25,-0.000455,-0.18300271,0.0273,0,sim-5c7edaf44139606d347288a0b5746f46-0,5c7edaf44139606d347288a0b5746f46
2026-09-22T06:34:51.459Z,dry,ETH-USD,7,sell,2732.3,0.0091,24.86393,maker,0.00310799,quote-ask,2732.25,-0.000455,-0.18299601,0.0182,-0.00455,sim-651757b9505768e1c0c78243b1b16a02-0,651757b9505768e1c0c78243b1b16a02
2026-09-22T06:34:55.189Z,dry,ETH-USD,7,sell,2732.7,0.0091,24.86757,maker,0.00310845,quote-ask,2732.65,-0.000455,-0.18296922,0.0091,-0.00091,sim-9ea7ac7c8b98a25969f70c724a5a379c-0,9ea7ac7c8b98a25969f70c724a5a379c
2026-09-22T06:34:55.627Z,dry,ETH-USD,7,sell,2732.8,0.0091,24.86848,maker,0.00310856,quote-ask,2732.75,-0.000455,-0.18296253,0,0,sim-2d20d8d6dd56d4ce43b05835e7aae536-0,2d20d8d6dd56d4ce43b05835e7aae536
2026-09-22T06:35:00.188Z,dry,ETH-USD,7,buy,2732.8,0.0091,24.86848,maker,0.00310856,quote-bid,2732.85,-0.000455,-0.18296253,0.0091,0,sim-7f250f5d56b3ee95bf26b2e54b0f9f6e-0,7f250f5d56b3ee95bf26b2e54b0f9f6e
2026-09-22T06:35:03.956Z,dry,ETH-USD,7,sell,2732.7,0.0091,24.86757,maker,0.00310845,quote-ask,2732.65,-0.000455,-0.18296922,0,-0.00091,sim-bce7aa0a91a9d842ad942ee38614a453-0,bce7aa0a91a9d842ad942ee38614a453
2026-09-22T06:35:04.682Z,dry,ETH-USD,7,buy,2732.7,0.0091,24.86757,maker,0.00310845,quote-bid,2732.75,-0.000455,-0.18296922,0.0091,0,sim-b9574551d423e6af8e9a132512cb9b7b-0,b9574551d423e6af8e9a132512cb9b7b
2026-09-22T06:35:05.509Z,dry,ETH-USD,7,sell,2732.6,0.0091,24.86666,maker,0.00310833,quote-ask,2732.55,-0.000455,-0.18297592,0,-0.00091,sim-12f3645db6530d6b95763264f8e185a2-0,12f3645db6530d6b95763264f8e185a2
2026-09-22T06:35:05.907Z,dry,ETH-USD,7,sell,2732.7,0.0091,24.86757,maker,0.00310845,quote-ask,2732.65,-0.000455,-0.18296922,-0.0091,0,sim-a014d619d9cb4cac93224da7b79b6c4b-0,a014d619d9cb4cac93224da7b79b6c4b
2026-09-22T06:35:06.312Z,dry,ETH-USD,7,sell,2732.8,0.0091,24.86848,maker,0.00310856,quote-ask,2732.75,-0.000455,-0.18296253,-0.0182,0,sim-d3be6245bd55a09f1953515b76ca82d2-0,d3be6245bd55a09f1953515b76ca82d2
2026-09-22T06:35:10.909Z,dry,ETH-USD,7,sell,2733,0.0091,24.8703,maker,0.00310879,quote-ask,2732.95,-0.000455,-0.18294914,-0.0273,0,sim-ae16d0b4d839107ddc81b143368ef84d-0,ae16d0b4d839107ddc81b143368ef84d
2026-09-22T06:35:14.222Z,dry,ETH-USD,7,buy,2733.1,0.0091,24.87121,maker,0.0031089,quote-bid,2733.15,-0.000455,-0.18294245,-0.0182,-0.00242667,sim-0cd30e09c9dfdaa64fc6670438210b86-0,0cd30e09c9dfdaa64fc6670438210b86
2026-09-22T06:35:15.904Z,dry,ETH-USD,7,sell,2732.9,0.0091,24.86939,maker,0.00310867,quote-ask,2732.85,-0.000455,-0.18295583,-0.0273,0,sim-7f37f5a770e13a2c834b0c5df728e703-0,7f37f5a770e13a2c834b0c5df728e703
2026-09-22T06:35:23.538Z,dry,BTC-USD,6,sell,85454,0.00029,24.78166,maker,0.00309771,quote-ask,85453.5,-0.000145,-0.05851101,0.00058,-0.01015,sim-735aacd39440f653fe7159e8d002321e-0,735aacd39440f653fe7159e8d002321e
2026-09-22T06:35:25.104Z,dry,BTC-USD,6,sell,85461,0.00029,24.78369,maker,0.00309796,quote-ask,85460.5,-0.000145,-0.05850622,0.00029,-0.00812,sim-0b2e3994d39554cfdb514f86dd2f1f28-0,0b2e3994d39554cfdb514f86dd2f1f28
2026-09-22T06:35:26.222Z,dry,ETH-USD,7,buy,2734.3,0.0091,24.88213,maker,0.00311027,quote-bid,2734.65,-0.003185,-1.28003511,-0.0182,-0.01314444,sim-d0db91d5ad2bb363522c502069e3a160-0,d0db91d5ad2bb363522c502069e3a160
2026-09-22T06:35:27.992Z,dry,ETH-USD,7,sell,2734.3,0.0091,24.88213,maker,0.00311027,quote-ask,2734.25,-0.000455,-0.18286216,-0.0273,0,sim-315b83542c917ff38a444b960d2b69d9-0,315b83542c917ff38a444b960d2b69d9
2026-09-22T06:35:28.737Z,dry,ETH-USD,7,buy,2734,0.0091,24.8794,maker,0.00310993,quote-bid,2734.15,-0.001365,-0.54864667,-0.0182,-0.00603296,sim-c4ff3ac962e136e20e18573c1b9a831f-0,c4ff3ac962e136e20e18573c1b9a831f
2026-09-22T06:35:34.645Z,dry,ETH-USD,7,sell,2734,0.0091,24.8794,maker,0.00310993,quote-ask,2733.95,-0.000455,-0.18288222,-0.0273,0,sim-2d20fd2a810ddfd3be99888aa598b9b5-0,2d20fd2a810ddfd3be99888aa598b9b5
2026-09-22T06:35:41.421Z,dry,BTC-USD,6,sell,85461,0.00029,24.78369,taker,0.00991348,flatten-ioc,85461.5,0.000145,0.05850622,0,-0.00812,sim-42fe0da260040f450112c2c8205a87fe-0,42fe0da260040f450112c2c8205a87fe
2026-09-22T06:35:42.639Z,dry,ETH-USD,7,buy,2734.5,0.0091,24.88395,maker,0.00311049,quote-bid,2734.55,-0.000455,-0.18284878,-0.0182,-0.00857198,sim-a73d863d3b77f9dff0e48ba4e2095c5f-0,a73d863d3b77f9dff0e48ba4e2095c5f
2026-09-22T06:35:44.919Z,dry,ETH-USD,7,sell,2734.2,0.0091,24.88122,maker,0.00311015,quote-ask,2734.15,-0.000455,-0.18286885,-0.0273,0,sim-7c5a2b83b606ad7494b6192e025b71c1-0,7c5a2b83b606ad7494b6192e025b71c1
2026-09-22T06:35:48.307Z,dry,ETH-USD,7,buy,2734.2,0.0091,24.88122,maker,0.00311015,quote-bid,2734.25,-0.000455,-0.18286885,-0.0182,-0.00389465,sim-bc1836b8d62118b14c71196244455314-0,bc1836b8d62118b14c71196244455314
2026-09-22T06:35:50.471Z,dry,ETH-USD,7,buy,2734.1,0.0091,24.88031,maker,0.00311004,quote-bid,2734.15,-0.000455,-0.18287553,-0.0091,-0.00298465,sim-23ee997ecde8802e9e8bad10b3f782d7-0,23ee997ecde8802e9e8bad10b3f782d7
2026-09-22T06:35:51.492Z,dry,ETH-USD,7,buy,2734,0.0091,24.8794,maker,0.00310993,quote-bid,2734.05,-0.000455,-0.18288222,0,-0.00207465,sim-084f23cc4d88459a1e4a4394faeecf4d-0,084f23cc4d88459a1e4a4394faeecf4d
2026-09-22T06:35:52.089Z,dry,ETH-USD,7,buy,2733.9,0.0091,24.87849,maker,0.00310981,quote-bid,2733.95,-0.000455,-0.18288891,0.0091,0,sim-0e015bbbf998a1161f9d7db34f06cb24-0,0e015bbbf998a1161f9d7db34f06cb24
2026-09-22T06:35:56.243Z,dry,ETH-USD,7,buy,2733.7,0.0091,24.87667,maker,0.00310958,quote-bid,2733.75,-0.000455,-0.18290229,0.0182,0,sim-7c74c0a27c01804961b8a5c0ab5f0f0b-0,7c74c0a27c01804961b8a5c0ab5f0f0b
2026-09-22T06:35:56.632Z,dry,ETH-USD,7,buy,2733.6,0.0091,24.87576,maker,0.00310947,quote-bid,2733.65,-0.000455,-0.18290898,0.0273,0,sim-2b36a945264431a7bc98596f11563b8d-0,2b36a945264431a7bc98596f11563b8d
2026-09-22T06:36:01.229Z,dry,ETH-USD,7,sell,2732.8,0.0091,24.86848,maker,0.00310856,quote-ask,2732.75,-0.000455,-0.18296253,0.0182,-0.00849333,sim-e36f51640b4d5f932124fd888428f30b-0,e36f51640b4d5f932124fd888428f30b
2026-09-22T06:36:01.894Z,dry,BTC-USD,6,sell,85462,0.00029,24.78398,maker,0.003098,quote-ask,85461.5,-0.000145,-0.05850553,-0.00029,0,sim-00a0c2c2dfa76d0b3e0b5a76d5cccdeb-0,00a0c2c2dfa76d0b3e0b5a76d5cccdeb
2026-09-22T06:36:03.035Z,dry,ETH-USD,7,buy,2733.1,0.0091,24.87121,maker,0.0031089,quote-bid,2733.15,-0.000455,-0.18294245,0.0273,0,sim-f35c338bcb104e95e71acb5ab90b0568-0,f35c338bcb104e95e71acb5ab90b0568
2026-09-22T06:36:04.359Z,dry,ETH-USD,7,sell,2732.9,0.0091,24.86939,maker,0.00310867,quote-ask,2732.85,-0.000455,-0.18295583,0.0182,-0.00566222,sim-969d14309f4b537ce22c47262a9c8d27-0,969d14309f4b537ce22c47262a9c8d27
2026-09-22T06:36:05.382Z,dry,ETH-USD,7,buy,2733.3,0.0091,24.87303,maker,0.00310913,quote-bid,2733.35,-0.000455,-0.18292906,0.0273,0,sim-b311ce93f67681c9a54491197bf640f0-0,b311ce93f67681c9a54491197bf640f0
2026-09-22T06:36:07.104Z,dry,BTC-USD,6,buy,85461,0.00029,24.78369,maker,0.00309796,quote-bid,85461.5,-0.000145,-0.05850622,0,0.00029,sim-95587ae55a3450326b30eae5827208fb-0,95587ae55a3450326b30eae5827208fb
2026-09-22T06:36:12.744Z,dry,ETH-USD,7,sell,2732.8,0.0091,24.86848,maker,0.00310856,quote-ask,2732.75,-0.000455,-0.18296253,0.0182,-0.00589815,sim-134dc2531b0dc805dcffed71c3a647cb-0,134dc2531b0dc805dcffed71c3a647cb
2026-09-22T06:36:14.490Z,dry,ETH-USD,7,sell,2732.9,0.0091,24.86939,maker,0.00310867,quote-ask,2732.85,-0.000455,-0.18295583,0.0091,-0.00498815,sim-158e9c87bb7c2f7dce99ef8620802717-0,158e9c87bb7c2f7dce99ef8620802717
2026-09-22T06:36:14.955Z,dry,ETH-USD,7,sell,2733.1,0.0091,24.87121,maker,0.0031089,quote-ask,2733,-0.00091,-0.36588489,0,-0.00316815,sim-b738b910a257e0e7e63b6171f23451ec-0,b738b910a257e0e7e63b6171f23451ec
2026-09-22T06:36:21.151Z,dry,ETH-USD,7,sell,2733.2,0.0091,24.87212,maker,0.00310902,quote-ask,2733.15,-0.000455,-0.18293575,-0.0091,0,sim-3883f3c1461ec040516eb1eaa3dd3bba-0,3883f3c1461ec040516eb1eaa3dd3bba
2026-09-22T06:36:23.356Z,dry,ETH-USD,7,sell,2733.3,0.0091,24.87303,maker,0.00310913,quote-ask,2733.25,-0.000455,-0.18292906,-0.0182,0,sim-ccb5450a50f826a935463d984a14e9a7-0,ccb5450a50f826a935463d984a14e9a7
2026-09-22T06:36:23.599Z,dry,BTC-USD,6,sell,85454,0.00029,24.78166,maker,0.00309771,quote-ask,85453.5,-0.000145,-0.05851101,-0.00029,0,sim-6d98d158a43e6b8d1d1fd5f6d7f00452-0,6d98d158a43e6b8d1d1fd5f6d7f00452
2026-09-22T06:36:23.895Z,dry,ETH-USD,7,sell,2733.7,0.0091,24.87667,maker,0.00310958,quote-ask,2733.65,-0.000455,-0.18290229,-0.0273,0,sim-ec248de16f37de1e1c600a0b4f159fb2-0,ec248de16f37de1e1c600a0b4f159fb2
2026-09-22T06:36:28.179Z,dry,BTC-USD,6,sell,85462,0.00029,24.78398,maker,0.003098,quote-ask,85461.5,-0.000145,-0.05850553,-0.00058,0,sim-f14cab0ec2b8162d850e7c403258b813-0,f14cab0ec2b8162d850e7c403258b813
2026-09-22T06:36:29.844Z,dry,ETH-USD,7,buy,2734,0.0091,24.8794,maker,0.00310993,quote-bid,2734.05,-0.000455,-0.18288222,-0.0182,-0.00546,sim-93b4b31d674fd6ce6a06da7849c0e942-0,93b4b31d674fd6ce6a06da7849c0e942
2026-09-22T06:36:31.955Z,dry,ETH-USD,7,buy,2733.5,0.0091,24.87485,maker,0.00310936,quote-bid,2733.55,-0.000455,-0.18291568,-0.0091,-0.00091,sim-9f78abc977c61e596f101e209e2c5b39-0,9f78abc977c61e596f101e209e2c5b39
2026-09-22T06:36:32.094Z,dry,BTC-USD,6,buy,85463,0.00029,24.78427,maker,0.00309803,quote-bid,85463.5,-0.000145,-0.05850485,-0.00029,-0.00145,sim-fdf88953fc8c3d60e5c9e4ed11cccfc7-0,fdf88953fc8c3d60e5c9e4ed11cccfc7
2026-09-22T06:36:36.379Z,dry,ETH-USD,7,sell,2733,0.0091,24.8703,maker,0.00310879,quote-ask,2732.95,-0.000455,-0.18294914,-0.0182,0,sim-890390d3cf7f59851191fc02e22fd372-0,890390d3cf7f59851191fc02e22fd372
2026-09-22T06:36:38.403Z,dry,ETH-USD,7,sell,2733.3,0.0091,24.87303,maker,0.00310913,quote-ask,2733.25,-0.000455,-0.18292906,-0.0273,0,sim-78c6759f35b624252666a69cc56c67d2-0,78c6759f35b624252666a69cc56c67d2
2026-09-22T06:36:38.769Z,dry,BTC-USD,6,sell,85455,0.00029,24.78195,maker,0.00309774,quote-ask,85454.5,-0.000145,-0.05851033,-0.00058,0,sim-67482634148bd08e1a7dd68b525eb6ef-0,67482634148bd08e1a7dd68b525eb6ef
2026-09-22T06:36:40.518Z,dry,BTC-USD,6,sell,85462,0.00029,24.78398,maker,0.003098,quote-ask,85459,-0.00087,-0.35103321,-0.00087,0,sim-c558052908aa3769bf72cbf1bd542b29-0,c558052908aa3769bf72cbf1bd542b29
2026-09-22T06:36:42.656Z,dry,ETH-USD,7,buy,2733.8,0.0091,24.87758,maker,0.0031097,quote-bid,2733.85,-0.000455,-0.1828956,-0.0182,-0.00515667,sim-6efae7f3f7f4bc6f6e3daffb4b368c94-0,6efae7f3f7f4bc6f6e3daffb4b368c94
2026-09-22T06:36:50.656Z,dry,ETH-USD,7,sell,2734,0.0091,24.8794,maker,0.00310993,quote-ask,2733.85,-0.001365,-0.54864667,-0.0273,0,sim-aa97a809546d9099a0676ec682123f91-0,aa97a809546d9099a0676ec682123f91
2026-09-22T06:37:01.138Z,dry,ETH-USD,7,buy,2734.1,0.0091,24.88031,maker,0.00311004,quote-bid,2734.15,-0.000455,-0.18287553,-0.0182,-0.00556111,sim-793aab8bb92516c5be80a7fd2b7c2f38-0,793aab8bb92516c5be80a7fd2b7c2f38
2026-09-22T06:37:02.712Z,dry,ETH-USD,7,buy,2733.7,0.0091,24.87667,maker,0.00310958,quote-bid,2733.75,-0.000455,-0.18290229,-0.0091,-0.00192111,sim-31d374abc8b069b9880a1e027487910f-0,31d374abc8b069b9880a1e027487910f
2026-09-22T06:37:04.155Z,dry,ETH-USD,7,buy,2733.6,0.0091,24.87576,maker,0.00310947,quote-bid,2733.65,-0.000455,-0.18290898,0,-0.00101111,sim-5fc45542c015c698b60cb82ad49d221f-0,5fc45542c015c698b60cb82ad49d221f
2026-09-22T06:37:04.156Z,dry,BTC-USD,6,buy,85473,0.00029,24.78717,maker,0.0030984,quote-bid,85473.5,-0.000145,-0.05849801,-0.00058,-0.00425333,sim-246c368298dcc3c206e572fa9c9b0ecc-0,246c368298dcc3c206e572fa9c9b0ecc
2026-09-22T06:37:06.885Z,dry,ETH-USD,7,sell,2733.2,0.0091,24.87212,maker,0.00310902,quote-ask,2733.15,-0.000455,-0.18293575,-0.0091,0,sim-7b993f54c3fcde776ee7e40f1d77f6a2-0,7b993f54c3fcde776ee7e40f1d77f6a2
2026-09-22T06:37:15.972Z,dry,ETH-USD,7,buy,2733.5,0.0091,24.87485,maker,0.00310936,quote-bid,2733.55,-0.000455,-0.18291568,0,-0.00273,sim-8f214dd44661c5fbad5ac7dee6a06fca-0,8f214dd44661c5fbad5ac7dee6a06fca
2026-09-22T06:37:22.200Z,dry,ETH-USD,7,sell,2733.4,0.0091,24.87394,maker,0.00310924,quote-ask,2733.35,-0.000455,-0.18292237,-0.0091,0,sim-f5d6a7a197f544c189cfea5ef9a71f1f-0,f5d6a7a197f544c189cfea5ef9a71f1f
2026-09-22T06:37:22.953Z,dry,ETH-USD,7,buy,2733.4,0.0091,24.87394,maker,0.00310924,quote-bid,2733.45,-0.000455,-0.18292237,0,0,sim-f60e738f0b62f33d3803896716f8d50e-0,f60e738f0b62f33d3803896716f8d50e
2026-09-22T06:37:23.910Z,dry,ETH-USD,7,sell,2733.2,0.0091,24.87212,maker,0.00310902,quote-ask,2733.15,-0.000455,-0.18293575,-0.0091,0,sim-f0d9b10010dd8b9e5cceb99b2aef43ae-0,f0d9b10010dd8b9e5cceb99b2aef43ae
2026-09-22T06:37:26.368Z,dry,BTC-USD,6,buy,85465,0.00058,49.5697,maker,0.00619621,flatten-post,85465.5,-0.00029,-0.05850348,0,-0.00386667,sim-c67129cf92d2ee639002894db414d37c-0,c67129cf92d2ee639002894db414d37c
2026-09-22T06:37:26.526Z,dry,ETH-USD,7,buy,2733.4,0.0091,24.87394,maker,0.00310924,quote-bid,2733.45,-0.000455,-0.18292237,0,-0.00182,sim-f5fc46f6d077d2d9ac11ad3c04a66c0e-0,f5fc46f6d077d2d9ac11ad3c04a66c0e
2026-09-22T06:37:43.452Z,dry,ETH-USD,7,sell,2733,0.0091,24.8703,maker,0.00310879,quote-ask,2732.95,-0.000455,-0.18294914,-0.0091,0,sim-fc438cfefbefc95a07648035d2573027-0,fc438cfefbefc95a07648035d2573027
2026-09-22T06:37:43.882Z,dry,ETH-USD,7,sell,2733.5,0.0091,24.87485,maker,0.00310936,quote-ask,2733.45,-0.000455,-0.18291568,-0.0182,0,sim-4cd9baf0217a850289d2c45108da51c3-0,4cd9baf0217a850289d2c45108da51c3
2026-09-22T06:37:44.645Z,dry,ETH-USD,7,buy,2733.7,0.0091,24.87667,maker,0.00310958,quote-bid,2733.75,-0.000455,-0.18290229,-0.0091,-0.004095,sim-50e7a00dc8b6353585c960b0a42da153-0,50e7a00dc8b6353585c960b0a42da153
2026-09-22T06:37:45.916Z,dry,ETH-USD,7,sell,2733.6,0.0091,24.87576,maker,0.00310947,quote-ask,2733.55,-0.000455,-0.18290898,-0.0182,0,sim-7479d82d887805bf57698d921165e051-0,7479d82d887805bf57698d921165e051
2026-09-22T06:37:48.281Z,dry,BTC-USD,6,sell,85454,0.00029,24.78166,maker,0.00309771,quote-ask,85453.5,-0.000145,-0.05851101,-0.00029,0,sim-9ad7769aa1a35f85644bdbf4dd0bc28a-0,9ad7769aa1a35f85644bdbf4dd0bc28a
2026-09-22T06:37:48.317Z,dry,ETH-USD,7,sell,2733.9,0.0091,24.87849,maker,0.00310981,quote-ask,2733.85,-0.000455,-0.18288891,-0.0273,0,sim-1f7ab4f51decc259a2fcfe074a7f5e58-0,1f7ab4f51decc259a2fcfe074a7f5e58
2026-09-22T06:37:50.214Z,dry,BTC-USD,6,sell,85477,0.00029,24.78833,maker,0.00309854,quote-ask,85476.5,-0.000145,-0.05849527,-0.00058,0,sim-f4a537f2a20346ecae1da6dca3e90fd1-0,f4a537f2a20346ecae1da6dca3e90fd1
2026-09-22T06:37:51.110Z,dry,BTC-USD,6,sell,85483,0.00029,24.79007,maker,0.00309876,quote-ask,85482.5,-0.000145,-0.05849116,-0.00087,0,sim-33cadba9cf0e475d2d0bf61f764aca64-0,33cadba9cf0e475d2d0bf61f764aca64
2026-09-22T06:37:55.478Z,dry,BTC-USD,6,buy,85493,0.00029,24.79297,maker,0.00309912,quote-bid,85493.5,-0.000145,-0.05848432,-0.00058,-0.00628333,sim-083a24e8724dc908a568502ea1714281-0,083a24e8724dc908a568502ea1714281
2026-09-22T06:37:55.711Z,dry,ETH-USD,7,buy,2734.9,0.0091,24.88759,maker,0.00311095,quote-bid,2734.95,-0.000455,-0.18282204,-0.0182,-0.01198167,sim-e45c3d37302a2911dcba6c28eda07cd9-0,e45c3d37302a2911dcba6c28eda07cd9
2026-09-22T06:37:56.740Z,dry,ETH-USD,7,sell,2734.9,0.0091,24.88759,maker,0.00311095,quote-ask,2734.85,-0.000455,-0.18282204,-0.0273,0,sim-ec3bddc467e957dc9ac2f57969ee16db-0,ec3bddc467e957dc9ac2f57969ee16db
2026-09-22T06:37:59.204Z,dry,BTC-USD,6,sell,85491,0.00029,24.79239,maker,0.00309905,quote-ask,85490.5,-0.000145,-0.05848569,-0.00087,0,sim-d219f84fc0d7bb38bb74cfe755dedb97-0,d219f84fc0d7bb38bb74cfe755dedb97
2026-09-22T06:38:06.718Z,dry,ETH-USD,7,buy,2735.8,0.0091,24.89578,maker,0.00311197,quote-bid,2735.85,-0.000455,-0.1827619,-0.0182,-0.01617778,sim-724a94eddfa7acb25f99845f20279da3-0,724a94eddfa7acb25f99845f20279da3
2026-09-22T06:38:07.694Z,dry,ETH-USD,7,sell,2735.2,0.0091,24.89032,maker,0.00311129,quote-ask,2735.15,-0.000455,-0.18280199,-0.0273,0,sim-ac6b1499e457d7d4cdc646b91054a4ce-0,ac6b1499e457d7d4cdc646b91054a4ce
2026-09-22T06:38:15.539Z,dry,ETH-USD,7,buy,2735.6,0.0091,24.89396,maker,0.00311175,quote-bid,2735.65,-0.000455,-0.18277526,-0.0182,-0.01078519,sim-3da47d299292f12078ba68f0fb5ae286-0,3da47d299292f12078ba68f0fb5ae286
2026-09-22T06:38:15.547Z,dry,BTC-USD,6,buy,85500,0.00029,24.795,maker,0.00309938,quote-bid,85500.5,-0.000145,-0.05847953,-0.00058,-0.00641222,sim-1c094734af649acc50d23db46c6fae24-0,1c094734af649acc50d23db46c6fae24
2026-09-22T06:38:17.326Z,dry,ETH-USD,7,buy,2735.5,0.0091,24.89305,maker,0.00311163,quote-bid,2735.55,-0.000455,-0.18278194,-0.0091,-0.00987519,sim-78a83b9dc38e0f1c64ff90e895199c81-0,78a83b9dc38e0f1c64ff90e895199c81
2026-09-22T06:38:18.573Z,dry,ETH-USD,7,buy,2735.4,0.0091,24.89214,maker,0.00311152,quote-bid,2735.45,-0.000455,-0.18278862,0,-0.00896519,sim-62f6bfe0f1ba5814b4d3e5111ff91b11-0,62f6bfe0f1ba5814b4d3e5111ff91b11
2026-09-22T06:38:18.603Z,dry,BTC-USD,6,buy,85495,0.00029,24.79355,maker,0.00309919,quote-bid,85495.5,-0.000145,-0.05848295,-0.00029,-0.00496222,sim-0eac23dbfe8daaf18b3b61669e4d8228-0,0eac23dbfe8daaf18b3b61669e4d8228
2026-09-22T06:38:22.984Z,dry,ETH-USD,7,sell,2735.5,0.0091,24.89305,maker,0.00311163,quote-ask,2735.2,-0.00273,-1.09669165,-0.0091,0,sim-25de121f653755c7d895d05a2a1092d6-0,25de121f653755c7d895d05a2a1092d6
2026-09-22T06:38:23.478Z,dry,BTC-USD,6,sell,85492,0.00029,24.79268,maker,0.00309909,quote-ask,85491.5,-0.000145,-0.058485,-0.00058,0,sim-faa0e14403f0453eefd5be787942208f-0,faa0e14403f0453eefd5be787942208f
2026-09-22T06:38:28.203Z,dry,BTC-USD,6,buy,85499,0.00029,24.79471,maker,0.00309934,quote-bid,85499.5,-0.000145,-0.05848022,-0.00029,-0.00407611,sim-cbe5d3b67436ae6bf721d1947576a924-0,cbe5d3b67436ae6bf721d1947576a924
2026-09-22T06:38:28.884Z,dry,ETH-USD,7,buy,2735.8,0.0091,24.89578,maker,0.00311197,quote-bid,2735.85,-0.000455,-0.1827619,0,-0.00273,sim-e03dc6f0a19947c06c8083c8873ccf33-0,e03dc6f0a19947c06c8083c8873ccf33
2026-09-22T06:38:28.970Z,dry,BTC-USD,6,buy,85497,0.00029,24.79413,maker,0.00309927,quote-bid,85497.5,-0.000145,-0.05848158,0,-0.00349611,sim-23afadba209c10ee8ac313babc775e9f-0,23afadba209c10ee8ac313babc775e9f
2026-09-22T06:38:31.710Z,dry,ETH-USD,7,buy,2735.3,0.0091,24.89123,maker,0.0031114,quote-bid,2735.35,-0.000455,-0.18279531,0.0091,0,sim-33a8ace31f5834347084c1550242be0a-0,33a8ace31f5834347084c1550242be0a
2026-09-22T06:38:34.345Z,dry,ETH-USD,7,sell,2735.1,0.0091,24.88941,maker,0.00311118,quote-ask,2735,-0.00091,-0.36561734,0,-0.00182,sim-e1970c0195ce9f555d38b17b29b342cc-0,e1970c0195ce9f555d38b17b29b342cc
2026-09-22T06:38:34.869Z,dry,ETH-USD,7,sell,2735.3,0.0091,24.89123,maker,0.0031114,quote-ask,2735.25,-0.000455,-0.18279531,-0.0091,0,sim-b77a31b6fa4886597215ea41f7eadfb2-0,b77a31b6fa4886597215ea41f7eadfb2
2026-09-22T06:38:51.500Z,dry,ETH-USD,7,buy,2735.4,0.0091,24.89214,maker,0.00311152,quote-bid,2735.45,-0.000455,-0.18278862,0,-0.00091,sim-30dfc165a9b51de4ae17adf528fba255-0,30dfc165a9b51de4ae17adf528fba255
2026-09-22T06:38:54.144Z,dry,ETH-USD,7,sell,2735.4,0.0091,24.89214,maker,0.00311152,quote-ask,2735.35,-0.000455,-0.18278862,-0.0091,0,sim-f3b81d57d2b402f57b4172e81e9eb22d-0,f3b81d57d2b402f57b4172e81e9eb22d
2026-09-22T06:38:56.728Z,dry,ETH-USD,7,sell,2735.6,0.0091,24.89396,maker,0.00311175,quote-ask,2735.55,-0.000455,-0.18277526,-0.0182,0,sim-60cc2bc9f4529afcf94ad42e96d2976c-0,60cc2bc9f4529afcf94ad42e96d2976c
2026-09-22T06:38:57.438Z,dry,BTC-USD,6,sell,85495,0.00029,24.79355,maker,0.00309919,quote-ask,85494.5,-0.000145,-0.05848295,-0.00029,0,sim-ec3fd93a6b46eba8ebf99f96a1b33351-0,ec3fd93a6b46eba8ebf99f96a1b33351
2026-09-22T06:38:57.613Z,dry,ETH-USD,7,sell,2735.7,0.0091,24.89487,maker,0.00311186,quote-ask,2735.65,-0.000455,-0.18276858,-0.0273,0,sim-254af1ce31dff05eae395a79ed3b5b8c-0,254af1ce31dff05eae395a79ed3b5b8c
2026-09-22T06:38:58.468Z,dry,BTC-USD,6,sell,85499,0.00029,24.79471,maker,0.00309934,quote-ask,85498.5,-0.000145,-0.05848022,-0.00058,0,sim-c92b5f8ce545b79b3ac4f740a057f493-0,c92b5f8ce545b79b3ac4f740a057f493
2026-09-22T06:38:59.654Z,dry,BTC-USD,6,sell,85502,0.00029,24.79558,maker,0.00309945,quote-ask,85501.5,-0.000145,-0.05847816,-0.00087,0,sim-c9442e6cb3e38553218c74a89d206c4b-0,c9442e6cb3e38553218c74a89d206c4b
2026-09-22T06:39:00.849Z,dry,ETH-USD,7,buy,2736,0.0091,24.8976,maker,0.0031122,quote-bid,2736.45,-0.004095,-1.64473684,-0.0182,-0.00394333,sim-ca586b288d70b07252a1dfbc58256b53-0,ca586b288d70b07252a1dfbc58256b53
2026-09-22T06:39:01.520Z,dry,BTC-USD,6,buy,85527,0.00029,24.80283,maker,0.00310035,quote-bid,85527.5,-0.000145,-0.05846107,-0.00058,-0.00821667,sim-1303735b3617418e67dfb7ac82aefcbe-0,1303735b3617418e67dfb7ac82aefcbe
2026-09-22T06:39:02.756Z,dry,ETH-USD,7,sell,2735.9,0.0091,24.89669,maker,0.00311209,quote-ask,2735.85,-0.000455,-0.18275522,-0.0273,0,sim-eb1c5ea084d9b2cfe1164a574e2a288e-0,eb1c5ea084d9b2cfe1164a574e2a288e
2026-09-22T06:39:15.453Z,dry,BTC-USD,6,sell,85527,0.00029,24.80283,maker,0.00310035,quote-ask,85526.5,-0.000145,-0.05846107,-0.00087,0,sim-1ca488bbe2985da1ca6d639fc723b99b-0,1ca488bbe2985da1ca6d639fc723b99b
2026-09-22T06:39:19.082Z,dry,BTC-USD,6,buy,85548,0.00029,24.80892,maker,0.00310112,quote-bid,85548.5,-0.000145,-0.05844672,-0.00058,-0.01156778,sim-9fae7c425e14b0b29d8bb258ff54f44b-0,9fae7c425e14b0b29d8bb258ff54f44b
2026-09-22T06:39:19.735Z,dry,ETH-USD,7,buy,2736.5,0.0091,24.90215,maker,0.00311277,quote-bid,2736.55,-0.000455,-0.18271515,-0.0182,-0.00748222,sim-2b5d431ea0b3dd87ed153fd23734ada8-0,2b5d431ea0b3dd87ed153fd23734ada8
2026-09-22T06:39:21.979Z,dry,ETH-USD,7,buy,2736.3,0.0091,24.90033,maker,0.00311254,quote-bid,2736.35,-0.000455,-0.1827285,-0.0091,-0.00566222,sim-9ed2500d77d6e84132bd9f1b64445adf-0,9ed2500d77d6e84132bd9f1b64445adf
2026-09-22T06:39:21.996Z,dry,BTC-USD,6,buy,85538,0.00029,24.80602,maker,0.00310075,quote-bid,85538.5,-0.000145,-0.05845355,-0.00029,-0.00866778,sim-7ebabf4d968d0f5b7fa6947df9f79760-0,7ebabf4d968d0f5b7fa6947df9f79760
2026-09-22T06:39:23.426Z,dry,BTC-USD,6,buy,85537,0.00029,24.80573,maker,0.00310072,quote-bid,85537.5,-0.000145,-0.05845424,0,-0.00837778,sim-0f1db7239db3dc52fe0d0155722f00c4-0,0f1db7239db3dc52fe0d0155722f00c4
2026-09-22T06:39:24.323Z,dry,ETH-USD,7,sell,2735.9,0.0091,24.89669,maker,0.00311209,quote-ask,2735.85,-0.000455,-0.18275522,-0.0182,0,sim-2ce1f124a7d709f5c8ca7a49c913ad97-0,2ce1f124a7d709f5c8ca7a49c913ad97
2026-09-22T06:39:33.272Z,dry,BTC-USD,6,buy,85535,0.00029,24.80515,maker,0.00310064,quote-bid,85535.5,-0.000145,-0.0584556,0.00029,0,sim-5893f0c289a81a40cb733dd619d95dfd-0,5893f0c289a81a40cb733dd619d95dfd
2026-09-22T06:39:34.927Z,dry,ETH-USD,7,buy,2735.9,0.0091,24.89669,maker,0.00311209,quote-bid,2735.95,-0.000455,-0.18275522,-0.0091,-0.00101111,sim-1431291df8f6cd24fa3d91bd3781af28-0,1431291df8f6cd24fa3d91bd3781af28
2026-09-22T06:39:35.206Z,dry,ETH-USD,7,buy,2735.7,0.0091,24.89487,maker,0.00311186,quote-bid,2735.75,-0.000455,-0.18276858,0,0.00080889,sim-8aff962730890e475faf229bf3e18d6c-0,8aff962730890e475faf229bf3e18d6c
2026-09-22T06:39:35.273Z,dry,BTC-USD,6,buy,85527,0.00029,24.80283,maker,0.00310035,quote-bid,85527.5,-0.000145,-0.05846107,0.00058,0,sim-46725d5da85c93b6215da276758e0893-0,46725d5da85c93b6215da276758e0893
2026-09-22T06:39:36.438Z,dry,BTC-USD,6,buy,85524,0.00029,24.80196,maker,0.00310025,quote-bid,85524.5,-0.000145,-0.05846312,0.00087,0,sim-65435ddd4c5ca3b1330d454f84326a5c-0,65435ddd4c5ca3b1330d454f84326a5c
2026-09-22T06:39:36.554Z,dry,ETH-USD,7,buy,2735.4,0.0091,24.89214,maker,0.00311152,quote-bid,2735.45,-0.000455,-0.18278862,0.0091,0,sim-ce21b492c09a14a1c8eccca558a070dd-0,ce21b492c09a14a1c8eccca558a070dd
2026-09-22T06:39:37.137Z,dry,ETH-USD,7,buy,2734.9,0.0091,24.88759,maker,0.00311095,quote-bid,2735,-0.00091,-0.36564408,0.0182,0,sim-eb4bea584e4f4188fb71ab93bd2c5eef-0,eb4bea584e4f4188fb71ab93bd2c5eef
2026-09-22T06:39:37.677Z,dry,ETH-USD,7,buy,2734.5,0.0091,24.88395,maker,0.00311049,quote-bid,2734.55,-0.000455,-0.18284878,0.0273,0,sim-3fd19a75e5f3bcb1f0eee4fe63165e93-0,3fd19a75e5f3bcb1f0eee4fe63165e93
2026-09-22T06:39:39.097Z,dry,ETH-USD,7,sell,2734.4,0.0091,24.88304,maker,0.00311038,quote-ask,2734.35,-0.000455,-0.18285547,0.0182,-0.00485333,sim-e192cfdac9bc7b505d72ae65bde77625-0,e192cfdac9bc7b505d72ae65bde77625
2026-09-22T06:39:39.190Z,dry,BTC-USD,6,sell,85488,0.00029,24.79152,maker,0.00309894,quote-ask,85487.5,-0.000145,-0.05848774,0.00058,-0.01179333,sim-8cda63af89ca5d6aa6af006dc9c05eee-0,8cda63af89ca5d6aa6af006dc9c05eee
2026-09-22T06:39:39.645Z,dry,BTC-USD,6,sell,85506,0.00029,24.79674,maker,0.00309959,quote-ask,85504.5,-0.000435,-0.17542629,0.00029,-0.00657333,sim-47076a56281d17f863ac7354e98847b1-0,47076a56281d17f863ac7354e98847b1
2026-09-22T06:39:42.797Z,dry,ETH-USD,7,buy,2735.2,0.0091,24.89032,maker,0.00311129,quote-bid,2735.25,-0.000455,-0.18280199,0.0273,0,sim-7913c65fde27487205e206ae5f039557-0,7913c65fde27487205e206ae5f039557
2026-09-22T06:39:44.881Z,dry,BTC-USD,6,buy,85510,0.00029,24.7979,maker,0.00309974,quote-bid,85510.5,-0.000145,-0.05847269,0.00058,0,sim-e80d10998c251174aaab17dc81c58c27-0,e80d10998c251174aaab17dc81c58c27
2026-09-22T06:39:45.590Z,dry,BTC-USD,6,buy,85509,0.00029,24.79761,maker,0.0030997,quote-bid,85509.5,-0.000145,-0.05847338,0.00087,0,sim-434e35a634c5c7b39bb548e3c202718f-0,434e35a634c5c7b39bb548e3c202718f
2026-09-22T06:39:45.854Z,dry,ETH-USD,7,sell,2734.8,0.0091,24.88668,maker,0.00311084,quote-ask,2734.75,-0.000455,-0.18282873,0.0182,-0.00202222,sim-89a24766bedfb26959222be54004ffa3-0,89a24766bedfb26959222be54004ffa3
2026-09-22T06:39:47.804Z,dry,ETH-USD,7,sell,2734.9,0.0091,24.88759,maker,0.00311095,quote-ask,2734.85,-0.000455,-0.18282204,0.0091,-0.00111222,sim-d2efbfff7faab34c2462f95953cc5c0f-0,d2efbfff7faab34c2462f95953cc5c0f
2026-09-22T06:39:47.826Z,dry,BTC-USD,6,sell,85506,0.00029,24.79674,maker,0.00309959,quote-ask,85505.5,-0.000145,-0.05847543,0.00058,-0.00286778,sim-7e56925bee4903458da650ff47e484ec-0,7e56925bee4903458da650ff47e484ec
2026-09-22T06:39:51.450Z,dry,ETH-USD,7,sell,2735.3,0.0091,24.89123,maker,0.0031114,quote-ask,2735.1,-0.00182,-0.73118122,0,0.00252778,sim-5316bb4ad7181f5e1c441a84e47bfc8d-0,5316bb4ad7181f5e1c441a84e47bfc8d
2026-09-22T06:39:51.734Z,dry,BTC-USD,6,sell,85513,0.00029,24.79877,maker,0.00309985,quote-ask,85512.5,-0.000145,-0.05847064,0.00029,-0.00083778,sim-84701e22d029b5d7ca919b0eca7184fe-0,84701e22d029b5d7ca919b0eca7184fe
2026-09-22T06:39:53.421Z,dry,BTC-USD,6,sell,85523,0.00029,24.80167,maker,0.00310021,quote-ask,85522.5,-0.000145,-0.05846381,0,0.00206222,sim-abd6a96197e37ce3032ea3d9d5acccc6-0,abd6a96197e37ce3032ea3d9d5acccc6
2026-09-22T06:39:55.429Z,dry,ETH-USD,7,sell,2735.6,0.0091,24.89396,maker,0.00311175,quote-ask,2735.45,-0.001365,-0.54832578,-0.0091,0,sim-90b742bcd422886600c7378a20aff383-0,90b742bcd422886600c7378a20aff383
2026-09-22T06:39:55.434Z,dry,BTC-USD,6,sell,85529,0.00029,24.80341,maker,0.00310043,quote-ask,85528.5,-0.000145,-0.0584597,-0.00029,0,sim-255f5713a4962cdfe456d39a69851ba5-0,255f5713a4962cdfe456d39a69851ba5
2026-09-22T06:40:00.834Z,dry,ETH-USD,7,buy,2735.8,0.0091,24.89578,maker,0.00311197,quote-bid,2735.85,-0.000455,-0.1827619,0,-0.00182,sim-774024cbbec7cf35e87cccb93476fa4f-0,774024cbbec7cf35e87cccb93476fa4f
2026-09-22T06:40:00.835Z,dry,BTC-USD,6,buy,85531,0.00029,24.80399,maker,0.0031005,quote-bid,85534.5,-0.001015,-0.40920836,0,-0.00058,sim-49e47808fe7c30706cedd3cbe1c9404f-0,49e47808fe7c30706cedd3cbe1c9404f
2026-09-22T06:40:01.093Z,dry,BTC-USD,6,buy,85524,0.00029,24.80196,maker,0.00310025,quote-bid,85524.5,-0.000145,-0.05846312,0.00029,0,sim-385bdbb4c169e348157b58f397a23f0c-0,385bdbb4c169e348157b58f397a23f0c
2026-09-22T06:40:01.381Z,dry,BTC-USD,6,buy,85523,0.00029,24.80167,maker,0.00310021,quote-bid,85523.5,-0.000145,-0.05846381,0.00058,0,sim-3bd2ce11329b2fa5fc787078f9e0b9fb-0,3bd2ce11329b2fa5fc787078f9e0b9fb
2026-09-22T06:40:01.395Z,dry,ETH-USD,7,buy,2735.3,0.0091,24.89123,maker,0.0031114,quote-bid,2735.35,-0.000455,-0.18279531,0.0091,0,sim-5d4fa3a147a5ca3c0a024d69780daecb-0,5d4fa3a147a5ca3c0a024d69780daecb
2026-09-22T06:40:02.750Z,dry,ETH-USD,7,sell,2735.1,0.0091,24.88941,maker,0.00311118,quote-ask,2735.05,-0.000455,-0.18280867,0,-0.00182,sim-b090557bb0e55d71680eac287df78d7d-0,b090557bb0e55d71680eac287df78d7d
2026-09-22T06:40:03.321Z,dry,ETH-USD,7,sell,2735.4,0.0091,24.89214,maker,0.00311152,quote-ask,2735.25,-0.001365,-0.54836587,-0.0091,0,sim-4c86020ef23eed9a7d03d53c42336166-0,4c86020ef23eed9a7d03d53c42336166
2026-09-22T06:40:03.613Z,dry,ETH-USD,7,sell,2735.6,0.0091,24.89396,maker,0.00311175,quote-ask,2735.55,-0.000455,-0.18277526,-0.0182,0,sim-d578bb46da35fc67d2c5bc42ac4fd382-0,d578bb46da35fc67d2c5bc42ac4fd382
2026-09-22T06:40:03.868Z,dry,BTC-USD,6,sell,85519,0.00029,24.80051,maker,0.00310006,quote-ask,85518.5,-0.000145,-0.05846654,0.00029,-0.001305,sim-2608638983cf9b4b633609c229a0e179-0,2608638983cf9b4b633609c229a0e179
2026-09-22T06:40:03.991Z,dry,ETH-USD,7,sell,2735.8,0.0091,24.89578,maker,0.00311197,quote-ask,2735.7,-0.00091,-0.3655238,-0.0273,0,sim-ec5b174be29c5e3e80d975242508a744-0,ec5b174be29c5e3e80d975242508a744
2026-09-22T06:40:09.115Z,dry,ETH-USD,7,buy,2736,0.0091,24.8976,maker,0.0031122,quote-bid,2736.05,-0.000455,-0.18274854,-0.0182,-0.00364,sim-3a695247b8091bac8c16dd006ee4252e-0,3a695247b8091bac8c16dd006ee4252e
2026-09-22T06:40:09.429Z,dry,ETH-USD,7,buy,2736.1,0.0091,24.89851,maker,0.00311231,quote-bid,2736.15,-0.000455,-0.18274186,-0.0091,-0.00455,sim-ff5cf58c9a06e5cd3f4aedcdb34f4293-0,ff5cf58c9a06e5cd3f4aedcdb34f4293
2026-09-22T06:40:10.914Z,dry,ETH-USD,7,sell,2735.9,0.0091,24.89669,maker,0.00311209,quote-ask,2735.85,-0.000455,-0.18275522,-0.0182,0,sim-4b49c4d5293be1d8a7e85d1ebc349bba-0,4b49c4d5293be1d8a7e85d1ebc349bba
2026-09-22T06:40:12.989Z,dry,ETH-USD,7,buy,2736,0.0091,24.8976,maker,0.0031122,quote-bid,2736.05,-0.000455,-0.18274854,-0.0091,-0.002275,sim-b84cce4a019fc780de8843840c8e8067-0,b84cce4a019fc780de8843840c8e8067
2026-09-22T06:40:13.010Z,dry,BTC-USD,6,buy,85542,0.00029,24.80718,maker,0.0031009,quote-bid,85542.5,-0.000145,-0.05845082,0.00058,0,sim-a0396637884dc53c7153827504048756-0,a0396637884dc53c7153827504048756
2026-09-22T06:40:14.548Z,dry,BTC-USD,6,sell,85534,0.00029,24.80486,maker,0.00310061,quote-ask,85533,-0.00029,-0.11691257,0.00029,0.0003625,sim-2f414d25cbd9ec84cfa7ccd876b13c7a-0,2f414d25cbd9ec84cfa7ccd876b13c7a
2026-09-22T06:40:16.639Z,dry,BTC-USD,6,buy,85540,0.00029,24.8066,maker,0.00310083,quote-bid,85542,-0.00058,-0.23380874,0.00058,0,sim-1e0d30a38938a9ba6618ae65ba229b16-0,1e0d30a38938a9ba6618ae65ba229b16
2026-09-22T06:40:17.049Z,dry,BTC-USD,6,buy,85537,0.00029,24.80573,maker,0.00310072,quote-bid,85538.5,-0.000435,-0.17536271,0.00087,0,sim-e8256d4fb69b0cc9bce0a0c95d6325a5-0,e8256d4fb69b0cc9bce0a0c95d6325a5
2026-09-22T06:40:17.633Z,dry,ETH-USD,7,buy,2736,0.0091,24.8976,maker,0.0031122,quote-bid,2736.05,-0.000455,-0.18274854,0,-0.002275,sim-9b42ba2cc0121e7cdfb9674ab0d1524e-0,9b42ba2cc0121e7cdfb9674ab0d1524e
2026-09-22T06:40:21.229Z,dry,ETH-USD,7,buy,2735.5,0.0091,24.89305,maker,0.00311163,quote-bid,2735.55,-0.000455,-0.18278194,0.0091,0,sim-c00aecc6acf24037e9f7271445039140-0,c00aecc6acf24037e9f7271445039140
2026-09-22T06:40:24.327Z,dry,ETH-USD,7,buy,2735.2,0.0091,24.89032,maker,0.00311129,quote-bid,2735.25,-0.000455,-0.18280199,0.0182,0,sim-59c077f527b49b7a6d8a28cc72f0ac38-0,59c077f527b49b7a6d8a28cc72f0ac38
2026-09-22T06:40:26.590Z,dry,ETH-USD,7,buy,2735,0.0091,24.8885,maker,0.00311106,quote-bid,2735.05,-0.000455,-0.18281536,0.0273,0,sim-a2a3995cd147b0a96bde8d001d3724c5-0,a2a3995cd147b0a96bde8d001d3724c5
2026-09-22T06:40:27.754Z,dry,BTC-USD,6,sell,85510,0.00029,24.7979,maker,0.00309974,quote-ask,85509.5,-0.000145,-0.05847269,0.00058,-0.00770917,sim-5d32f03eefdbc7fd410179c7a506af5e-0,5d32f03eefdbc7fd410179c7a506af5e
2026-09-22T06:40:27.788Z,dry,ETH-USD,7,sell,2734.8,0.0091,24.88668,maker,0.00311084,quote-ask,2734.75,-0.000455,-0.18282873,0.0182,-0.00394333,sim-146a18834da6ea7d9fe5aa9050e9de3f-0,146a18834da6ea7d9fe5aa9050e9de3f
2026-09-22T06:40:40.171Z,dry,ETH-USD,7,sell,2735.1,0.0091,24.88941,maker,0.00311118,quote-ask,2735,-0.00091,-0.36561734,0.0091,-0.00121333,sim-10b27873cc1ff010ddc1336b954ec641-0,10b27873cc1ff010ddc1336b954ec641
2026-09-22T06:40:41.987Z,dry,ETH-USD,7,buy,2735.8,0.0091,24.89578,maker,0.00311197,quote-bid,2735.85,-0.000455,-0.1827619,0.0182,0,sim-5c232ba9afe054f78ac918c7ee05605c-0,5c232ba9afe054f78ac918c7ee05605c
2026-09-22T06:40:42.426Z,dry,BTC-USD,6,buy,85509,0.00029,24.79761,maker,0.0030997,quote-bid,85509.5,-0.000145,-0.05847338,0.00087,0,sim-787235acac08dcbccadbd83b399d3f8d-0,787235acac08dcbccadbd83b399d3f8d
2026-09-22T06:40:42.523Z,dry,ETH-USD,7,buy,2735.2,0.0091,24.89032,maker,0.00311129,quote-bid,2735.45,-0.002275,-0.91400994,0.0273,0,sim-fd82ff21cc95d52a019b739812136572-0,fd82ff21cc95d52a019b739812136572
2026-09-22T06:40:43.766Z,dry,ETH-USD,7,sell,2735,0.0091,24.8885,maker,0.00311106,quote-ask,2734.95,-0.000455,-0.18281536,0.0182,-0.00374111,sim-7ae8b2a76f2929d83355baa7edc9de66-0,7ae8b2a76f2929d83355baa7edc9de66
2026-09-22T06:40:45.799Z,dry,ETH-USD,7,buy,2735,0.0091,24.8885,maker,0.00311106,quote-bid,2735.05,-0.000455,-0.18281536,0.0273,0,sim-0820c4b9973bd34e65a352c0dc1629f9-0,0820c4b9973bd34e65a352c0dc1629f9
2026-09-22T06:40:47.426Z,dry,ETH-USD,7,sell,2734.8,0.0091,24.88668,maker,0.00311084,quote-ask,2734.75,-0.000455,-0.18282873,0.0182,-0.00431407,sim-f010fd2d4185ef6bfffab87645187ffa-0,f010fd2d4185ef6bfffab87645187ffa
2026-09-22T06:40:48.261Z,dry,ETH-USD,7,sell,2735.1,0.0091,24.88941,maker,0.00311118,quote-ask,2735.05,-0.000455,-0.18280867,0.0091,-0.00158407,sim-133e1e2a5c18d3b9055cf00c89162a42-0,133e1e2a5c18d3b9055cf00c89162a42
2026-09-22T06:40:48.384Z,dry,BTC-USD,6,sell,85501,0.00029,24.79529,maker,0.00309941,quote-ask,85500.5,-0.000145,-0.05847885,0.00058,-0.00765278,sim-b7ca5da8de423effb25d8ed7ae39dbc1-0,b7ca5da8de423effb25d8ed7ae39dbc1
2026-09-22T06:40:52.610Z,dry,ETH-USD,7,sell,2736,0.0091,24.8976,maker,0.0031122,quote-ask,2735.95,-0.000455,-0.18274854,0,0.00660593,sim-c9e89d2ebd7bda7f94622ed6d90d5bc8-0,c9e89d2ebd7bda7f94622ed6d90d5bc8
2026-09-22T06:40:53.473Z,dry,ETH-USD,7,sell,2736.1,0.0091,24.89851,maker,0.00311231,quote-ask,2736.05,-0.000455,-0.18274186,-0.0091,0,sim-6bec7eed83c71a150d87ba7ffcae2747-0,6bec7eed83c71a150d87ba7ffcae2747
2026-09-22T06:40:54.069Z,dry,ETH-USD,7,sell,2736.3,0.0091,24.90033,maker,0.00311254,quote-ask,2736.2,-0.00091,-0.365457,-0.0182,0,sim-e87829dc3250e5fadefd81f1234e326e-0,e87829dc3250e5fadefd81f1234e326e
2026-09-22T06:40:54.905Z,dry,ETH-USD,7,buy,2736.4,0.0091,24.90124,maker,0.00311266,quote-bid,2736.45,-0.000455,-0.18272182,-0.0091,-0.00182,sim-20b60f848479d719ad9b7f2ac3f094ce-0,20b60f848479d719ad9b7f2ac3f094ce
2026-09-22T06:40:57.085Z,dry,ETH-USD,7,buy,2736.1,0.0091,24.89851,maker,0.00311231,quote-bid,2736.15,-0.000455,-0.18274186,0,0.00091,sim-6855e80a3cbe71130b1b1f05df09714c-0,6855e80a3cbe71130b1b1f05df09714c
2026-09-22T06:40:57.188Z,dry,BTC-USD,6,sell,85514,0.00029,24.79906,maker,0.00309988,quote-ask,85513.5,-0.000145,-0.05846996,0.00029,-0.00388278,sim-bba4c60ee9e99b97a96ea6a75c163457-0,bba4c60ee9e99b97a96ea6a75c163457
2026-09-22T06:41:02.033Z,dry,BTC-USD,6,sell,85523,0.00029,24.80167,maker,0.00310021,flatten-post,85522.5,-0.000145,-0.05846381,0,-0.00127278,sim-49fee09754bccac7d6765b484e370c5d-0,49fee09754bccac7d6765b484e370c5d
2026-09-22T06:41:02.700Z,dry,ETH-USD,7,sell,2736.1,0.0091,24.89851,maker,0.00311231,quote-ask,2736.05,-0.000455,-0.18274186,-0.0091,0,sim-e154fe207183e1ebf3cf464ee71dd505-0,e154fe207183e1ebf3cf464ee71dd505
2026-09-22T06:41:07.457Z,dry,ETH-USD,7,buy,2736.1,0.0091,24.89851,maker,0.00311231,quote-bid,2736.15,-0.000455,-0.18274186,0,0,sim-66300f53850fb8c450bc94d4ebc27eb0-0,66300f53850fb8c450bc94d4ebc27eb0
2026-09-22T06:41:07.714Z,dry,ETH-USD,7,buy,2736,0.0091,24.8976,maker,0.0031122,quote-bid,2736.05,-0.000455,-0.18274854,0.0091,0,sim-20779a2f9244ee103be43fc92c267568-0,20779a2f9244ee103be43fc92c267568
2026-09-22T06:41:08.529Z,dry,ETH-USD,7,sell,2736,0.0091,24.8976,maker,0.0031122,quote-ask,2735.95,-0.000455,-0.18274854,0,0,sim-214aaab8837e2549e203c9513411e716-0,214aaab8837e2549e203c9513411e716
2026-09-22T06:41:12.668Z,dry,ETH-USD,7,buy,2736,0.0091,24.8976,maker,0.0031122,quote-bid,2736.05,-0.000455,-0.18274854,0.0091,0,sim-e814170b0870750bf80d14e558712d8b-0,e814170b0870750bf80d14e558712d8b
2026-09-22T06:41:14.123Z,dry,ETH-USD,7,sell,2735.9,0.0091,24.89669,maker,0.00311209,quote-ask,2735.85,-0.000455,-0.18275522,0,-0.00091,sim-951e002351c2c81ad51e6db99ac0b80d-0,951e002351c2c81ad51e6db99ac0b80d
2026-09-22T06:41:18.590Z,dry,ETH-USD,7,sell,2736,0.0091,24.8976,maker,0.0031122,quote-ask,2735.95,-0.000455,-0.18274854,-0.0091,0,sim-7caec08502f7d217c084f83d9e317c06-0,7caec08502f7d217c084f83d9e317c06
2026-09-22T06:41:20.255Z,dry,ETH-USD,7,buy,2736,0.0091,24.8976,maker,0.0031122,quote-bid,2736.05,-0.000455,-0.18274854,0,0,sim-7adfe54aba7df8c5582b0d78f8a2cb55-0,7adfe54aba7df8c5582b0d78f8a2cb55
2026-09-22T06:41:21.081Z,dry,ETH-USD,7,buy,2735.9,0.0091,24.89669,maker,0.00311209,quote-bid,2735.95,-0.000455,-0.18275522,0.0091,0,sim-dd6bb4523077468d8aa8c4aa13112f87-0,dd6bb4523077468d8aa8c4aa13112f87
2026-09-22T06:41:22.209Z,dry,ETH-USD,7,sell,2735.9,0.0091,24.89669,maker,0.00311209,quote-ask,2735.85,-0.000455,-0.18275522,0,0,sim-68254b022ec63443782ed554f92691cd-0,68254b022ec63443782ed554f92691cd
2026-09-22T06:41:22.914Z,dry,ETH-USD,7,sell,2736,0.0091,24.8976,maker,0.0031122,quote-ask,2735.95,-0.000455,-0.18274854,-0.0091,0,sim-c61d65fdda346aeb94d2daef2dc7089f-0,c61d65fdda346aeb94d2daef2dc7089f
2026-09-22T06:41:24.819Z,dry,ETH-USD,7,sell,2736.1,0.0091,24.89851,maker,0.00311231,quote-ask,2736.05,-0.000455,-0.18274186,-0.0182,0,sim-19ab4fa917c701e4e8bdfca2d11f141c-0,19ab4fa917c701e4e8bdfca2d11f141c
2026-09-22T06:41:34.509Z,dry,BTC-USD,6,buy,85525,0.00029,24.80225,maker,0.00310028,quote-bid,85525.5,-0.000145,-0.05846244,0.00029,0,sim-17ff27c5e5d1ffe3c7e3d38668fbe3d2-0,17ff27c5e5d1ffe3c7e3d38668fbe3d2
2026-09-22T06:41:34.611Z,dry,ETH-USD,7,buy,2736.1,0.0091,24.89851,maker,0.00311231,quote-bid,2736.15,-0.000455,-0.18274186,-0.0091,-0.000455,sim-6de464bb990300fe73dcc02d5e5f16f6-0,6de464bb990300fe73dcc02d5e5f16f6
2026-09-22T06:41:37.939Z,dry,ETH-USD,7,sell,2736,0.0091,24.8976,maker,0.0031122,quote-ask,2735.95,-0.000455,-0.18274854,-0.0182,0,sim-8d2341fc146f94e51be92582d35363ab-0,8d2341fc146f94e51be92582d35363ab
2026-09-22T06:41:40.115Z,dry,ETH-USD,7,sell,2736.1,0.0091,24.89851,maker,0.00311231,quote-ask,2736.05,-0.000455,-0.18274186,-0.0273,0,sim-e8629182b58ae51bed8c489b2f7826f2-0,e8629182b58ae51bed8c489b2f7826f2
2026-09-22T06:41:40.279Z,dry,BTC-USD,6,sell,85525,0.00029,24.80225,maker,0.00310028,quote-ask,85524.5,-0.000145,-0.05846244,0,0,sim-d2816bba8a80845c231fd319e1300875-0,d2816bba8a80845c231fd319e1300875
2026-09-22T06:41:42.314Z,dry,BTC-USD,6,buy,85525,0.00029,24.80225,maker,0.00310028,quote-bid,85525.5,-0.000145,-0.05846244,0.00029,0,sim-113e846824c9f2f39ebdd8d335eecfb6-0,113e846824c9f2f39ebdd8d335eecfb6
2026-09-22T06:41:45.155Z,dry,ETH-USD,7,buy,2736.2,0.0091,24.89942,maker,0.00311243,quote-bid,2736.25,-0.000455,-0.18273518,-0.0182,-0.001365,sim-7b55a7b0b360279b6a448bf1edc96bc9-0,7b55a7b0b360279b6a448bf1edc96bc9
2026-09-22T06:41:45.818Z,dry,ETH-USD,7,buy,2736,0.0091,24.8976,maker,0.0031122,quote-bid,2736.05,-0.000455,-0.18274854,-0.0091,0.000455,sim-160d3569cb95916e888e44a38101ce16-0,160d3569cb95916e888e44a38101ce16
2026-09-22T06:41:49.799Z,dry,ETH-USD,7,sell,2735.6,0.0091,24.89396,maker,0.00311175,quote-ask,2735.55,-0.000455,-0.18277526,-0.0182,0,sim-d5503a945c73a364f6252b50288edc5b-0,d5503a945c73a364f6252b50288edc5b
2026-09-22T06:41:49.909Z,dry,BTC-USD,6,sell,85513,0.00029,24.79877,maker,0.00309985,quote-ask,85512.5,-0.000145,-0.05847064,0,-0.00348,sim-f148f6ab53f2d50a94bbbe953f24e839-0,f148f6ab53f2d50a94bbbe953f24e839
2026-09-22T06:41:50.706Z,dry,ETH-USD,7,sell,2735.9,0.0091,24.89669,maker,0.00311209,quote-ask,2735.85,-0.000455,-0.18275522,-0.0273,0,sim-ee77c7040973eec0ffb0f008894b75aa-0,ee77c7040973eec0ffb0f008894b75aa
2026-09-22T06:41:53.990Z,dry,BTC-USD,6,sell,85521,0.00029,24.80109,maker,0.00310014,quote-ask,85520.5,-0.000145,-0.05846517,-0.00029,0,sim-1d2e008c77cf0a9498a7710727c06cbb-0,1d2e008c77cf0a9498a7710727c06cbb
2026-09-22T06:41:57.128Z,dry,ETH-USD,7,buy,2736.2,0.0091,24.89942,maker,0.00311243,quote-bid,2736.25,-0.000455,-0.18273518,-0.0182,-0.003185,sim-a8731855875322957da9ec6b40fad780-0,a8731855875322957da9ec6b40fad780
2026-09-22T06:41:58.178Z,dry,ETH-USD,7,sell,2736.1,0.0091,24.89851,maker,0.00311231,quote-ask,2736.05,-0.000455,-0.18274186,-0.0273,0,sim-2c7be5941f7e7f5ed7007f21bb24566b-0,2c7be5941f7e7f5ed7007f21bb24566b
2026-09-22T06:41:58.179Z,dry,BTC-USD,6,sell,85528,0.00029,24.80312,maker,0.00310039,quote-ask,85527.5,-0.000145,-0.05846039,-0.00058,0,sim-b80424315f1993c253c5d2b545255601-0,b80424315f1993c253c5d2b545255601
2026-09-22T06:42:01.174Z,dry,ETH-USD,7,buy,2736.2,0.0091,24.89942,maker,0.00311243,quote-bid,2736.25,-0.000455,-0.18273518,-0.0182,-0.00242667,sim-7dd2451cfffbb1a9225dc28c08718252-0,7dd2451cfffbb1a9225dc28c08718252
2026-09-22T06:42:01.486Z,dry,ETH-USD,7,buy,2736.1,0.0091,24.89851,maker,0.00311231,quote-bid,2736.15,-0.000455,-0.18274186,-0.0091,-0.00151667,sim-7637ae7dd985b35b6b0db8c548ea2539-0,7637ae7dd985b35b6b0db8c548ea2539
2026-09-22T06:42:03.284Z,dry,BTC-USD,6,buy,85534,0.00029,24.80486,maker,0.00310061,quote-bid,85534.5,-0.000145,-0.05845629,-0.00029,-0.002755,sim-e052e2341207bfed8f9dc0ec80bb1995-0,e052e2341207bfed8f9dc0ec80bb1995
2026-09-22T06:42:03.323Z,dry,ETH-USD,7,buy,2736,0.0091,24.8976,maker,0.0031122,quote-bid,2736.05,-0.000455,-0.18274854,0,-0.00060667,sim-513eedc8a68c9670cec5e07b64cbc2a0-0,513eedc8a68c9670cec5e07b64cbc2a0
2026-09-22T06:42:15.489Z,dry,BTC-USD,6,buy,85526,0.00029,24.80254,maker,0.00310032,quote-bid,85526.5,-0.000145,-0.05846175,0,-0.000435,sim-6697c52325af140453f90592167cb706-0,6697c52325af140453f90592167cb706
2026-09-22T06:42:16.142Z,dry,ETH-USD,7,buy,2735.6,0.0091,24.89396,maker,0.00311175,quote-bid,2735.65,-0.000455,-0.18277526,0.0091,0,sim-be43d34fdb56ae48d57d9f0fd0a7b271-0,be43d34fdb56ae48d57d9f0fd0a7b271
2026-09-22T06:42:21.367Z,dry,ETH-USD,7,sell,2735.6,0.0091,24.89396,maker,0.00311175,quote-ask,2735.55,-0.000455,-0.18277526,0,0,sim-bdc90a8295f14c0f6b32ae92258461c6-0,bdc90a8295f14c0f6b32ae92258461c6
2026-09-22T06:42:22.459Z,dry,ETH-USD,7,buy,2735.7,0.0091,24.89487,maker,0.00311186,quote-bid,2735.75,-0.000455,-0.18276858,0.0091,0,sim-0bdd45d058fcdc99531ecdd19a4911fb-0,0bdd45d058fcdc99531ecdd19a4911fb
2026-09-22T06:42:23.176Z,dry,ETH-USD,7,buy,2735.5,0.0091,24.89305,maker,0.00311163,quote-bid,2735.55,-0.000455,-0.18278194,0.0182,0,sim-536fa9ab20387bf148c72f7fc7e45ac2-0,536fa9ab20387bf148c72f7fc7e45ac2
2026-09-22T06:42:36.781Z,dry,ETH-USD,7,buy,2735.5,0.0091,24.89305,maker,0.00311163,quote-bid,2735.55,-0.000455,-0.18278194,0.0273,0,sim-c1653f73a3cfee5594b53ae59974fea9-0,c1653f73a3cfee5594b53ae59974fea9
2026-09-22T06:42:39.818Z,dry,ETH-USD,7,sell,2735.4,0.0091,24.89214,maker,0.00311152,quote-ask,2735.35,-0.000455,-0.18278862,0.0182,-0.00151667,sim-2c58158217dd66fac4f827d72be5ec03-0,2c58158217dd66fac4f827d72be5ec03
2026-09-22T06:42:50.195Z,dry,ETH-USD,7,buy,2735.8,0.0091,24.89578,maker,0.00311197,quote-bid,2735.85,-0.000455,-0.1827619,0.0273,0,sim-91053ff73f46dfc1c1a0a9f2cc930919-0,91053ff73f46dfc1c1a0a9f2cc930919
2026-09-22T06:43:00.972Z,dry,BTC-USD,6,buy,85521,0.00029,24.80109,maker,0.00310014,quote-bid,85521.5,-0.000145,-0.05846517,0.00029,0,sim-2469db5719291275bcba52b8147cbbe1-0,2469db5719291275bcba52b8147cbbe1
2026-09-22T06:43:03.564Z,dry,ETH-USD,7,sell,2735,0.0091,24.8885,maker,0.00311106,quote-ask,2734.95,-0.000455,-0.18281536,0.0182,-0.00586444,sim-00d5582aa72cf965432e4af84bad8c88-0,00d5582aa72cf965432e4af84bad8c88
2026-09-22T06:43:04.486Z,dry,BTC-USD,6,buy,85510,0.00029,24.7979,maker,0.00309974,quote-bid,85515,-0.00145,-0.58472693,0.00058,0,sim-f7cd91f0d85bff37b94bd25ab53ed687-0,f7cd91f0d85bff37b94bd25ab53ed687
2026-09-22T06:43:04.602Z,dry,ETH-USD,7,sell,2735.1,0.0091,24.88941,maker,0.00311118,quote-ask,2735.05,-0.000455,-0.18280867,0.0091,-0.00495444,sim-db55624c92c4f82f06eacef5b2bd3f5e-0,db55624c92c4f82f06eacef5b2bd3f5e
2026-09-22T06:43:05.125Z,dry,ETH-USD,7,buy,2735.1,0.0091,24.88941,maker,0.00311118,quote-bid,2735.15,-0.000455,-0.18280867,0.0182,0,sim-24c62ae4bf0d14805dea166990671599-0,24c62ae4bf0d14805dea166990671599
2026-09-22T06:43:05.171Z,dry,BTC-USD,6,buy,85494,0.00029,24.79326,maker,0.00309916,quote-bid,85501.5,-0.002175,-0.87725454,0.00087,0,sim-82c03ac8fac463023d9112652d8c37b2-0,82c03ac8fac463023d9112652d8c37b2
2026-09-22T06:43:06.567Z,dry,ETH-USD,7,sell,2734.5,0.0091,24.88395,maker,0.00311049,quote-ask,2734.45,-0.000455,-0.18284878,0.0091,-0.00793722,sim-6016c96b6c7d7cb8d696cfd2826dc281-0,6016c96b6c7d7cb8d696cfd2826dc281
2026-09-22T06:43:06.619Z,dry,BTC-USD,6,sell,85477,0.00029,24.78833,maker,0.00309854,quote-ask,85476.5,-0.000145,-0.05849527,0.00058,-0.00908667,sim-27709d7f94be1ce474aee994c1b4f066-0,27709d7f94be1ce474aee994c1b4f066
2026-09-22T06:43:07.822Z,dry,ETH-USD,7,buy,2734.8,0.0091,24.88668,maker,0.00311084,quote-bid,2734.85,-0.000455,-0.18282873,0.0182,0,sim-49c45e6728bbe25a9dfb3e22f73e865a-0,49c45e6728bbe25a9dfb3e22f73e865a
2026-09-22T06:43:07.868Z,dry,BTC-USD,6,buy,85485,0.00029,24.79065,maker,0.00309883,quote-bid,85485.5,-0.000145,-0.05848979,0.00087,0,sim-b0bd50b954b6a99becbf55e8b9473be5-0,b0bd50b954b6a99becbf55e8b9473be5
2026-09-22T06:43:08.942Z,dry,ETH-USD,7,sell,2734.6,0.0091,24.88486,maker,0.00311061,quote-ask,2734.55,-0.000455,-0.1828421,0.0091,-0.00442361,sim-e74f5354bedab508dfcf463310b9904c-0,e74f5354bedab508dfcf463310b9904c
2026-09-22T06:43:17.828Z,dry,ETH-USD,7,sell,2734.7,0.0091,24.88577,maker,0.00311072,quote-ask,2734.65,-0.000455,-0.18283541,0,-0.00351361,sim-881540f39839d534b5f43b1811cc359a-0,881540f39839d534b5f43b1811cc359a
2026-09-22T06:43:18.613Z,dry,ETH-USD,7,sell,2735,0.0091,24.8885,maker,0.00311106,quote-ask,2734.95,-0.000455,-0.18281536,-0.0091,0,sim-28f52ba7ac41531f2ba82bbf41e6d078-0,28f52ba7ac41531f2ba82bbf41e6d078
2026-09-22T06:43:20.586Z,dry,ETH-USD,7,buy,2735.1,0.0091,24.88941,maker,0.00311118,quote-bid,2735.15,-0.000455,-0.18280867,0,-0.00091,sim-8764527058c5bef7cee35e2059065028-0,8764527058c5bef7cee35e2059065028
2026-09-22T06:43:26.653Z,dry,ETH-USD,7,buy,2735,0.0091,24.8885,maker,0.00311106,quote-bid,2735.05,-0.000455,-0.18281536,0.0091,0,sim-b77cf3280b408c5c80fd15079f84f96f-0,b77cf3280b408c5c80fd15079f84f96f
2026-09-22T06:43:27.537Z,dry,ETH-USD,7,buy,2734.9,0.0091,24.88759,maker,0.00311095,quote-bid,2734.95,-0.000455,-0.18282204,0.0182,0,sim-0001b6c6d473955abc56175562c4778e-0,0001b6c6d473955abc56175562c4778e
2026-09-22T06:43:29.166Z,dry,ETH-USD,7,sell,2734.5,0.0091,24.88395,maker,0.00311049,quote-ask,2734.45,-0.000455,-0.18284878,0.0091,-0.004095,sim-bca96d9926e46b7c3de0f22dee80a450-0,bca96d9926e46b7c3de0f22dee80a450
2026-09-22T06:43:32.220Z,dry,ETH-USD,7,sell,2734.7,0.0091,24.88577,maker,0.00311072,quote-ask,2734.6,-0.00091,-0.36567082,0,-0.002275,sim-08e59abb5ff6343961365cf103edba55-0,08e59abb5ff6343961365cf103edba55
2026-09-22T06:43:33.442Z,dry,ETH-USD,7,buy,2734.6,0.0091,24.88486,maker,0.00311061,quote-bid,2734.65,-0.000455,-0.1828421,0.0091,0,sim-b55707ad3a0ac6c754ec45559460cd27-0,b55707ad3a0ac6c754ec45559460cd27
2026-09-22T06:43:37.727Z,dry,ETH-USD,7,sell,2734.5,0.0091,24.88395,maker,0.00311049,quote-ask,2734.45,-0.000455,-0.18284878,0,-0.00091,sim-08e7898f676c6e6df90defa0e4899509-0,08e7898f676c6e6df90defa0e4899509
2026-09-22T06:43:40.487Z,dry,ETH-USD,7,buy,2734.7,0.0091,24.88577,maker,0.00311072,quote-bid,2734.75,-0.000455,-0.18283541,0.0091,0,sim-5cc7927def0289c1990bd2afba9f665e-0,5cc7927def0289c1990bd2afba9f665e
2026-09-22T06:43:44.090Z,dry,ETH-USD,7,sell,2734.7,0.0091,24.88577,maker,0.00311072,quote-ask,2734.65,-0.000455,-0.18283541,0,0,sim-a6883caf571d92fb4014dcff7627e841-0,a6883caf571d92fb4014dcff7627e841
2026-09-22T06:43:45.520Z,dry,BTC-USD,6,sell,85482,0.00029,24.78978,maker,0.00309872,quote-ask,85481.5,-0.000145,-0.05849185,0.00058,-0.00538111,sim-0a43ae77dbcb4fdeec0f6cda9cc12dff-0,0a43ae77dbcb4fdeec0f6cda9cc12dff
2026-09-22T06:43:46.439Z,dry,ETH-USD,7,buy,2734.7,0.0091,24.88577,maker,0.00311072,quote-bid,2734.75,-0.000455,-0.18283541,0.0091,0,sim-34443ebb2f274dcad47acb1126754994-0,34443ebb2f274dcad47acb1126754994
2026-09-22T06:43:46.520Z,dry,BTC-USD,6,buy,85494,0.00029,24.79326,maker,0.00309916,quote-bid,85494.5,-0.000145,-0.05848364,0.00087,0,sim-f8dde6c232ad495b4fa642d07a66ec09-0,f8dde6c232ad495b4fa642d07a66ec09
2026-09-22T06:43:48.232Z,dry,ETH-USD,7,buy,2734.6,0.0091,24.88486,maker,0.00311061,quote-bid,2734.65,-0.000455,-0.1828421,0.0182,0,sim-467647290b3e2b0c7b1bf6aa98c16a47-0,467647290b3e2b0c7b1bf6aa98c16a47
2026-09-22T06:44:05.377Z,dry,ETH-USD,7,buy,2734.5,0.0091,24.88395,maker,0.00311049,quote-bid,2734.55,-0.000455,-0.18284878,0.0273,0,sim-20cc5c7c42deab7cd934b6335f06c4fe-0,20cc5c7c42deab7cd934b6335f06c4fe
2026-09-22T06:44:06.997Z,dry,ETH-USD,7,sell,2734,0.0091,24.8794,maker,0.00310993,quote-ask,2733.95,-0.000455,-0.18288222,0.0182,-0.00546,sim-5667371bdca118b7f556b7d7fceaee9f-0,5667371bdca118b7f556b7d7fceaee9f
2026-09-22T06:44:17.521Z,dry,BTC-USD,6,sell,85468,0.00087,74.35716,taker,0.02974286,flatten-ioc,85468.5,0.000435,0.05850143,0,-0.02642222,sim-974f1d8518dbcdb96bba6899aadf40ff-0,974f1d8518dbcdb96bba6899aadf40ff
2026-09-22T06:44:21.397Z,dry,ETH-USD,7,buy,2734.2,0.0091,24.88122,maker,0.00311015,quote-bid,2734.25,-0.000455,-0.18286885,0.0273,0,sim-b6fde5746ba72de1fe232adc7558a7a1-0,b6fde5746ba72de1fe232adc7558a7a1
2026-09-22T06:44:22.664Z,dry,BTC-USD,6,buy,85468,0.00029,24.78572,maker,0.00309822,quote-bid,85468.5,-0.000145,-0.05850143,0.00029,0,sim-c9a7b1db4c5b3ad715e677461dc2f012-0,c9a7b1db4c5b3ad715e677461dc2f012
2026-09-22T06:44:23.207Z,dry,BTC-USD,6,buy,85466,0.00029,24.78514,maker,0.00309814,quote-bid,85466.5,-0.000145,-0.0585028,0.00058,0,sim-f2f4e5a5c3e3b3b005df6e1d6525b6e5-0,f2f4e5a5c3e3b3b005df6e1d6525b6e5
2026-09-22T06:44:25.258Z,dry,ETH-USD,7,sell,2733.5,0.0091,24.87485,maker,0.00310936,quote-ask,2733.45,-0.000455,-0.18291568,0.0182,-0.00879667,sim-abe029fff30aecda2c93e1a94575afb6-0,abe029fff30aecda2c93e1a94575afb6
2026-09-22T06:44:25.700Z,dry,ETH-USD,7,sell,2733.6,0.0091,24.87576,maker,0.00310947,quote-ask,2733.55,-0.000455,-0.18290898,0.0091,-0.00788667,sim-604fbe40bfdb66d85d63317f51bc3161-0,604fbe40bfdb66d85d63317f51bc3161
2026-09-22T06:44:26.608Z,dry,ETH-USD,7,sell,2734.1,0.0091,24.88031,maker,0.00311004,quote-ask,2734.05,-0.000455,-0.18287553,0,-0.00333667,sim-528305309ee93a11c39c1897f0d625f8-0,528305309ee93a11c39c1897f0d625f8
2026-09-22T06:44:28.511Z,dry,ETH-USD,7,sell,2734.2,0.0091,24.88122,maker,0.00311015,quote-ask,2734.15,-0.000455,-0.18286885,-0.0091,0,sim-1624e713471595d450bda74005a6de06-0,1624e713471595d450bda74005a6de06
2026-09-22T06:44:29.406Z,dry,ETH-USD,7,sell,2734.3,0.0091,24.88213,maker,0.00311027,quote-ask,2734.25,-0.000455,-0.18286216,-0.0182,0,sim-219a27faa9a267d730ca1ab0bdcc6477-0,219a27faa9a267d730ca1ab0bdcc6477
2026-09-22T06:44:36.083Z,dry,BTC-USD,6,sell,85460,0.00029,24.7834,maker,0.00309793,quote-ask,85459.5,-0.000145,-0.0585069,0.00029,-0.00203,sim-befc046bec648701ea9b1417846c707a-0,befc046bec648701ea9b1417846c707a
2026-09-22T06:44:36.102Z,dry,ETH-USD,7,sell,2734.4,0.0091,24.88304,maker,0.00311038,quote-ask,2734.35,-0.000455,-0.18285547,-0.0273,0,sim-1e1b57b22af0551b05eb0615618181a6-0,1e1b57b22af0551b05eb0615618181a6
2026-09-22T06:44:39.668Z,dry,ETH-USD,7,buy,2734.8,0.0091,24.88668,maker,0.00311084,quote-bid,2734.85,-0.000455,-0.18282873,-0.0182,-0.00455,sim-c0db186176d50c7aa1c735b379590e20-0,c0db186176d50c7aa1c735b379590e20
2026-09-22T06:44:45.310Z,dry,ETH-USD,7,buy,2734.6,0.0091,24.88486,maker,0.00311061,quote-bid,2734.65,-0.000455,-0.1828421,-0.0091,-0.00273,sim-1d5d8cad420c2e216f5f1175ab6594ab-0,1d5d8cad420c2e216f5f1175ab6594ab
2026-09-22T06:44:45.468Z,dry,BTC-USD,6,buy,85468,0.00029,24.78572,maker,0.00309822,quote-bid,85468.5,-0.000145,-0.05850143,0.00058,0,sim-a607cf79ecdeb77480ff3409ddaf717e-0,a607cf79ecdeb77480ff3409ddaf717e
2026-09-22T06:44:47.302Z,dry,BTC-USD,6,buy,85464,0.00029,24.78456,maker,0.00309807,quote-bid,85464.5,-0.000145,-0.05850417,0.00087,0,sim-ad5cf5bb978a3621df06b6de80ea6bc3-0,ad5cf5bb978a3621df06b6de80ea6bc3
2026-09-22T06:44:51.909Z,dry,ETH-USD,7,buy,2734.5,0.0091,24.88395,maker,0.00311049,quote-bid,2734.55,-0.000455,-0.18284878,0,-0.00182,sim-2b2c5f126b2faeacc815865c03e38045-0,2b2c5f126b2faeacc815865c03e38045
2026-09-22T06:44:59.306Z,dry,ETH-USD,7,sell,2734.5,0.0091,24.88395,maker,0.00311049,quote-ask,2734.45,-0.000455,-0.18284878,-0.0091,0,sim-c3ffab02411d8d3d49a226a3d1713baa-0,c3ffab02411d8d3d49a226a3d1713baa
2026-09-22T06:45:01.481Z,dry,ETH-USD,7,buy,2734.5,0.0091,24.88395,maker,0.00311049,quote-bid,2734.55,-0.000455,-0.18284878,0,0,sim-283224997cfc1d55f91cf2d8e8456ea5-0,283224997cfc1d55f91cf2d8e8456ea5
2026-09-22T06:45:06.302Z,dry,ETH-USD,7,buy,2734.1,0.0091,24.88031,maker,0.00311004,quote-bid,2734.3,-0.00182,-0.73150214,0.0091,0,sim-670ec44f536efa897224335cb54ad122-0,670ec44f536efa897224335cb54ad122
2026-09-22T06:45:11.064Z,dry,ETH-USD,7,sell,2733.8,0.0091,24.87758,maker,0.0031097,quote-ask,2733.75,-0.000455,-0.1828956,0,-0.00273,sim-a4a71c24aefa00a470275eaaf7939f49-0,a4a71c24aefa00a470275eaaf7939f49
2026-09-22T06:45:12.505Z,dry,ETH-USD,7,buy,2734,0.0091,24.8794,maker,0.00310993,quote-bid,2734.05,-0.000455,-0.18288222,0.0091,0,sim-c8eeabc0bf351c6dbb07fe04036ffd92-0,c8eeabc0bf351c6dbb07fe04036ffd92
2026-09-22T06:45:13.822Z,dry,ETH-USD,7,buy,2733.9,0.0091,24.87849,maker,0.00310981,quote-bid,2733.95,-0.000455,-0.18288891,0.0182,0,sim-b37b673db9e155c08287d555b1bd3d06-0,b37b673db9e155c08287d555b1bd3d06
2026-09-22T06:45:15.767Z,dry,ETH-USD,7,buy,2733.8,0.0091,24.87758,maker,0.0031097,quote-bid,2733.85,-0.000455,-0.1828956,0.0273,0,sim-5dad3941b061e74b633507c01a8ac469-0,5dad3941b061e74b633507c01a8ac469
2026-09-22T06:45:38.939Z,dry,BTC-USD,6,sell,85440,0.00087,74.3328,taker,0.02973312,flatten-ioc,85440.5,0.000435,0.0585206,0,-0.02291,sim-0297026be77a4252c171d956ac21e82f-0,0297026be77a4252c171d956ac21e82f
2026-09-22T06:45:41.354Z,dry,BTC-USD,6,buy,85440,0.00029,24.7776,maker,0.0030972,quote-bid,85440.5,-0.000145,-0.0585206,0.00029,0,sim-395bf83e3fe39c7a56401548141e7df8-0,395bf83e3fe39c7a56401548141e7df8
2026-09-22T06:46:01.615Z,dry,ETH-USD,7,sell,2733.6,0.0091,24.87576,maker,0.00310947,quote-ask,2733.55,-0.000455,-0.18290898,0.0182,-0.00273,sim-84f073d668c993f5bb9e225f1fbbc73f-0,84f073d668c993f5bb9e225f1fbbc73f
2026-09-22T06:46:01.965Z,dry,ETH-USD,7,sell,2733.7,0.0091,24.87667,maker,0.00310958,quote-ask,2733.65,-0.000455,-0.18290229,0.0091,-0.00182,sim-87d5e417c6748267d64d901ec5c8b1a8-0,87d5e417c6748267d64d901ec5c8b1a8
2026-09-22T06:46:02.472Z,dry,BTC-USD,6,sell,85440,0.00029,24.7776,maker,0.0030972,quote-ask,85439.5,-0.000145,-0.0585206,0,0,sim-d45d8e5b1c191580bd4243554af084b5-0,d45d8e5b1c191580bd4243554af084b5
2026-09-22T06:46:06.728Z,dry,ETH-USD,7,buy,2734.3,0.0091,24.88213,maker,0.00311027,quote-bid,2734.35,-0.000455,-0.18286216,0.0182,0,sim-356c440ca08549b0833e40f29f0d3451-0,356c440ca08549b0833e40f29f0d3451
2026-09-22T06:46:07.528Z,dry,ETH-USD,7,sell,2734.3,0.0091,24.88213,maker,0.00311027,quote-ask,2734.25,-0.000455,-0.18286216,0.0091,0.00182,sim-3b74dbd36d5255532723da99204d2c20-0,3b74dbd36d5255532723da99204d2c20
2026-09-22T06:46:12.199Z,dry,ETH-USD,7,buy,2734.3,0.0091,24.88213,maker,0.00311027,quote-bid,2734.35,-0.000455,-0.18286216,0.0182,0,sim-e30d694d54162f3f1000ba11318d4b9b-0,e30d694d54162f3f1000ba11318d4b9b
2026-09-22T06:46:28.677Z,dry,ETH-USD,7,sell,2734.2,0.0182,49.76244,taker,0.01990498,flatten-ioc,2734.25,0.00091,0.18286885,0,0,sim-cdbdc4707427dd5f4cbf39c0b9cf6db8-0,cdbdc4707427dd5f4cbf39c0b9cf6db8
2026-09-22T06:46:30.331Z,dry,ETH-USD,7,buy,2734.2,0.0091,24.88122,maker,0.00311015,quote-bid,2734.25,-0.000455,-0.18286885,0.0091,0,sim-d3da6bd42404d9ee48fc32bb3855f87b-0,d3da6bd42404d9ee48fc32bb3855f87b
2026-09-22T06:46:30.340Z,dry,BTC-USD,6,buy,85456,0.00029,24.78224,maker,0.00309778,quote-bid,85456.5,-0.000145,-0.05850964,0.00029,0,sim-9957be62d7f39f24c0761ce7227204d3-0,9957be62d7f39f24c0761ce7227204d3
2026-09-22T06:46:36.471Z,dry,ETH-USD,7,sell,2733.7,0.0091,24.87667,maker,0.00310958,quote-ask,2733.65,-0.000455,-0.18290229,0,-0.00455,sim-05726ca90eea9e61f6a5d323e73f272c-0,05726ca90eea9e61f6a5d323e73f272c
2026-09-22T06:46:40.779Z,dry,ETH-USD,7,sell,2733.9,0.0091,24.87849,maker,0.00310981,quote-ask,2733.85,-0.000455,-0.18288891,-0.0091,0,sim-407353c876aff093a81dc66a7d7178d9-0,407353c876aff093a81dc66a7d7178d9
2026-09-22T06:46:44.421Z,dry,ETH-USD,7,buy,2734.1,0.0091,24.88031,maker,0.00311004,quote-bid,2734.15,-0.000455,-0.18287553,0,-0.00182,sim-0193f466e539d264bc0e605a7a9d660e-0,0193f466e539d264bc0e605a7a9d660e
2026-09-22T06:46:44.648Z,dry,BTC-USD,6,buy,85445,0.00029,24.77905,maker,0.00309738,quote-bid,85445.5,-0.000145,-0.05851717,0.00058,0,sim-c460bea31430f3f7beeffcbe749d6a72-0,c460bea31430f3f7beeffcbe749d6a72
2026-09-22T06:46:45.126Z,dry,BTC-USD,6,buy,85444,0.00029,24.77876,maker,0.00309735,quote-bid,85444.5,-0.000145,-0.05851786,0.00087,0,sim-e8092037361ddf20853fd8a291ed89b2-0,e8092037361ddf20853fd8a291ed89b2
2026-09-22T06:46:55.646Z,dry,ETH-USD,7,sell,2733.7,0.0091,24.87667,maker,0.00310958,quote-ask,2733.65,-0.000455,-0.18290229,-0.0091,0,sim-dd49b52086caddf1f4c6de56acbb2b16-0,dd49b52086caddf1f4c6de56acbb2b16
2026-09-22T06:47:04.627Z,dry,ETH-USD,7,sell,2733.9,0.0091,24.87849,maker,0.00310981,quote-ask,2733.85,-0.000455,-0.18288891,-0.0182,0,sim-b8dc41cc0e667f17c967125f13ade02f-0,b8dc41cc0e667f17c967125f13ade02f
2026-09-22T06:47:06.899Z,dry,ETH-USD,7,buy,2734,0.0091,24.8794,maker,0.00310993,quote-bid,2734.05,-0.000455,-0.18288222,-0.0091,-0.00182,sim-fa89320bc2956a2f708b9150aba15424-0,fa89320bc2956a2f708b9150aba15424
2026-09-22T06:47:08.324Z,dry,ETH-USD,7,buy,2733.8,0.0091,24.87758,maker,0.0031097,quote-bid,2733.85,-0.000455,-0.1828956,0,0,sim-26c8c46f8e2cebf5aefb57030d900709-0,26c8c46f8e2cebf5aefb57030d900709
2026-09-22T06:47:09.276Z,dry,ETH-USD,7,buy,2733.6,0.0091,24.87576,maker,0.00310947,quote-bid,2733.65,-0.000455,-0.18290898,0.0091,0,sim-ff05561e6ea631337aaf3db45301d6d8-0,ff05561e6ea631337aaf3db45301d6d8
2026-09-22T06:47:10.092Z,dry,ETH-USD,7,buy,2733.5,0.0091,24.87485,maker,0.00310936,quote-bid,2733.55,-0.000455,-0.18291568,0.0182,0,sim-2f7f4a1149e9369395274f18a6f5a7b1-0,2f7f4a1149e9369395274f18a6f5a7b1
2026-09-22T06:47:10.821Z,dry,ETH-USD,7,buy,2733.2,0.0091,24.87212,maker,0.00310902,quote-bid,2733.25,-0.000455,-0.18293575,0.0273,0,sim-4c045a32f8a650536fdbe3e8a0669b65-0,4c045a32f8a650536fdbe3e8a0669b65
2026-09-22T06:47:15.985Z,dry,ETH-USD,7,sell,2733.2,0.0091,24.87212,maker,0.00310902,quote-ask,2733.15,-0.000455,-0.18293575,0.0182,-0.00212333,sim-37e91b6bfc0aa1a978bbb9ae6a3799aa-0,37e91b6bfc0aa1a978bbb9ae6a3799aa
2026-09-22T06:47:27.163Z,dry,ETH-USD,7,sell,2733.3,0.0091,24.87303,maker,0.00310913,quote-ask,2733.25,-0.000455,-0.18292906,0.0091,-0.00121333,sim-1f40702e881c36128993f2ead233fbc1-0,1f40702e881c36128993f2ead233fbc1
2026-09-22T06:47:27.266Z,dry,BTC-USD,6,sell,85429,0.00029,24.77441,maker,0.0030968,quote-ask,85428.5,-0.000145,-0.05852813,0.00058,-0.00560667,sim-b0e656e795eff319ebaa10b2117487f2-0,b0e656e795eff319ebaa10b2117487f2
2026-09-22T06:47:29.193Z,dry,ETH-USD,7,sell,2733.5,0.0091,24.87485,maker,0.00310936,quote-ask,2733.45,-0.000455,-0.18291568,0,0.00060667,sim-a813f2dd1d91ef1971540fc8266fa530-0,a813f2dd1d91ef1971540fc8266fa530
2026-09-22T06:47:34.487Z,dry,ETH-USD,7,buy,2733.6,0.0091,24.87576,maker,0.00310947,quote-bid,2733.65,-0.000455,-0.18290898,0.0091,0,sim-c940d9992f89915aee0afd32e7503b56-0,c940d9992f89915aee0afd32e7503b56
2026-09-22T06:47:40.360Z,dry,ETH-USD,7,buy,2733.3,0.0091,24.87303,maker,0.00310913,quote-bid,2733.35,-0.000455,-0.18292906,0.0182,0,sim-3ded0be7846b649e42db852991729a0f-0,3ded0be7846b649e42db852991729a0f
2026-09-22T06:47:41.602Z,dry,ETH-USD,7,buy,2733.2,0.0091,24.87212,maker,0.00310902,quote-bid,2733.25,-0.000455,-0.18293575,0.0273,0,sim-f37853a522b0c2b0cd4272cbdbb81a25-0,f37853a522b0c2b0cd4272cbdbb81a25
2026-09-22T06:47:46.748Z,dry,BTC-USD,6,sell,85416,0.00058,49.54128,taker,0.01981651,flatten-ioc,85416.5,0.00029,0.05853704,0,-0.01875333,sim-26ee8aa183641e1c7d27d06c106a7bfc-0,26ee8aa183641e1c7d27d06c106a7bfc
2026-09-22T06:47:47.911Z,dry,ETH-USD,7,sell,2733.2,0.0091,24.87212,maker,0.00310902,quote-ask,2733.15,-0.000455,-0.18293575,0.0182,-0.00151667,sim-3b290efceeb5e1f8647822475719ffcd-0,3b290efceeb5e1f8647822475719ffcd
2026-09-22T06:48:01.350Z,dry,ETH-USD,7,buy,2733.2,0.0091,24.87212,maker,0.00310902,quote-bid,2733.25,-0.000455,-0.18293575,0.0273,0,sim-2a1887cecaf3c8f726e8c72d2788225d-0,2a1887cecaf3c8f726e8c72d2788225d
2026-09-22T06:48:05.682Z,dry,ETH-USD,7,sell,2733.1,0.0091,24.87121,maker,0.0031089,quote-ask,2733.05,-0.000455,-0.18294245,0.0182,-0.00192111,sim-a2f6a38f33c6b6698cf961a2a0977e0d-0,a2f6a38f33c6b6698cf961a2a0977e0d
2026-09-22T06:48:08.490Z,dry,ETH-USD,7,sell,2733.2,0.0091,24.87212,maker,0.00310902,quote-ask,2733.15,-0.000455,-0.18293575,0.0091,-0.00101111,sim-e7122f840be40d9fb1771efe492130cc-0,e7122f840be40d9fb1771efe492130cc
2026-09-22T06:48:11.885Z,dry,BTC-USD,6,buy,85416,0.00029,24.77064,maker,0.00309633,quote-bid,85416.5,-0.000145,-0.05853704,0.00029,0,sim-7bdbfcb1c7f68a72a1202a452eecd92a-0,7bdbfcb1c7f68a72a1202a452eecd92a
2026-09-22T06:48:13.406Z,dry,ETH-USD,7,buy,2733.2,0.0091,24.87212,maker,0.00310902,quote-bid,2733.25,-0.000455,-0.18293575,0.0182,0,sim-e870158669b1107787ebbae93222b7b9-0,e870158669b1107787ebbae93222b7b9
2026-09-22T06:48:30.368Z,dry,ETH-USD,7,sell,2733.2,0.0091,24.87212,maker,0.00310902,quote-ask,2733.15,-0.000455,-0.18293575,0.0091,-0.00050556,sim-f14f3306ee9a84b6ccc8047b7ed943fe-0,f14f3306ee9a84b6ccc8047b7ed943fe
2026-09-22T06:48:32.708Z,dry,ETH-USD,7,buy,2733.3,0.0091,24.87303,maker,0.00310913,quote-bid,2733.35,-0.000455,-0.18292906,0.0182,0,sim-c0904000c34c7f46c465771e98159825-0,c0904000c34c7f46c465771e98159825
2026-09-22T06:48:50.628Z,dry,BTC-USD,6,sell,85409,0.00029,24.76861,maker,0.00309608,quote-ask,85408.5,-0.000145,-0.05854184,0,-0.00203,sim-50dfc116f9d19d406843b97842c9dd7b-0,50dfc116f9d19d406843b97842c9dd7b
2026-09-22T06:48:50.953Z,dry,ETH-USD,7,sell,2733.1,0.0182,49.74242,taker,0.01989697,flatten-ioc,2733.25,0.00273,0.54882734,0,-0.00323556,sim-0ddfbea6a9344ad2b0a983fe23ba167d-0,0ddfbea6a9344ad2b0a983fe23ba167d
2026-09-22T06:48:53.488Z,dry,BTC-USD,6,sell,85417,0.00029,24.77093,maker,0.00309637,quote-ask,85416.5,-0.000145,-0.05853636,-0.00029,0,sim-8b9276f929af7f6cb3e5593fc3de640c-0,8b9276f929af7f6cb3e5593fc3de640c
2026-09-22T06:48:55.935Z,dry,ETH-USD,7,sell,2733.3,0.0091,24.87303,maker,0.00310913,quote-ask,2733.25,-0.000455,-0.18292906,-0.0091,0,sim-29763b32ddd9372518de83a44fbc5dd4-0,29763b32ddd9372518de83a44fbc5dd4
2026-09-22T06:48:56.582Z,dry,BTC-USD,6,sell,85427,0.00029,24.77383,maker,0.00309673,quote-ask,85426.5,-0.000145,-0.0585295,-0.00058,0,sim-b09e3a16a7f69bd1b3869829541e642c-0,b09e3a16a7f69bd1b3869829541e642c
2026-09-22T06:48:56.729Z,dry,ETH-USD,7,sell,2733.7,0.0091,24.87667,maker,0.00310958,quote-ask,2733.65,-0.000455,-0.18290229,-0.0182,0,sim-8475f4a660db77c14ee1beb6fd11e806-0,8475f4a660db77c14ee1beb6fd11e806
2026-09-22T06:48:57.305Z,dry,BTC-USD,6,sell,85436,0.00029,24.77644,maker,0.00309706,quote-ask,85435.5,-0.000145,-0.05852334,-0.00087,0,sim-6b3fdd7dc70cc513a4a328d42b5b6b4d-0,6b3fdd7dc70cc513a4a328d42b5b6b4d
2026-09-22T06:49:02.727Z,dry,ETH-USD,7,buy,2734.3,0.0091,24.88213,maker,0.00311027,quote-bid,2734.35,-0.000455,-0.18286216,-0.0091,-0.00728,sim-cee91aa97191693dba79224024b9eecc-0,cee91aa97191693dba79224024b9eecc
2026-09-22T06:49:08.847Z,dry,BTC-USD,6,buy,85443,0.00029,24.77847,maker,0.00309731,quote-bid,85443.5,-0.000145,-0.05851854,-0.00058,-0.00473667,sim-80052f3d6e35ee954a03ed9a421a64d7-0,80052f3d6e35ee954a03ed9a421a64d7
2026-09-22T06:49:08.898Z,dry,ETH-USD,7,buy,2733.9,0.0091,24.87849,maker,0.00310981,quote-bid,2734.15,-0.002275,-0.91444457,0,-0.00364,sim-6878dfde82480ce920bda4972edb26b4-0,6878dfde82480ce920bda4972edb26b4
2026-09-22T06:49:14.684Z,dry,BTC-USD,6,buy,85433,0.00029,24.77557,maker,0.00309695,quote-bid,85433.5,-0.000145,-0.05852539,-0.00029,-0.00183667,sim-bd2f0175b028c739d3561effa5b7d61d-0,bd2f0175b028c739d3561effa5b7d61d
2026-09-22T06:49:14.692Z,dry,ETH-USD,7,buy,2733.6,0.0091,24.87576,maker,0.00310947,quote-bid,2733.65,-0.000455,-0.18290898,0.0091,0,sim-8c860a1e854ccb1ab86bca526f06de34-0,8c860a1e854ccb1ab86bca526f06de34
2026-09-22T06:49:15.570Z,dry,ETH-USD,7,buy,2733.5,0.0091,24.87485,maker,0.00310936,quote-bid,2733.55,-0.000455,-0.18291568,0.0182,0,sim-b4bc69f8179f8c24eb8d2a0f7f6443e3-0,b4bc69f8179f8c24eb8d2a0f7f6443e3
2026-09-22T06:49:15.655Z,dry,BTC-USD,6,buy,85431,0.00029,24.77499,maker,0.00309687,quote-bid,85431.5,-0.000145,-0.05852676,0,-0.00125667,sim-bd04be9e0b4127abf066b905e846bd48-0,bd04be9e0b4127abf066b905e846bd48
2026-09-22T06:49:17.422Z,dry,ETH-USD,7,sell,2733.1,0.0091,24.87121,maker,0.0031089,quote-ask,2733.05,-0.000455,-0.18294245,0.0091,-0.004095,sim-051eb64181c49fac3eb5d147bf9976f2-0,051eb64181c49fac3eb5d147bf9976f2
2026-09-22T06:49:18.025Z,dry,ETH-USD,7,sell,2733.2,0.0091,24.87212,maker,0.00310902,quote-ask,2733.15,-0.000455,-0.18293575,0,-0.003185,sim-f6db5743f2e19cd1d4ca01b1a7923889-0,f6db5743f2e19cd1d4ca01b1a7923889
2026-09-22T06:49:19.241Z,dry,BTC-USD,6,buy,85419,0.00029,24.77151,maker,0.00309644,quote-bid,85425,-0.00174,-0.70241984,0.00029,0,sim-08c5d8604799af73ff918cf0c048ab43-0,08c5d8604799af73ff918cf0c048ab43
2026-09-22T06:49:21.649Z,dry,ETH-USD,7,buy,2733.5,0.0091,24.87485,maker,0.00310936,quote-bid,2733.55,-0.000455,-0.18291568,0.0091,0,sim-d18af9d8c37ff7c18f2c8fad5653c17f-0,d18af9d8c37ff7c18f2c8fad5653c17f
2026-09-22T06:49:25.198Z,dry,ETH-USD,7,sell,2733.4,0.0091,24.87394,maker,0.00310924,quote-ask,2733.35,-0.000455,-0.18292237,0,-0.00091,sim-12a64ec371a5d180b2df32c6a5b34920-0,12a64ec371a5d180b2df32c6a5b34920
2026-09-22T06:49:25.674Z,dry,ETH-USD,7,sell,2733.8,0.0091,24.87758,maker,0.0031097,quote-ask,2733.75,-0.000455,-0.1828956,-0.0091,0,sim-49918f5b8edbf37a2498c42f4325b781-0,49918f5b8edbf37a2498c42f4325b781
2026-09-22T06:49:25.815Z,dry,BTC-USD,6,sell,85420,0.00029,24.7718,maker,0.00309648,quote-ask,85419.5,-0.000145,-0.0585343,0,0.00029,sim-1e3976a4131fb8a540b349a2822a8463-0,1e3976a4131fb8a540b349a2822a8463
2026-09-22T06:49:26.772Z,dry,ETH-USD,7,sell,2733.9,0.0091,24.87849,maker,0.00310981,quote-ask,2733.85,-0.000455,-0.18288891,-0.0182,0,sim-43aa2b8f7f77d747aff50205eef1e7e2-0,43aa2b8f7f77d747aff50205eef1e7e2
2026-09-22T06:49:30.970Z,dry,ETH-USD,7,buy,2733.9,0.0091,24.87849,maker,0.00310981,quote-bid,2733.95,-0.000455,-0.18288891,-0.0091,-0.000455,sim-cada6866e25c131016175ceb802e23e2-0,cada6866e25c131016175ceb802e23e2
2026-09-22T06:49:36.961Z,dry,ETH-USD,7,buy,2733.8,0.0091,24.87758,maker,0.0031097,quote-bid,2733.85,-0.000455,-0.1828956,0,0.000455,sim-887d06f256739544dcc1f58a8d22d407-0,887d06f256739544dcc1f58a8d22d407
2026-09-22T06:49:37.717Z,dry,ETH-USD,7,buy,2733.6,0.0091,24.87576,maker,0.00310947,quote-bid,2733.7,-0.00091,-0.36581797,0.0091,0,sim-919e4cb5db1d741f73618e2afe877d1b-0,919e4cb5db1d741f73618e2afe877d1b
2026-09-22T06:49:38.301Z,dry,ETH-USD,7,buy,2733.4,0.0091,24.87394,maker,0.00310924,quote-bid,2733.45,-0.000455,-0.18292237,0.0182,0,sim-5a5d9ec53a7339fb44dca1a03cea02a3-0,5a5d9ec53a7339fb44dca1a03cea02a3
2026-09-22T06:49:48.065Z,dry,ETH-USD,7,buy,2733.3,0.0091,24.87303,maker,0.00310913,quote-bid,2733.35,-0.000455,-0.18292906,0.0273,0,sim-65af5f6961a4e079f0d37bad9bbccf3f-0,65af5f6961a4e079f0d37bad9bbccf3f
2026-09-22T06:49:54.775Z,dry,ETH-USD,7,sell,2733.1,0.0091,24.87121,maker,0.0031089,quote-ask,2733.05,-0.000455,-0.18294245,0.0182,-0.00303333,sim-f38017e3740c6da24d029eff6358e556-0,f38017e3740c6da24d029eff6358e556
2026-09-22T06:49:55.929Z,dry,ETH-USD,7,sell,2733.3,0.0091,24.87303,maker,0.00310913,quote-ask,2733.25,-0.000455,-0.18292906,0.0091,-0.00121333,sim-16d91028c6b844df3be83c70f0882842-0,16d91028c6b844df3be83c70f0882842
2026-09-22T06:50:00.099Z,dry,ETH-USD,7,buy,2733.4,0.0091,24.87394,maker,0.00310924,quote-bid,2733.45,-0.000455,-0.18292237,0.0182,0,sim-51c18bf08793b204da56f4642b7b5391-0,51c18bf08793b204da56f4642b7b5391
2026-09-22T06:50:01.285Z,dry,ETH-USD,7,buy,2732.7,0.0091,24.86757,maker,0.00310845,quote-bid,2732.75,-0.000455,-0.18296922,0.0273,0,sim-fa854f50fc1c9e549fb9e6fba8c24140-0,fa854f50fc1c9e549fb9e6fba8c24140
2026-09-22T06:50:02.223Z,dry,BTC-USD,6,buy,85424,0.00029,24.77296,maker,0.00309662,quote-bid,85424.5,-0.000145,-0.05853156,0.00029,0,sim-0cc981c738301b5a8c2440b3b323b5d2-0,0cc981c738301b5a8c2440b3b323b5d2
2026-09-22T06:50:02.473Z,dry,BTC-USD,6,buy,85421,0.00029,24.77209,maker,0.00309651,quote-bid,85422.5,-0.000435,-0.17560085,0.00058,0,sim-94ad9904c52771377a9611ff5ff8e18b-0,94ad9904c52771377a9611ff5ff8e18b
2026-09-22T06:50:11.091Z,dry,ETH-USD,7,sell,2732.2,0.0091,24.86302,maker,0.00310788,quote-ask,2732.15,-0.000455,-0.18300271,0.0182,-0.00889778,sim-2fe977a94280312f94d48d2482c7ca38-0,2fe977a94280312f94d48d2482c7ca38
2026-09-22T06:50:11.606Z,dry,ETH-USD,7,sell,2732.6,0.0091,24.86666,maker,0.00310833,quote-ask,2732.55,-0.000455,-0.18297592,0.0091,-0.00525778,sim-acf71dffaa702c4d39c1a6a0a574e350-0,acf71dffaa702c4d39c1a6a0a574e350
2026-09-22T06:50:12.182Z,dry,ETH-USD,7,sell,2732.7,0.0091,24.86757,maker,0.00310845,quote-ask,2732.65,-0.000455,-0.18296922,0,-0.00434778,sim-38b795aaef790bdd24210b37d3f0e0a0-0,38b795aaef790bdd24210b37d3f0e0a0
2026-09-22T06:50:12.687Z,dry,BTC-USD,6,sell,85419,0.00029,24.77151,maker,0.00309644,quote-ask,85418.5,-0.000145,-0.05853499,0.00029,-0.001015,sim-2693482ea78c9dfd9ca38ba8eb9c7bf3-0,2693482ea78c9dfd9ca38ba8eb9c7bf3
2026-09-22T06:50:12.698Z,dry,ETH-USD,7,sell,2733.1,0.0091,24.87121,maker,0.0031089,quote-ask,2733.05,-0.000455,-0.18294245,-0.0091,0,sim-bfff0139e9ed384fa012e80d15d28c0e-0,bfff0139e9ed384fa012e80d15d28c0e
2026-09-22T06:50:13.163Z,dry,ETH-USD,7,sell,2733.8,0.0091,24.87758,maker,0.0031097,quote-ask,2733.75,-0.000455,-0.1828956,-0.0182,0,sim-1a0388d75129aa3e23a9a52cf4aaaff0-0,1a0388d75129aa3e23a9a52cf4aaaff0
2026-09-22T06:50:13.832Z,dry,ETH-USD,7,buy,2733.9,0.0091,24.87849,maker,0.00310981,quote-bid,2733.95,-0.000455,-0.18288891,-0.0091,-0.004095,sim-fc92006e6fe4147a68f5713d08e56911-0,fc92006e6fe4147a68f5713d08e56911
2026-09-22T06:50:17.293Z,dry,ETH-USD,7,buy,2733.8,0.0091,24.87758,maker,0.0031097,quote-bid,2733.85,-0.000455,-0.1828956,0,-0.003185,sim-33638f61f40f7f7ec53d99f96b13f326-0,33638f61f40f7f7ec53d99f96b13f326
2026-09-22T06:50:20.766Z,dry,ETH-USD,7,sell,2733.5,0.0091,24.87485,maker,0.00310936,quote-ask,2733.45,-0.000455,-0.18291568,-0.0091,0,sim-fad87564d0667475eb9cbd30f6c5caf4-0,fad87564d0667475eb9cbd30f6c5caf4
2026-09-22T06:50:22.670Z,dry,ETH-USD,7,sell,2733.8,0.0091,24.87758,maker,0.0031097,quote-ask,2733.75,-0.000455,-0.1828956,-0.0182,0,sim-30f1265dbea6b9435833555f25e5faf9-0,30f1265dbea6b9435833555f25e5faf9
2026-09-22T06:50:22.984Z,dry,ETH-USD,7,sell,2734.1,0.0091,24.88031,maker,0.00311004,quote-ask,2734.05,-0.000455,-0.18287553,-0.0273,0,sim-465328fb3c944a1a583c37baa4669569-0,465328fb3c944a1a583c37baa4669569
2026-09-22T06:50:30.911Z,dry,ETH-USD,7,buy,2733.9,0.0091,24.87849,maker,0.00310981,quote-bid,2733.95,-0.000455,-0.18288891,-0.0182,-0.00091,sim-61d4985ee85b90631f726655e1debb91-0,61d4985ee85b90631f726655e1debb91
2026-09-22T06:50:31.484Z,dry,BTC-USD,6,buy,85441,0.00029,24.77789,maker,0.00309724,quote-bid,85441.5,-0.000145,-0.05851991,0.00058,0,sim-f4dcd54f00964d5ef62a283aac11131a-0,f4dcd54f00964d5ef62a283aac11131a
2026-09-22T06:50:33.213Z,dry,ETH-USD,7,buy,2733.7,0.0091,24.87667,maker,0.00310958,quote-bid,2733.75,-0.000455,-0.18290229,-0.0091,0.00091,sim-d74de5d84221753c0e7f9f950cb6832e-0,d74de5d84221753c0e7f9f950cb6832e
2026-09-22T06:50:33.214Z,dry,BTC-USD,6,buy,85439,0.00029,24.77731,maker,0.00309716,quote-bid,85439.5,-0.000145,-0.05852128,0.00087,0,sim-9571681b9ca4d2d438b8c9ee486ab98b-0,9571681b9ca4d2d438b8c9ee486ab98b
2026-09-22T06:50:34.169Z,dry,ETH-USD,7,sell,2733.5,0.0091,24.87485,maker,0.00310936,quote-ask,2733.45,-0.000455,-0.18291568,-0.0182,0,sim-8fe7b3ef1990c0a93125d5422a73fe00-0,8fe7b3ef1990c0a93125d5422a73fe00
2026-09-22T06:50:41.114Z,dry,ETH-USD,7,buy,2733.6,0.0091,24.87576,maker,0.00310947,quote-bid,2733.65,-0.000455,-0.18290898,-0.0091,0.000455,sim-9e54ef34cbfaede1c31a6d53ee1101ec-0,9e54ef34cbfaede1c31a6d53ee1101ec
2026-09-22T06:50:41.328Z,dry,ETH-USD,7,buy,2733.4,0.0091,24.87394,maker,0.00310924,quote-bid,2733.45,-0.000455,-0.18292237,0,0.002275,sim-0c73a6deb572c2c6d6def687ec255773-0,0c73a6deb572c2c6d6def687ec255773
2026-09-22T06:50:42.289Z,dry,ETH-USD,7,buy,2733,0.0091,24.8703,maker,0.00310879,quote-bid,2733.05,-0.000455,-0.18294914,0.0091,0,sim-05f052fdb316e07f9b4457d6703ddefd-0,05f052fdb316e07f9b4457d6703ddefd
2026-09-22T06:50:44.390Z,dry,ETH-USD,7,sell,2733,0.0091,24.8703,maker,0.00310879,quote-ask,2732.95,-0.000455,-0.18294914,0,0,sim-9f8b2a0d19ba7b819818ae9229aeaaa2-0,9f8b2a0d19ba7b819818ae9229aeaaa2
2026-09-22T06:50:49.034Z,dry,ETH-USD,7,sell,2733.1,0.0091,24.87121,maker,0.0031089,quote-ask,2733.05,-0.000455,-0.18294245,-0.0091,0,sim-8bde088bebb2a066553d66ded167b092-0,8bde088bebb2a066553d66ded167b092
2026-09-22T06:50:49.935Z,dry,ETH-USD,7,buy,2733.2,0.0091,24.87212,maker,0.00310902,quote-bid,2733.25,-0.000455,-0.18293575,0,-0.00091,sim-f3d862021a7ce8a91495204d94a88728-0,f3d862021a7ce8a91495204d94a88728
2026-09-22T06:50:52.499Z,dry,ETH-USD,7,sell,2733.2,0.0091,24.87212,maker,0.00310902,quote-ask,2733.15,-0.000455,-0.18293575,-0.0091,0,sim-975d3f37985dcc7e4ecf103d3244f2b4-0,975d3f37985dcc7e4ecf103d3244f2b4
2026-09-22T06:50:53.472Z,dry,ETH-USD,7,buy,2733.3,0.0091,24.87303,maker,0.00310913,quote-bid,2733.35,-0.000455,-0.18292906,0,-0.00091,sim-6ce097a90f6dfe9902bfd77497ce4bdd-0,6ce097a90f6dfe9902bfd77497ce4bdd
2026-09-22T06:50:58.313Z,dry,ETH-USD,7,buy,2733.2,0.0091,24.87212,maker,0.00310902,quote-bid,2733.25,-0.000455,-0.18293575,0.0091,0,sim-156661e558861c289125331d5dd9e57e-0,156661e558861c289125331d5dd9e57e
2026-09-22T06:50:59.601Z,dry,ETH-USD,7,sell,2732.8,0.0091,24.86848,maker,0.00310856,quote-ask,2732.75,-0.000455,-0.18296253,0,-0.00364,sim-20f24081490644ea9ce72f6f3923ed27-0,20f24081490644ea9ce72f6f3923ed27
2026-09-22T06:51:08.449Z,dry,ETH-USD,7,sell,2732.9,0.0091,24.86939,maker,0.00310867,quote-ask,2732.85,-0.000455,-0.18295583,-0.0091,0,sim-1f3187a6297fa696b17e4bcb0657daaf-0,1f3187a6297fa696b17e4bcb0657daaf
2026-09-22T06:51:14.936Z,dry,ETH-USD,7,sell,2733,0.0091,24.8703,maker,0.00310879,quote-ask,2732.95,-0.000455,-0.18294914,-0.0182,0,sim-d724d065d963118b80b7c87cb6223946-0,d724d065d963118b80b7c87cb6223946
2026-09-22T06:51:15.510Z,dry,ETH-USD,7,sell,2733.1,0.0091,24.87121,maker,0.0031089,quote-ask,2733.05,-0.000455,-0.18294245,-0.0273,0,sim-ea0d6858d0aceade7c6e08695c988581-0,ea0d6858d0aceade7c6e08695c988581
2026-09-22T06:51:18.478Z,dry,BTC-USD,6,sell,85414,0.00087,74.31018,taker,0.02972407,flatten-ioc,85414.5,0.000435,0.05853841,0,-0.017545,sim-e910d0d40ab8352048bbf1e873d1a26b-0,e910d0d40ab8352048bbf1e873d1a26b
2026-09-22T06:51:19.243Z,dry,BTC-USD,6,sell,85415,0.00029,24.77035,maker,0.00309629,quote-ask,85414.5,-0.000145,-0.05853773,-0.00029,0,sim-46c079f08795e26477d927c81c20172c-0,46c079f08795e26477d927c81c20172c
2026-09-22T06:51:23.420Z,dry,ETH-USD,7,buy,2733.6,0.0091,24.87576,maker,0.00310947,quote-bid,2733.65,-0.000455,-0.18290898,-0.0182,-0.00546,sim-44adb4125cc03d9fbc76af62cd032e47-0,44adb4125cc03d9fbc76af62cd032e47
2026-09-22T06:51:24.355Z,dry,ETH-USD,7,sell,2733.5,0.0091,24.87485,maker,0.00310936,quote-ask,2733.45,-0.000455,-0.18291568,-0.0273,0,sim-5be892a48ef2a13eacc52c1ec252cde9-0,5be892a48ef2a13eacc52c1ec252cde9
2026-09-22T06:51:46.791Z,dry,ETH-USD,7,buy,2734,0.0091,24.8794,maker,0.00310993,quote-bid,2734.05,-0.000455,-0.18288222,-0.0182,-0.00758333,sim-ec019e9b6676f44591c8ec519fa32e64-0,ec019e9b6676f44591c8ec519fa32e64
2026-09-22T06:51:49.239Z,dry,ETH-USD,7,buy,2733.8,0.0091,24.87758,maker,0.0031097,quote-bid,2733.85,-0.000455,-0.1828956,-0.0091,-0.00576333,sim-18f399b7dc095f25c3226eaa71d46396-0,18f399b7dc095f25c3226eaa71d46396
2026-09-22T06:51:50.025Z,dry,ETH-USD,7,buy,2733.7,0.0091,24.87667,maker,0.00310958,quote-bid,2733.75,-0.000455,-0.18290229,0,-0.00485333,sim-85659e3932a7164dff636d0547e59d4e-0,85659e3932a7164dff636d0547e59d4e
2026-09-22T06:51:50.387Z,dry,ETH-USD,7,buy,2733.5,0.0091,24.87485,maker,0.00310936,quote-bid,2733.55,-0.000455,-0.18291568,0.0091,0,sim-e43957eb8e1af1a158ffe167eb7d1a90-0,e43957eb8e1af1a158ffe167eb7d1a90
2026-09-22T06:52:02.116Z,dry,ETH-USD,7,buy,2733.4,0.0091,24.87394,maker,0.00310924,quote-bid,2733.45,-0.000455,-0.18292237,0.0182,0,sim-e28a422ee46c4a3c57850b6a0a6d80e2-0,e28a422ee46c4a3c57850b6a0a6d80e2
2026-09-22T06:52:03.005Z,dry,ETH-USD,7,buy,2733.3,0.0091,24.87303,maker,0.00310913,quote-bid,2733.35,-0.000455,-0.18292906,0.0273,0,sim-a90aa1c1ce8eb0baaafab1b3bd6175f5-0,a90aa1c1ce8eb0baaafab1b3bd6175f5
