ts,mode,symbol,iid,action,side,price,qty,intent,reason,coid
2026-09-22T06:27:58.761Z,dry,BTC-USD,6,place,buy,85270,0.00029,quote-bid,join best,130f7632d6d456068984a7aedb295e95
2026-09-22T06:27:58.849Z,dry,BTC-USD,6,place,sell,85271,0.00029,quote-ask,join best,e4f87d0c962503ba1cb153eb316946a1
2026-09-22T06:27:58.943Z,dry,ETH-USD,7,place,buy,2728.4,0.0091,quote-bid,join best,8a0db0d5b8739705ea7ec1bc0bb5448d
2026-09-22T06:27:59.038Z,dry,ETH-USD,7,place,sell,2728.5,0.0091,quote-ask,join best,9cfecb475e50cd14aaa19b6e1ce8629f
2026-09-22T06:28:02.001Z,dry,BTC-USD,6,place,sell,85284,0.00029,quote-ask,join best,2a71071088a89d69d6938aa3e991cdef
2026-09-22T06:28:02.089Z,dry,ETH-USD,7,cancel,buy,2728.4,0.0091,quote-bid,target moved 2728.4 -> 2728.8,8a0db0d5b8739705ea7ec1bc0bb5448d
2026-09-22T06:28:02.188Z,dry,ETH-USD,7,place,buy,2728.8,0.0091,quote-bid,rejoin best,861ba48448525bae8c775630f297e7ad
2026-09-22T06:28:02.279Z,dry,ETH-USD,7,place,sell,2728.9,0.0091,quote-ask,join best,89289f739a2800a2cd0b942a38aa0c5e
2026-09-22T06:28:02.810Z,dry,BTC-USD,6,cancel,buy,85270,0.00029,quote-bid,target moved 85270 -> 85282,130f7632d6d456068984a7aedb295e95
2026-09-22T06:28:02.902Z,dry,BTC-USD,6,cancel,sell,85284,0.00029,quote-ask,target moved 85284 -> 85283,2a71071088a89d69d6938aa3e991cdef
2026-09-22T06:28:03.000Z,dry,BTC-USD,6,place,buy,85282,0.00029,quote-bid,rejoin best,371310757cbd864132a35fbda11d1802
2026-09-22T06:28:03.093Z,dry,BTC-USD,6,place,sell,85283,0.00029,quote-ask,rejoin best,81819eecaf3560d7a2677c314f5ebacd
2026-09-22T06:28:04.028Z,dry,ETH-USD,7,place,sell,2729,0.0091,quote-ask,join best,b25415e4e4b08a7a30a6c08fa703339a
2026-09-22T06:28:04.434Z,dry,ETH-USD,7,cancel,buy,2728.8,0.0091,quote-bid,target moved 2728.8 -> 2728.9,861ba48448525bae8c775630f297e7ad
2026-09-22T06:28:04.534Z,dry,ETH-USD,7,place,buy,2728.9,0.0091,quote-bid,rejoin best,45faae8f9ab55e1267afe7d671d8b665
2026-09-22T06:28:04.844Z,dry,BTC-USD,6,place,sell,85288,0.00029,quote-ask,join best,9d4deafca45178802906ea8c159b31ce
2026-09-22T06:28:05.450Z,dry,BTC-USD,6,cancel,buy,85282,0.00029,quote-bid,target moved 85282 -> 85297,371310757cbd864132a35fbda11d1802
2026-09-22T06:28:05.545Z,dry,BTC-USD,6,place,buy,85297,0.00029,quote-bid,rejoin best,300fd768264251b0c6620dd06aa7a170
2026-09-22T06:28:26.316Z,dry,BTC-USD,6,cancel,buy,85297,0.00029,quote-bid,target moved 85297 -> 85299,300fd768264251b0c6620dd06aa7a170
2026-09-22T06:28:26.411Z,dry,BTC-USD,6,place,buy,85299,0.00029,quote-bid,rejoin best,a99988098060d73ec434ecf806f3f1e7
2026-09-22T06:28:27.132Z,dry,BTC-USD,6,cancel,buy,85299,0.00029,quote-bid,target moved 85299 -> 85303,a99988098060d73ec434ecf806f3f1e7
2026-09-22T06:28:27.228Z,dry,BTC-USD,6,place,buy,85303,0.00029,quote-bid,rejoin best,9af3fd6170f6414b9470baa5e8390f99
2026-09-22T06:28:58.991Z,dry,BTC-USD,6,place,buy,85295,0.00029,quote-bid,join best,36b726e328b27a54040c435939c1bf6b
2026-09-22T06:28:59.093Z,dry,BTC-USD,6,place,sell,85297,0.00029,quote-ask,join best,3c27707b0c356aae9338f87ff708ebb5
2026-09-22T06:28:59.197Z,dry,BTC-USD,6,place,buy,85286,0.00029,quote-bid,join best,1bb1a0afaffcf11a2b324788ce161b26
2026-09-22T06:28:59.282Z,dry,ETH-USD,7,cancel,sell,2729,0.0091,quote-ask,target moved 2729 -> 2728.8,b25415e4e4b08a7a30a6c08fa703339a
2026-09-22T06:28:59.381Z,dry,ETH-USD,7,place,buy,2728.3,0.0091,quote-bid,join best,5e5f270353794af85c3599036fd85ab3
2026-09-22T06:28:59.472Z,dry,ETH-USD,7,place,sell,2728.8,0.0091,quote-ask,rejoin best,0b6696dc9ef39834d050e2d9573f09c6
2026-09-22T06:28:59.599Z,dry,BTC-USD,6,place,buy,85281,0.00029,quote-bid,join best,c4ccb19750360295701c1c0e7a120e3c
2026-09-22T06:29:00.007Z,dry,BTC-USD,6,cancel,sell,85297,0.00029,quote-ask,target moved 85297 -> 85282,3c27707b0c356aae9338f87ff708ebb5
2026-09-22T06:29:00.101Z,dry,BTC-USD,6,place,sell,85282,0.00029,quote-ask,rejoin best,984238cfab76399b99563a74ec129c79
2026-09-22T06:29:00.194Z,dry,ETH-USD,7,cancel,buy,2728.3,0.0091,quote-bid,target moved 2728.3 -> 2728.7,5e5f270353794af85c3599036fd85ab3
2026-09-22T06:29:00.290Z,dry,ETH-USD,7,place,buy,2728.7,0.0091,quote-bid,rejoin best,4a75293ca1e843beea2227e4a72631d4
2026-09-22T06:29:01.429Z,dry,ETH-USD,7,place,sell,2728.9,0.0091,quote-ask,join best,d0e7f96b2cc618bc092d1646de07bf37
2026-09-22T06:29:01.632Z,dry,ETH-USD,7,place,buy,2728.6,0.0091,quote-bid,join best,fe7dc75461eb088d1e4ef22a47cf2162
2026-09-22T06:29:02.032Z,dry,ETH-USD,7,cancel,sell,2728.9,0.0091,quote-ask,target moved 2728.9 -> 2728.7,d0e7f96b2cc618bc092d1646de07bf37
2026-09-22T06:29:02.125Z,dry,ETH-USD,7,place,sell,2728.7,0.0091,quote-ask,rejoin best,ac98c7d6b50cd7a40949d4c763476a28
2026-09-22T06:29:02.233Z,dry,ETH-USD,7,cancel,buy,2728.6,0.0091,quote-bid,flatten owns instrument,fe7dc75461eb088d1e4ef22a47cf2162
2026-09-22T06:29:02.325Z,dry,ETH-USD,7,cancel,sell,2728.7,0.0091,quote-ask,flatten owns instrument,ac98c7d6b50cd7a40949d4c763476a28
2026-09-22T06:29:02.422Z,dry,ETH-USD,7,place,buy,2728.6,0.0091,flatten-post,passive exit,a81f121f0c7fd7cd5ec3e90585279022
2026-09-22T06:29:02.843Z,dry,BTC-USD,6,place,sell,85291,0.00029,quote-ask,join best,781c508691f922de041571c17e66f2a0
2026-09-22T06:29:02.934Z,dry,ETH-USD,7,cancel,buy,2728.6,0.0091,flatten-post,re-peg flatten,a81f121f0c7fd7cd5ec3e90585279022
2026-09-22T06:29:03.045Z,dry,ETH-USD,7,place,buy,2728.9,0.0091,flatten-post,passive exit,8e873928e1040f4bf58a8cd48988abbf
2026-09-22T06:29:03.245Z,dry,BTC-USD,6,cancel,buy,85281,0.00029,quote-bid,target moved 85281 -> 85290,c4ccb19750360295701c1c0e7a120e3c
2026-09-22T06:29:03.343Z,dry,BTC-USD,6,place,buy,85290,0.00029,quote-bid,rejoin best,d58b1e2fa279c25c0d9225d237d9c81a
2026-09-22T06:29:17.237Z,dry,ETH-USD,7,cancel,buy,2728.9,0.0091,flatten-post,flatten escalating to taker,8e873928e1040f4bf58a8cd48988abbf
2026-09-22T06:29:17.442Z,dry,BTC-USD,6,place,sell,85298,0.00029,quote-ask,join best,5a9e638a8d8811f4a335fdcbfd8174d6
2026-09-22T06:29:17.842Z,dry,BTC-USD,6,cancel,buy,85290,0.00029,quote-bid,target moved 85290 -> 85297,d58b1e2fa279c25c0d9225d237d9c81a
2026-09-22T06:29:17.938Z,dry,BTC-USD,6,place,buy,85297,0.00029,quote-bid,rejoin best,e0a907bec00c35eea264d5ca24535bb1
2026-09-22T06:29:18.248Z,dry,ETH-USD,7,place,buy,2730.3,0.0091,flatten-ioc,taker exit (passive window elapsed),419789f036b55e949dad0665e818dd35
2026-09-22T06:29:18.448Z,dry,ETH-USD,7,place,buy,2728.9,0.0091,quote-bid,join best,9252f618028f149d02df8bae291f2d54
2026-09-22T06:29:18.549Z,dry,ETH-USD,7,place,sell,2729,0.0091,quote-ask,join best,0500f55c56741fc87fa45f3d36b1671d
2026-09-22T06:29:19.254Z,dry,BTC-USD,6,cancel,buy,85297,0.00029,quote-bid,target moved 85297 -> 85304,e0a907bec00c35eea264d5ca24535bb1
2026-09-22T06:29:19.350Z,dry,BTC-USD,6,place,buy,85304,0.00029,quote-bid,rejoin best,104741e68021259552903d7db3be7418
2026-09-22T06:29:24.338Z,dry,ETH-USD,7,place,sell,2730.1,0.0091,quote-ask,join best,c03027c799018e98a62317742c4df7f2
2026-09-22T06:29:24.743Z,dry,BTC-USD,6,cancel,buy,85304,0.00029,quote-bid,target moved 85304 -> 85319,104741e68021259552903d7db3be7418
2026-09-22T06:29:24.834Z,dry,BTC-USD,6,place,buy,85319,0.00029,quote-bid,rejoin best,c036e081c6b43969af85c35ca67f6e77
2026-09-22T06:29:24.930Z,dry,ETH-USD,7,cancel,buy,2728.9,0.0091,quote-bid,target moved 2728.9 -> 2729.9,9252f618028f149d02df8bae291f2d54
2026-09-22T06:29:25.024Z,dry,ETH-USD,7,cancel,sell,2730.1,0.0091,quote-ask,target moved 2730.1 -> 2730,c03027c799018e98a62317742c4df7f2
2026-09-22T06:29:25.121Z,dry,ETH-USD,7,place,buy,2729.9,0.0091,quote-bid,rejoin best,ba74259b6745b99b34649c155f997d41
2026-09-22T06:29:25.215Z,dry,ETH-USD,7,place,sell,2730,0.0091,quote-ask,rejoin best,0e048edeb1c4d21c51ce1a475ef6c678
2026-09-22T06:29:25.353Z,dry,ETH-USD,7,place,buy,2729.7,0.0091,quote-bid,join best,3e00bfd7ee72a9abba296a47d5477ec2
2026-09-22T06:29:25.556Z,dry,BTC-USD,6,place,buy,85312,0.00029,quote-bid,join best,9edbfd4f34a590611ef4b0dbe93c4b21
2026-09-22T06:29:25.650Z,dry,BTC-USD,6,place,sell,85313,0.00029,quote-ask,join best,21ad1b70787b348e7d3a7526b70dbcb5
2026-09-22T06:29:25.760Z,dry,ETH-USD,7,cancel,sell,2730,0.0091,quote-ask,target moved 2730 -> 2729.8,0e048edeb1c4d21c51ce1a475ef6c678
2026-09-22T06:29:25.855Z,dry,ETH-USD,7,place,sell,2729.8,0.0091,quote-ask,rejoin best,01071bb806b35ed6cab2de3632fa6f8b
2026-09-22T06:29:27.783Z,dry,ETH-USD,7,place,sell,2730,0.0091,quote-ask,join best,3909c87e7e1a36a610b2a2c9dea3bf27
2026-09-22T06:29:28.187Z,dry,ETH-USD,7,cancel,buy,2729.7,0.0091,quote-bid,target moved 2729.7 -> 2729.9,3e00bfd7ee72a9abba296a47d5477ec2
2026-09-22T06:29:28.284Z,dry,ETH-USD,7,place,buy,2729.9,0.0091,quote-bid,rejoin best,db1054be7c67196dad058b3c320f1940
2026-09-22T06:29:31.429Z,dry,ETH-USD,7,place,sell,2730.2,0.0091,quote-ask,join best,d40fa1588d88da031b3239c978789b6a
2026-09-22T06:29:31.832Z,dry,ETH-USD,7,cancel,buy,2729.9,0.0091,quote-bid,target moved 2729.9 -> 2730.1,db1054be7c67196dad058b3c320f1940
2026-09-22T06:29:31.928Z,dry,ETH-USD,7,place,buy,2730.1,0.0091,quote-bid,rejoin best,3cdba692c8ba7b64c3adf373c2e2ef4c
2026-09-22T06:29:33.052Z,dry,BTC-USD,6,cancel,buy,85312,0.00029,quote-bid,target moved 85312 -> 85315,9edbfd4f34a590611ef4b0dbe93c4b21
2026-09-22T06:29:33.147Z,dry,BTC-USD,6,place,buy,85315,0.00029,quote-bid,rejoin best,ac61168e0f3f197b1fae33657674c4ee
2026-09-22T06:29:44.812Z,dry,BTC-USD,6,cancel,buy,85315,0.00029,quote-bid,target moved 85315 -> 85320,ac61168e0f3f197b1fae33657674c4ee
2026-09-22T06:29:44.902Z,dry,BTC-USD,6,place,buy,85320,0.00029,quote-bid,rejoin best,a3540423c50f88e06ebc797f9e53db15
2026-09-22T06:29:45.834Z,dry,BTC-USD,6,cancel,buy,85320,0.00029,quote-bid,target moved 85320 -> 85328,a3540423c50f88e06ebc797f9e53db15
2026-09-22T06:29:45.928Z,dry,BTC-USD,6,place,buy,85328,0.00029,quote-bid,rejoin best,6f0b5ace8ae33e6410070bb5bbd529e1
2026-09-22T06:29:46.445Z,dry,ETH-USD,7,place,buy,2729.9,0.0091,quote-bid,join best,9fad972d6dac98045a82eb9e0eb7d2bf
2026-09-22T06:29:46.850Z,dry,ETH-USD,7,cancel,sell,2730.2,0.0091,quote-ask,target moved 2730.2 -> 2730,d40fa1588d88da031b3239c978789b6a
2026-09-22T06:29:46.962Z,dry,ETH-USD,7,place,sell,2730,0.0091,quote-ask,rejoin best,7fa3438639315c6f5ca8ececcfb390b8
2026-09-22T06:29:50.321Z,dry,ETH-USD,7,place,sell,2730.2,0.0091,quote-ask,join best,3569b759cbc88d544c683fc7fd22ffb3
2026-09-22T06:29:50.731Z,dry,ETH-USD,7,cancel,buy,2729.9,0.0091,quote-bid,target moved 2729.9 -> 2730.1,9fad972d6dac98045a82eb9e0eb7d2bf
2026-09-22T06:29:50.827Z,dry,ETH-USD,7,place,buy,2730.1,0.0091,quote-bid,rejoin best,a326bb45130a5374b5383e311d11a77d
2026-09-22T06:29:54.383Z,dry,BTC-USD,6,cancel,buy,85328,0.00029,quote-bid,target moved 85328 -> 85336,6f0b5ace8ae33e6410070bb5bbd529e1
2026-09-22T06:29:54.480Z,dry,BTC-USD,6,place,buy,85336,0.00029,quote-bid,rejoin best,fe4a15214bf78e3c387dd9d1d4be33f3
2026-09-22T06:29:56.007Z,dry,BTC-USD,6,cancel,buy,85336,0.00029,quote-bid,target moved 85336 -> 85341,fe4a15214bf78e3c387dd9d1d4be33f3
2026-09-22T06:29:56.101Z,dry,BTC-USD,6,place,buy,85341,0.00029,quote-bid,rejoin best,d62854c4422371089914ebdc53fdce7e
2026-09-22T06:30:01.268Z,dry,ETH-USD,7,place,buy,2729.7,0.0091,quote-bid,join best,4ad510b94aabd3eead3b5836591b2a93
2026-09-22T06:30:01.680Z,dry,ETH-USD,7,cancel,sell,2730.2,0.0091,quote-ask,target moved 2730.2 -> 2729.8,3569b759cbc88d544c683fc7fd22ffb3
2026-09-22T06:30:01.777Z,dry,ETH-USD,7,place,sell,2729.8,0.0091,quote-ask,rejoin best,231c63a47d6bdd85bbdeb8bd556ffe68
2026-09-22T06:30:01.886Z,dry,BTC-USD,6,place,buy,85336,0.00029,quote-bid,join best,20457296a2ba737a7e5e8800c3b9d148
2026-09-22T06:30:01.979Z,dry,BTC-USD,6,place,sell,85337,0.00029,quote-ask,join best,ad74c26f11f9f4bfcaa78befcdc8f9c2
2026-09-22T06:30:02.492Z,dry,ETH-USD,7,place,buy,2729,0.0091,quote-bid,join best,6f199fc7a169270dd56e4531fe4ab855
2026-09-22T06:30:02.899Z,dry,BTC-USD,6,cancel,buy,85336,0.00029,quote-bid,flatten owns instrument,20457296a2ba737a7e5e8800c3b9d148
2026-09-22T06:30:02.992Z,dry,BTC-USD,6,cancel,sell,85337,0.00029,quote-ask,flatten owns instrument,ad74c26f11f9f4bfcaa78befcdc8f9c2
2026-09-22T06:30:03.087Z,dry,BTC-USD,6,place,buy,85336,0.00058,flatten-post,passive exit,ac33486c1a3658d034c10c50ba809c62
2026-09-22T06:30:03.305Z,dry,ETH-USD,7,cancel,buy,2729,0.0091,quote-bid,target moved 2729 -> 2729.3,6f199fc7a169270dd56e4531fe4ab855
2026-09-22T06:30:03.398Z,dry,ETH-USD,7,cancel,sell,2729.8,0.0091,quote-ask,target moved 2729.8 -> 2729.4,231c63a47d6bdd85bbdeb8bd556ffe68
2026-09-22T06:30:03.493Z,dry,ETH-USD,7,place,buy,2729.3,0.0091,quote-bid,rejoin best,276b0fcebb72685346a33af6655bb6b6
2026-09-22T06:30:03.602Z,dry,ETH-USD,7,place,sell,2729.4,0.0091,quote-ask,rejoin best,754c26fec84d2c2a0419c52ee69c9066
2026-09-22T06:30:05.351Z,dry,ETH-USD,7,place,sell,2729.8,0.0091,quote-ask,join best,fe5815a8f714cd0cae0e2b40d9af59b3
2026-09-22T06:30:05.955Z,dry,ETH-USD,7,cancel,buy,2729.3,0.0091,quote-bid,target moved 2729.3 -> 2729.7,276b0fcebb72685346a33af6655bb6b6
2026-09-22T06:30:06.044Z,dry,ETH-USD,7,place,buy,2729.7,0.0091,quote-bid,rejoin best,08bb8585c8e9fdb0eb331c3d7dec7051
2026-09-22T06:30:06.369Z,dry,ETH-USD,7,place,buy,2729.5,0.0091,quote-bid,join best,e26e73e8aa1ef693e4144bde08a96439
2026-09-22T06:30:06.769Z,dry,ETH-USD,7,cancel,sell,2729.8,0.0091,quote-ask,target moved 2729.8 -> 2729.6,fe5815a8f714cd0cae0e2b40d9af59b3
2026-09-22T06:30:06.866Z,dry,ETH-USD,7,place,sell,2729.6,0.0091,quote-ask,rejoin best,eef431365f18c5cc99c4396ca820e8f1
2026-09-22T06:30:07.384Z,dry,ETH-USD,7,place,sell,2729.8,0.0091,quote-ask,join best,d2f62c72eb328b3f634466b527c95765
2026-09-22T06:30:07.788Z,dry,ETH-USD,7,cancel,buy,2729.5,0.0091,quote-bid,target moved 2729.5 -> 2729.7,e26e73e8aa1ef693e4144bde08a96439
2026-09-22T06:30:07.881Z,dry,ETH-USD,7,place,buy,2729.7,0.0091,quote-bid,rejoin best,cdf92912ccaba77d70a1ae7271936985
2026-09-22T06:30:08.190Z,dry,ETH-USD,7,place,sell,2730,0.0091,quote-ask,join best,69bd30e717abc29e85293bd03f686446
2026-09-22T06:30:08.391Z,dry,BTC-USD,6,cancel,buy,85336,0.00058,flatten-post,re-peg flatten,ac33486c1a3658d034c10c50ba809c62
2026-09-22T06:30:08.595Z,dry,BTC-USD,6,place,buy,85340,0.00058,flatten-post,passive exit,a372f23d04ca48fb3d81eb81e27e7c84
2026-09-22T06:30:08.686Z,dry,ETH-USD,7,cancel,buy,2729.7,0.0091,quote-bid,target moved 2729.7 -> 2729.9,cdf92912ccaba77d70a1ae7271936985
2026-09-22T06:30:08.784Z,dry,ETH-USD,7,place,buy,2729.9,0.0091,quote-bid,rejoin best,dfb17ad2647f6b7039f88b40a8b52c3d
2026-09-22T06:30:10.632Z,dry,ETH-USD,7,place,buy,2729.7,0.0091,quote-bid,join best,c49093243889d0f35529d796b52a486e
2026-09-22T06:30:11.442Z,dry,ETH-USD,7,cancel,sell,2730,0.0091,quote-ask,target moved 2730 -> 2729.8,69bd30e717abc29e85293bd03f686446
2026-09-22T06:30:11.537Z,dry,ETH-USD,7,place,sell,2729.8,0.0091,quote-ask,rejoin best,a01094bb354b1f92c61d7497692814a9
2026-09-22T06:30:11.648Z,dry,ETH-USD,7,place,buy,2729.6,0.0091,quote-bid,join best,f52f184124a57d41ba3aab2a90ae8521
2026-09-22T06:30:12.058Z,dry,ETH-USD,7,cancel,sell,2729.8,0.0091,quote-ask,target moved 2729.8 -> 2729.7,a01094bb354b1f92c61d7497692814a9
2026-09-22T06:30:12.153Z,dry,ETH-USD,7,place,sell,2729.7,0.0091,quote-ask,rejoin best,02743fce06f8bd6e22aa43248e9d794b
2026-09-22T06:30:13.077Z,dry,BTC-USD,6,place,buy,85337,0.00029,quote-bid,join best,a6eb7210c5911c6eb4c0ec916cc16600
2026-09-22T06:30:13.172Z,dry,BTC-USD,6,place,sell,85338,0.00029,quote-ask,join best,5f72e0c04c1270f6625a7517e3c762e8
2026-09-22T06:30:13.265Z,dry,ETH-USD,7,place,buy,2729.5,0.0091,quote-bid,join best,a29588628dbefed70dce00fef21adb5d
2026-09-22T06:30:13.484Z,dry,ETH-USD,7,cancel,sell,2729.7,0.0091,quote-ask,target moved 2729.7 -> 2729.6,02743fce06f8bd6e22aa43248e9d794b
2026-09-22T06:30:13.579Z,dry,ETH-USD,7,place,sell,2729.6,0.0091,quote-ask,rejoin best,eff5adc449aa657e8c53654f4646b70d
2026-09-22T06:30:14.903Z,dry,ETH-USD,7,place,buy,2728.9,0.0091,quote-bid,join best,eb1e3ed7d8da50d44c99eac4a4d29e0a
2026-09-22T06:30:15.108Z,dry,BTC-USD,6,place,buy,85330,0.00029,quote-bid,join best,31c52d2920fab31275a9e469a30c5d72
2026-09-22T06:30:15.512Z,dry,BTC-USD,6,cancel,sell,85338,0.00029,quote-ask,target moved 85338 -> 85331,5f72e0c04c1270f6625a7517e3c762e8
2026-09-22T06:30:15.607Z,dry,BTC-USD,6,place,sell,85331,0.00029,quote-ask,rejoin best,d80aad280af863f0c1e793aa6b9d57e3
2026-09-22T06:30:15.699Z,dry,ETH-USD,7,cancel,buy,2728.9,0.0091,quote-bid,target moved 2728.9 -> 2729,eb1e3ed7d8da50d44c99eac4a4d29e0a
2026-09-22T06:30:15.795Z,dry,ETH-USD,7,cancel,sell,2729.6,0.0091,quote-ask,target moved 2729.6 -> 2729.1,eff5adc449aa657e8c53654f4646b70d
2026-09-22T06:30:15.891Z,dry,ETH-USD,7,place,buy,2729,0.0091,quote-bid,rejoin best,b7149913b19276ea7295261827569c65
2026-09-22T06:30:15.985Z,dry,ETH-USD,7,place,sell,2729.1,0.0091,quote-ask,rejoin best,98370e1ca6247f4cbc00ca244102b62d
2026-09-22T06:30:18.154Z,dry,BTC-USD,6,place,buy,85321,0.00029,quote-bid,join best,43e94b2e0ed8a773595523043435d699
2026-09-22T06:30:18.557Z,dry,BTC-USD,6,cancel,sell,85331,0.00029,quote-ask,target moved 85331 -> 85322,d80aad280af863f0c1e793aa6b9d57e3
2026-09-22T06:30:18.652Z,dry,BTC-USD,6,place,sell,85322,0.00029,quote-ask,rejoin best,fd7b52c237f621be94c0c26353243dcf
2026-09-22T06:30:18.745Z,dry,ETH-USD,7,cancel,sell,2729.1,0.0091,quote-ask,target moved 2729.1 -> 2728.9,98370e1ca6247f4cbc00ca244102b62d
2026-09-22T06:30:18.839Z,dry,ETH-USD,7,place,sell,2728.9,0.0091,quote-ask,rejoin best,14864a629bf4c719d11f598b9fadc837
2026-09-22T06:30:20.586Z,dry,BTC-USD,6,cancel,sell,85322,0.00029,quote-ask,target moved 85322 -> 85317,fd7b52c237f621be94c0c26353243dcf
2026-09-22T06:30:20.682Z,dry,BTC-USD,6,place,sell,85317,0.00029,quote-ask,rejoin best,349d7673e64710a90ea2c470da57aaee
2026-09-22T06:30:20.775Z,dry,ETH-USD,7,cancel,sell,2728.9,0.0091,quote-ask,target moved 2728.9 -> 2728.6,14864a629bf4c719d11f598b9fadc837
2026-09-22T06:30:20.868Z,dry,ETH-USD,7,place,sell,2728.6,0.0091,quote-ask,rejoin best,f2f430445d3038735dcd42bb47ca30b1
2026-09-22T06:30:23.019Z,dry,ETH-USD,7,place,buy,2728.6,0.0091,quote-bid,join best,432290da3116ed7a4235e1d301f2ac30
2026-09-22T06:30:23.112Z,dry,ETH-USD,7,place,sell,2728.7,0.0091,quote-ask,join best,957019e55d5bb93e9d9cc89fe31dad0b
2026-09-22T06:30:26.655Z,dry,ETH-USD,7,cancel,sell,2728.7,0.0091,quote-ask,target moved 2728.7 -> 2728.6,957019e55d5bb93e9d9cc89fe31dad0b
2026-09-22T06:30:26.751Z,dry,ETH-USD,7,place,sell,2728.6,0.0091,quote-ask,rejoin best,907e97c28578740d7bae73ee9506e478
2026-09-22T06:30:30.104Z,dry,ETH-USD,7,cancel,sell,2728.6,0.0091,quote-ask,target moved 2728.6 -> 2728.5,907e97c28578740d7bae73ee9506e478
2026-09-22T06:30:30.200Z,dry,ETH-USD,7,place,sell,2728.5,0.0091,quote-ask,rejoin best,9b96d4fc6e4be049aaa3afb8253225fc
2026-09-22T06:30:32.746Z,dry,ETH-USD,7,place,buy,2728.5,0.0091,quote-bid,join best,07fff3828b115dd39f1949dc15e1b7aa
2026-09-22T06:30:32.839Z,dry,ETH-USD,7,place,sell,2728.7,0.0091,quote-ask,join best,fac286ffc4c6494f57ebd5136b3d74e7
2026-09-22T06:30:33.351Z,dry,ETH-USD,7,cancel,buy,2728.5,0.0091,quote-bid,target moved 2728.5 -> 2728.6,07fff3828b115dd39f1949dc15e1b7aa
2026-09-22T06:30:33.446Z,dry,ETH-USD,7,place,buy,2728.6,0.0091,quote-bid,rejoin best,0b95b8e12ca51191c1985d08766b2542
2026-09-22T06:30:34.567Z,dry,ETH-USD,7,cancel,sell,2728.7,0.0091,quote-ask,target moved 2728.7 -> 2728.6,fac286ffc4c6494f57ebd5136b3d74e7
2026-09-22T06:30:34.660Z,dry,ETH-USD,7,place,sell,2728.6,0.0091,quote-ask,rejoin best,91de3b0f21b96b470fb7d973c1bb9931
2026-09-22T06:30:43.907Z,dry,ETH-USD,7,place,buy,2728.7,0.0091,quote-bid,join best,f1eb557c28afc8339aa9ae1e9c77e011
2026-09-22T06:30:44.001Z,dry,ETH-USD,7,place,sell,2728.8,0.0091,quote-ask,join best,a66f2b2800c02193b6efa6eb8b758e8a
2026-09-22T06:30:48.159Z,dry,ETH-USD,7,place,sell,2728.9,0.0091,quote-ask,join best,10c7623e116011d2c6e01c7de98e5278
2026-09-22T06:30:48.568Z,dry,ETH-USD,7,cancel,buy,2728.7,0.0091,quote-bid,target moved 2728.7 -> 2728.8,f1eb557c28afc8339aa9ae1e9c77e011
2026-09-22T06:30:48.664Z,dry,ETH-USD,7,place,buy,2728.8,0.0091,quote-bid,rejoin best,254fa262eb260c305e1247c362fade86
2026-09-22T06:30:56.535Z,dry,ETH-USD,7,place,buy,2728.7,0.0091,quote-bid,join best,e40e1cd3eb29c22c6237c8a3cfeb1cf8
2026-09-22T06:30:56.929Z,dry,ETH-USD,7,cancel,sell,2728.9,0.0091,quote-ask,target moved 2728.9 -> 2728.8,10c7623e116011d2c6e01c7de98e5278
2026-09-22T06:30:57.024Z,dry,ETH-USD,7,place,sell,2728.8,0.0091,quote-ask,rejoin best,07a75fbd4f0b95232e210bcf54a443e8
2026-09-22T06:31:00.570Z,dry,BTC-USD,6,place,buy,85319,0.00029,quote-bid,join best,3c401dea3d28ec76a7e5274c5b6c1049
2026-09-22T06:31:00.655Z,dry,BTC-USD,6,place,sell,85320,0.00029,quote-ask,join best,126fffef9d8f6ce69b322782e86ceece
2026-09-22T06:31:00.740Z,dry,BTC-USD,6,reject,sell,85320,0.00029,quote-ask,post only order would cross,126fffef9d8f6ce69b322782e86ceece
2026-09-22T06:31:00.747Z,dry,ETH-USD,7,place,sell,2729.5,0.0091,quote-ask,join best,01ab0d22e7326320ca72a5e0c2263c01
2026-09-22T06:31:00.972Z,dry,BTC-USD,6,place,sell,85334,0.00029,quote-ask,join best,89330be53e885cdd33591ced6436439c
2026-09-22T06:31:01.380Z,dry,BTC-USD,6,cancel,buy,85319,0.00029,quote-bid,target moved 85319 -> 85333,3c401dea3d28ec76a7e5274c5b6c1049
2026-09-22T06:31:01.471Z,dry,BTC-USD,6,place,buy,85333,0.00029,quote-bid,rejoin best,fa6cd583e90555159cfaecf64fd25fc7
2026-09-22T06:31:01.566Z,dry,ETH-USD,7,cancel,buy,2728.7,0.0091,quote-bid,target moved 2728.7 -> 2729.4,e40e1cd3eb29c22c6237c8a3cfeb1cf8
2026-09-22T06:31:01.661Z,dry,ETH-USD,7,place,buy,2729.4,0.0091,quote-bid,rejoin best,0d2bd13bcdf8b12a0153dbe80ad44517
2026-09-22T06:31:02.392Z,dry,ETH-USD,7,place,buy,2729.1,0.0091,quote-bid,join best,7211c32f91ee8f00e2aece0cd3a43a99
2026-09-22T06:31:02.796Z,dry,ETH-USD,7,cancel,sell,2729.5,0.0091,quote-ask,target moved 2729.5 -> 2729.2,01ab0d22e7326320ca72a5e0c2263c01
2026-09-22T06:31:02.885Z,dry,ETH-USD,7,place,sell,2729.2,0.0091,quote-ask,rejoin best,429dce5fa603c11373fa7e4a84e2ddc8
2026-09-22T06:31:03.399Z,dry,BTC-USD,6,cancel,sell,85334,0.00029,quote-ask,target moved 85334 -> 85331,89330be53e885cdd33591ced6436439c
2026-09-22T06:31:03.494Z,dry,BTC-USD,6,place,sell,85331,0.00029,quote-ask,rejoin best,93d385d277f32c90653442ec9cd4bdbe
2026-09-22T06:31:03.807Z,dry,ETH-USD,7,cancel,sell,2729.2,0.0091,quote-ask,target moved 2729.2 -> 2729,429dce5fa603c11373fa7e4a84e2ddc8
2026-09-22T06:31:03.901Z,dry,ETH-USD,7,place,sell,2729,0.0091,quote-ask,rejoin best,e855d2705900d03bc0988701ccbea010
2026-09-22T06:31:07.053Z,dry,BTC-USD,6,cancel,sell,85331,0.00029,quote-ask,target moved 85331 -> 85329,93d385d277f32c90653442ec9cd4bdbe
2026-09-22T06:31:07.148Z,dry,BTC-USD,6,place,sell,85329,0.00029,quote-ask,rejoin best,dbfce6ab9cf195af9799357be3ce0995
2026-09-22T06:31:08.675Z,dry,BTC-USD,6,cancel,sell,85329,0.00029,quote-ask,target moved 85329 -> 85316,dbfce6ab9cf195af9799357be3ce0995
2026-09-22T06:31:08.770Z,dry,BTC-USD,6,place,sell,85316,0.00029,quote-ask,rejoin best,23f4ea260bf62272b3311a5683955224
2026-09-22T06:31:08.863Z,dry,ETH-USD,7,cancel,sell,2729,0.0091,quote-ask,target moved 2729 -> 2728.3,e855d2705900d03bc0988701ccbea010
2026-09-22T06:31:08.958Z,dry,ETH-USD,7,place,sell,2728.3,0.0091,quote-ask,rejoin best,9bc2dda600a1836e5a1ddd1be7e4cbe4
2026-09-22T06:31:09.899Z,dry,ETH-USD,7,place,buy,2728.3,0.0091,quote-bid,join best,501d7358514ba077595392c8933649b1
2026-09-22T06:31:09.985Z,dry,ETH-USD,7,place,sell,2728.8,0.0091,quote-ask,join best,e287b27da14aac14adb7ae753a547888
2026-09-22T06:31:10.102Z,dry,BTC-USD,6,place,buy,85318,0.00029,quote-bid,join best,010aaf1366b16e14feeb98f38a04fe1c
2026-09-22T06:31:10.188Z,dry,BTC-USD,6,place,sell,85319,0.00029,quote-ask,join best,52ff22d10baa7772a9525689e63c2dd5
2026-09-22T06:31:10.284Z,dry,BTC-USD,6,reject,sell,85319,0.00029,quote-ask,post only order would cross,52ff22d10baa7772a9525689e63c2dd5
2026-09-22T06:31:10.301Z,dry,BTC-USD,6,place,sell,85324,0.00029,quote-ask,join best,927558d4915ec1babc00b0f126848b8e
2026-09-22T06:31:10.502Z,dry,ETH-USD,7,cancel,buy,2728.3,0.0091,quote-bid,target moved 2728.3 -> 2728.6,501d7358514ba077595392c8933649b1
2026-09-22T06:31:10.594Z,dry,ETH-USD,7,cancel,sell,2728.8,0.0091,quote-ask,target moved 2728.8 -> 2728.7,e287b27da14aac14adb7ae753a547888
2026-09-22T06:31:10.689Z,dry,ETH-USD,7,place,buy,2728.6,0.0091,quote-bid,rejoin best,b8a4a77c6e8397016d2c269dc849f731
2026-09-22T06:31:10.782Z,dry,ETH-USD,7,place,sell,2728.7,0.0091,quote-ask,rejoin best,4ae3f934a6b7b154d3384015381f1cd1
2026-09-22T06:31:10.904Z,dry,BTC-USD,6,cancel,buy,85318,0.00029,quote-bid,target moved 85318 -> 85323,010aaf1366b16e14feeb98f38a04fe1c
2026-09-22T06:31:11.000Z,dry,BTC-USD,6,place,buy,85323,0.00029,quote-bid,rejoin best,c69546d0e7cd3bf3a29e4335e8c92fe4
2026-09-22T06:31:11.312Z,dry,ETH-USD,7,place,sell,2728.8,0.0091,quote-ask,join best,9a686da70fcf6ecbe5be7b82ec2cf7a3
2026-09-22T06:31:11.399Z,dry,ETH-USD,7,reject,sell,2728.8,0.0091,quote-ask,post only order would cross,9a686da70fcf6ecbe5be7b82ec2cf7a3
2026-09-22T06:31:11.517Z,dry,ETH-USD,7,place,sell,2729.2,0.0091,quote-ask,join best,f4978bc9a83301dacf34b9ed1805bd5a
2026-09-22T06:31:12.121Z,dry,ETH-USD,7,cancel,buy,2728.6,0.0091,quote-bid,target moved 2728.6 -> 2728.9,b8a4a77c6e8397016d2c269dc849f731
2026-09-22T06:31:12.216Z,dry,ETH-USD,7,place,buy,2728.9,0.0091,quote-bid,rejoin best,3089077760f139be55dcf23f63ec83a7
2026-09-22T06:31:12.324Z,dry,ETH-USD,7,cancel,sell,2729.2,0.0091,quote-ask,target moved 2729.2 -> 2729,f4978bc9a83301dacf34b9ed1805bd5a
2026-09-22T06:31:12.421Z,dry,ETH-USD,7,place,sell,2729,0.0091,quote-ask,rejoin best,4a527825b6713217a0c797889407cf90
2026-09-22T06:31:13.137Z,dry,ETH-USD,7,cancel,buy,2728.9,0.0091,quote-bid,flatten owns instrument,3089077760f139be55dcf23f63ec83a7
2026-09-22T06:31:13.230Z,dry,ETH-USD,7,cancel,sell,2729,0.0091,quote-ask,flatten owns instrument,4a527825b6713217a0c797889407cf90
2026-09-22T06:31:13.326Z,dry,ETH-USD,7,place,sell,2729,0.0091,flatten-post,passive exit,d05efd74fa7d0b57fd88fae5acf4181c
2026-09-22T06:31:14.754Z,dry,ETH-USD,7,cancel,sell,2729,0.0091,flatten-post,re-peg flatten,d05efd74fa7d0b57fd88fae5acf4181c
2026-09-22T06:31:14.964Z,dry,BTC-USD,6,cancel,buy,85323,0.00029,quote-bid,flatten owns instrument,c69546d0e7cd3bf3a29e4335e8c92fe4
2026-09-22T06:31:15.057Z,dry,BTC-USD,6,cancel,sell,85324,0.00029,quote-ask,flatten owns instrument,927558d4915ec1babc00b0f126848b8e
2026-09-22T06:31:15.151Z,dry,BTC-USD,6,place,sell,85324,0.00058,flatten-post,passive exit,8993c444be56f3d748f28247c9072edd
2026-09-22T06:31:15.244Z,dry,ETH-USD,7,place,sell,2729,0.0091,flatten-post,passive exit,19a62aaaa873dcecef5a7572edd73ba3
2026-09-22T06:31:17.814Z,dry,ETH-USD,7,cancel,sell,2729,0.0091,flatten-post,re-peg flatten,19a62aaaa873dcecef5a7572edd73ba3
2026-09-22T06:31:18.020Z,dry,ETH-USD,7,place,sell,2729.2,0.0091,flatten-post,passive exit,92f2d267b18a0e44a577d9adcc7a1c13
2026-09-22T06:31:18.222Z,dry,BTC-USD,6,cancel,sell,85324,0.00058,flatten-post,re-peg flatten,8993c444be56f3d748f28247c9072edd
2026-09-22T06:31:18.315Z,dry,ETH-USD,7,cancel,sell,2729.2,0.0091,flatten-post,re-peg flatten,92f2d267b18a0e44a577d9adcc7a1c13
2026-09-22T06:31:18.426Z,dry,BTC-USD,6,place,buy,85327,0.00029,quote-bid,join best,78de219ec6243d3fa958491db7fd5939
2026-09-22T06:31:18.519Z,dry,BTC-USD,6,place,sell,85328,0.00029,quote-ask,join best,f642abfc94a2695aa43fd7499a469189
2026-09-22T06:31:18.613Z,dry,ETH-USD,7,place,buy,2729.2,0.0091,quote-bid,join best,7430e5a4ea49d1c6520830c1412c1c6b
2026-09-22T06:31:18.705Z,dry,ETH-USD,7,place,sell,2729.3,0.0091,quote-ask,join best,d8d17fad196e594682e48767a1b0bd5a
2026-09-22T06:31:19.635Z,dry,ETH-USD,7,place,sell,2729.5,0.0091,quote-ask,join best,20556bc052cd4e36a44b5176583236b3
2026-09-22T06:31:20.040Z,dry,ETH-USD,7,cancel,buy,2729.2,0.0091,quote-bid,target moved 2729.2 -> 2729.4,7430e5a4ea49d1c6520830c1412c1c6b
2026-09-22T06:31:20.137Z,dry,ETH-USD,7,place,buy,2729.4,0.0091,quote-bid,rejoin best,a4c7cf16e92b7dc5a0b9932da40c8d0a
2026-09-22T06:31:23.288Z,dry,BTC-USD,6,place,sell,85336,0.00029,quote-ask,join best,306b4ae08d3d6c74f6c12013524fcdc1
2026-09-22T06:31:23.377Z,dry,ETH-USD,7,place,sell,2729.6,0.0091,quote-ask,join best,d6702a3775181db1da9617ffff980d49
2026-09-22T06:31:23.690Z,dry,BTC-USD,6,cancel,buy,85327,0.00029,quote-bid,target moved 85327 -> 85335,78de219ec6243d3fa958491db7fd5939
2026-09-22T06:31:23.787Z,dry,BTC-USD,6,place,buy,85335,0.00029,quote-bid,rejoin best,57e703b09caacc33b30e6324f65882b0
2026-09-22T06:31:23.881Z,dry,ETH-USD,7,cancel,buy,2729.4,0.0091,quote-bid,target moved 2729.4 -> 2729.5,a4c7cf16e92b7dc5a0b9932da40c8d0a
2026-09-22T06:31:23.971Z,dry,ETH-USD,7,place,buy,2729.5,0.0091,quote-bid,rejoin best,0c0f827ab941788e5f353d3e109fa394
2026-09-22T06:31:30.215Z,dry,BTC-USD,6,place,sell,85341,0.00029,quote-ask,join best,c07fe45a5240ebabda2ba53e5b18abfb
2026-09-22T06:31:30.624Z,dry,BTC-USD,6,cancel,buy,85335,0.00029,quote-bid,target moved 85335 -> 85340,57e703b09caacc33b30e6324f65882b0
2026-09-22T06:31:30.720Z,dry,BTC-USD,6,place,buy,85340,0.00029,quote-bid,rejoin best,3651fce490b8bcc8e798a7de8d2395fa
2026-09-22T06:31:30.812Z,dry,ETH-USD,7,cancel,buy,2729.5,0.0091,quote-bid,target moved 2729.5 -> 2729.7,0c0f827ab941788e5f353d3e109fa394
2026-09-22T06:31:30.908Z,dry,ETH-USD,7,place,buy,2729.7,0.0091,quote-bid,rejoin best,63781139a6293fc1941721da10aa6108
2026-09-22T06:31:31.644Z,dry,ETH-USD,7,place,buy,2729.4,0.0091,quote-bid,join best,6f12b98a55175d0f4f3f26b136c4789b
2026-09-22T06:31:31.738Z,dry,ETH-USD,7,place,sell,2729.5,0.0091,quote-ask,join best,8fa759999792a8f6335d3c2e70950297
2026-09-22T06:31:33.866Z,dry,ETH-USD,7,cancel,buy,2729.4,0.0091,quote-bid,target moved 2729.4 -> 2729.7,6f12b98a55175d0f4f3f26b136c4789b
2026-09-22T06:31:33.960Z,dry,ETH-USD,7,place,buy,2729.7,0.0091,quote-bid,rejoin best,1e4927ac434fd44b8effdfa81304ec11
2026-09-22T06:31:34.068Z,dry,BTC-USD,6,cancel,buy,85340,0.00029,quote-bid,target moved 85340 -> 85349,3651fce490b8bcc8e798a7de8d2395fa
2026-09-22T06:31:34.164Z,dry,BTC-USD,6,place,buy,85349,0.00029,quote-bid,rejoin best,8174c8fc1cc6693fd6176b5fb2507065
2026-09-22T06:31:38.722Z,dry,BTC-USD,6,cancel,buy,85349,0.00029,quote-bid,target moved 85349 -> 85370,8174c8fc1cc6693fd6176b5fb2507065
2026-09-22T06:31:38.817Z,dry,BTC-USD,6,place,buy,85370,0.00029,quote-bid,rejoin best,680573a1f3c7dcd593b92c79605fd5d5
2026-09-22T06:31:38.924Z,dry,ETH-USD,7,cancel,buy,2729.7,0.0091,quote-bid,target moved 2729.7 -> 2730.4,1e4927ac434fd44b8effdfa81304ec11
2026-09-22T06:31:39.021Z,dry,ETH-USD,7,place,buy,2730.4,0.0091,quote-bid,rejoin best,9c517753eacef97a5f3d2b86b9032331
2026-09-22T06:31:40.155Z,dry,BTC-USD,6,cancel,buy,85370,0.00029,quote-bid,target moved 85370 -> 85382,680573a1f3c7dcd593b92c79605fd5d5
2026-09-22T06:31:40.266Z,dry,BTC-USD,6,place,buy,85382,0.00029,quote-bid,rejoin best,c295ca7d9f12fb798217f4ccdb0854df
2026-09-22T06:31:40.356Z,dry,ETH-USD,7,cancel,buy,2730.4,0.0091,quote-bid,target moved 2730.4 -> 2730.8,9c517753eacef97a5f3d2b86b9032331
2026-09-22T06:31:40.452Z,dry,ETH-USD,7,place,buy,2730.8,0.0091,quote-bid,rejoin best,f0d8affb572d49b0861f2172d483312a
2026-09-22T06:31:42.174Z,dry,BTC-USD,6,cancel,buy,85382,0.00029,quote-bid,target moved 85382 -> 85393,c295ca7d9f12fb798217f4ccdb0854df
2026-09-22T06:31:42.269Z,dry,BTC-USD,6,place,buy,85393,0.00029,quote-bid,rejoin best,766d4c64381ddfff2928ccc3e78542f9
2026-09-22T06:31:43.187Z,dry,ETH-USD,7,cancel,buy,2730.8,0.0091,quote-bid,target moved 2730.8 -> 2730.9,f0d8affb572d49b0861f2172d483312a
2026-09-22T06:31:43.299Z,dry,ETH-USD,7,place,buy,2730.9,0.0091,quote-bid,rejoin best,95fe9cf34adeaf60eaee54e44db85cbd
2026-09-22T06:31:44.401Z,dry,ETH-USD,7,place,buy,2730.3,0.0091,quote-bid,join best,22e862f9694baf016ec537e3a9363f63
2026-09-22T06:31:44.500Z,dry,ETH-USD,7,place,sell,2730.6,0.0091,quote-ask,join best,e3489df2e1fa41b5230647ed63c9afb9
2026-09-22T06:31:44.605Z,dry,BTC-USD,6,place,buy,85391,0.00029,quote-bid,join best,8a1afb793cb2f83f170049249870d9e7
2026-09-22T06:31:44.703Z,dry,BTC-USD,6,place,sell,85392,0.00029,quote-ask,join best,dd0db964be63896cbf56e45999469bb0
2026-09-22T06:31:44.794Z,dry,ETH-USD,7,cancel,buy,2730.3,0.0091,quote-bid,target moved 2730.3 -> 2730.5,22e862f9694baf016ec537e3a9363f63
2026-09-22T06:31:44.891Z,dry,ETH-USD,7,place,buy,2730.5,0.0091,quote-bid,rejoin best,42f84503e8e79a3c06a50666fbf3388b
2026-09-22T06:31:49.678Z,dry,BTC-USD,6,cancel,buy,85391,0.00029,quote-bid,target moved 85391 -> 85404,8a1afb793cb2f83f170049249870d9e7
2026-09-22T06:31:49.769Z,dry,BTC-USD,6,place,buy,85404,0.00029,quote-bid,rejoin best,1f76d5b47fea1e42f8b496c4d7a532d2
2026-09-22T06:31:49.866Z,dry,ETH-USD,7,cancel,buy,2730.5,0.0091,quote-bid,target moved 2730.5 -> 2730.8,42f84503e8e79a3c06a50666fbf3388b
2026-09-22T06:31:49.960Z,dry,ETH-USD,7,place,buy,2730.8,0.0091,quote-bid,rejoin best,11fdd5d1b09d9388b263f1230f97679c
2026-09-22T06:31:55.144Z,dry,ETH-USD,7,cancel,buy,2730.8,0.0091,quote-bid,target moved 2730.8 -> 2730.9,11fdd5d1b09d9388b263f1230f97679c
2026-09-22T06:31:55.240Z,dry,ETH-USD,7,place,buy,2730.9,0.0091,quote-bid,rejoin best,c3176cf3222bf836c867f89662ea2df3
2026-09-22T06:31:55.751Z,dry,BTC-USD,6,cancel,buy,85404,0.00029,quote-bid,target moved 85404 -> 85417,1f76d5b47fea1e42f8b496c4d7a532d2
2026-09-22T06:31:55.849Z,dry,BTC-USD,6,place,buy,85417,0.00029,quote-bid,rejoin best,429fe92a35c27eae44e1c79bc97ec449
2026-09-22T06:31:57.785Z,dry,ETH-USD,7,cancel,buy,2730.9,0.0091,quote-bid,target moved 2730.9 -> 2731.7,c3176cf3222bf836c867f89662ea2df3
2026-09-22T06:31:57.881Z,dry,ETH-USD,7,place,buy,2731.7,0.0091,quote-bid,rejoin best,3b60de07ac8f5cf0b1b3bebb8dd78708
2026-09-22T06:31:58.393Z,dry,BTC-USD,6,cancel,buy,85417,0.00029,quote-bid,target moved 85417 -> 85444,429fe92a35c27eae44e1c79bc97ec449
2026-09-22T06:31:58.487Z,dry,BTC-USD,6,place,buy,85444,0.00029,quote-bid,rejoin best,826ff3a31a9d4b90adfdb484d055d218
2026-09-22T06:31:58.595Z,dry,ETH-USD,7,cancel,buy,2731.7,0.0091,quote-bid,target moved 2731.7 -> 2731.8,3b60de07ac8f5cf0b1b3bebb8dd78708
2026-09-22T06:31:58.690Z,dry,ETH-USD,7,place,buy,2731.8,0.0091,quote-bid,rejoin best,9e2813899e0f3c044982838608e421e4
2026-09-22T06:32:00.415Z,dry,ETH-USD,7,place,buy,2731.4,0.0091,quote-bid,join best,45d961bf8f2c89d787936d2e718d8228
2026-09-22T06:32:00.510Z,dry,ETH-USD,7,place,sell,2731.5,0.0091,quote-ask,join best,a9c5959d892861c05da972bd0498ccc0
2026-09-22T06:32:00.618Z,dry,BTC-USD,6,place,buy,85437,0.00029,quote-bid,join best,d7b69296f9c99cdda4b14b105476bc08
2026-09-22T06:32:00.714Z,dry,BTC-USD,6,place,sell,85438,0.00029,quote-ask,join best,f1dd18d0912fb7f5e834002a5bbacb58
2026-09-22T06:32:04.068Z,dry,BTC-USD,6,place,buy,85432,0.00029,quote-bid,join best,3d011402ed553f250d3f68df814724fe
2026-09-22T06:32:04.469Z,dry,BTC-USD,6,cancel,sell,85438,0.00029,quote-ask,target moved 85438 -> 85433,f1dd18d0912fb7f5e834002a5bbacb58
2026-09-22T06:32:04.565Z,dry,BTC-USD,6,place,sell,85433,0.00029,quote-ask,rejoin best,d29807faddc04023d99c6d1347733914
2026-09-22T06:32:06.097Z,dry,BTC-USD,6,place,buy,85417,0.00029,quote-bid,join best,a56288a3351643c573928b77b880a3b7
2026-09-22T06:32:06.190Z,dry,ETH-USD,7,place,buy,2730.8,0.0091,quote-bid,join best,ddf296474ca131f15dbf8ac89f2ea88c
2026-09-22T06:32:06.283Z,dry,ETH-USD,7,place,sell,2731.2,0.0091,quote-ask,join best,7165143ef4f43f8377397756dc109ff7
2026-09-22T06:32:06.500Z,dry,BTC-USD,6,cancel,sell,85433,0.00029,quote-ask,target moved 85433 -> 85418,d29807faddc04023d99c6d1347733914
2026-09-22T06:32:06.594Z,dry,BTC-USD,6,place,sell,85418,0.00029,quote-ask,rejoin best,b0d402ea3d7b4686e31d3d66f5fc75e3
2026-09-22T06:32:06.902Z,dry,ETH-USD,7,cancel,buy,2730.8,0.0091,quote-bid,target moved 2730.8 -> 2731.1,ddf296474ca131f15dbf8ac89f2ea88c
2026-09-22T06:32:06.999Z,dry,ETH-USD,7,place,buy,2731.1,0.0091,quote-bid,rejoin best,07df0c892622fd188dabdd0fb8f40800
2026-09-22T06:32:07.097Z,dry,ETH-USD,7,reject,buy,2731.1,0.0091,quote-bid,post only order would cross,07df0c892622fd188dabdd0fb8f40800
2026-09-22T06:32:07.103Z,dry,ETH-USD,7,place,buy,2730.8,0.0091,quote-bid,join best,630f7e76be853c15461bfb7ed55c3f40
2026-09-22T06:32:07.506Z,dry,ETH-USD,7,cancel,sell,2731.2,0.0091,quote-ask,target moved 2731.2 -> 2731,7165143ef4f43f8377397756dc109ff7
2026-09-22T06:32:07.601Z,dry,ETH-USD,7,place,sell,2731,0.0091,quote-ask,rejoin best,34afbecf3514d4c95366645e8dc6c7f3
2026-09-22T06:32:08.722Z,dry,ETH-USD,7,cancel,buy,2730.8,0.0091,quote-bid,target moved 2730.8 -> 2731,630f7e76be853c15461bfb7ed55c3f40
2026-09-22T06:32:08.819Z,dry,ETH-USD,7,place,buy,2731,0.0091,quote-bid,rejoin best,4963f45da10cbbeba3f3e94f96b800ca
2026-09-22T06:32:09.940Z,dry,ETH-USD,7,place,buy,2730.4,0.0091,quote-bid,join best,35ca27e52799596bcd356b5048865809
2026-09-22T06:32:10.035Z,dry,ETH-USD,7,place,sell,2730.9,0.0091,quote-ask,join best,fc80382bb5c88ef60910f162dad63e3c
2026-09-22T06:32:10.549Z,dry,ETH-USD,7,cancel,buy,2730.4,0.0091,quote-bid,target moved 2730.4 -> 2730.5,35ca27e52799596bcd356b5048865809
2026-09-22T06:32:10.658Z,dry,ETH-USD,7,cancel,sell,2730.9,0.0091,quote-ask,target moved 2730.9 -> 2730.6,fc80382bb5c88ef60910f162dad63e3c
2026-09-22T06:32:10.753Z,dry,ETH-USD,7,place,buy,2730.5,0.0091,quote-bid,rejoin best,9ae870455c1b75c38347ffb810b4fc0e
2026-09-22T06:32:10.850Z,dry,ETH-USD,7,place,sell,2730.6,0.0091,quote-ask,rejoin best,2d5bee2c32fb76973f57a1f12c6020c5
2026-09-22T06:32:11.767Z,dry,BTC-USD,6,place,sell,85426,0.00029,quote-ask,join best,9c988de22307ae216c9bfcb9fd6d682b
2026-09-22T06:32:12.375Z,dry,ETH-USD,7,cancel,buy,2730.5,0.0091,quote-bid,target moved 2730.5 -> 2730.9,9ae870455c1b75c38347ffb810b4fc0e
2026-09-22T06:32:12.469Z,dry,ETH-USD,7,place,buy,2730.9,0.0091,quote-bid,rejoin best,f27d6afe1bda893ae216665fc703c247
2026-09-22T06:32:12.578Z,dry,BTC-USD,6,cancel,buy,85417,0.00029,quote-bid,target moved 85417 -> 85425,a56288a3351643c573928b77b880a3b7
2026-09-22T06:32:12.668Z,dry,BTC-USD,6,place,buy,85425,0.00029,quote-bid,rejoin best,c1342dad1d401d3cac555623b7cd8ce3
2026-09-22T06:32:13.187Z,dry,BTC-USD,6,place,sell,85427,0.00029,quote-ask,join best,246e7b033fafa686b0b4fa24be6a6b93
2026-09-22T06:32:13.793Z,dry,BTC-USD,6,cancel,buy,85425,0.00029,quote-bid,target moved 85425 -> 85429,c1342dad1d401d3cac555623b7cd8ce3
2026-09-22T06:32:13.887Z,dry,BTC-USD,6,place,buy,85429,0.00029,quote-bid,rejoin best,e84dba265d3d8b508f402564d8dcfd42
2026-09-22T06:32:13.995Z,dry,ETH-USD,7,cancel,buy,2730.9,0.0091,quote-bid,target moved 2730.9 -> 2731.4,f27d6afe1bda893ae216665fc703c247
2026-09-22T06:32:14.091Z,dry,ETH-USD,7,place,buy,2731.4,0.0091,quote-bid,rejoin best,e6eb52583c950f3df5b50268bf2dea88
2026-09-22T06:32:14.399Z,dry,BTC-USD,6,cancel,buy,85429,0.00029,quote-bid,target moved 85429 -> 85432,e84dba265d3d8b508f402564d8dcfd42
2026-09-22T06:32:14.497Z,dry,BTC-USD,6,place,buy,85432,0.00029,quote-bid,rejoin best,8879881732efc6a166239c448ab87031
2026-09-22T06:32:17.442Z,dry,BTC-USD,6,place,buy,85424,0.00029,quote-bid,join best,6f0be489f91a263a4d5e3fadcabed209
2026-09-22T06:32:17.536Z,dry,BTC-USD,6,place,sell,85431,0.00029,quote-ask,join best,04665c797d8ce8f248055d62ab287b84
2026-09-22T06:32:17.627Z,dry,ETH-USD,7,place,buy,2730.7,0.0091,quote-bid,join best,118e5145aa5242bf5194bcb84a33643c
2026-09-22T06:32:17.726Z,dry,ETH-USD,7,place,sell,2731.4,0.0091,quote-ask,join best,35b23ce50faf79f5e9c1051364a600f2
2026-09-22T06:32:18.253Z,dry,BTC-USD,6,cancel,buy,85424,0.00029,quote-bid,target moved 85424 -> 85425,6f0be489f91a263a4d5e3fadcabed209
2026-09-22T06:32:18.347Z,dry,BTC-USD,6,cancel,sell,85431,0.00029,quote-ask,target moved 85431 -> 85426,04665c797d8ce8f248055d62ab287b84
2026-09-22T06:32:18.441Z,dry,BTC-USD,6,place,buy,85425,0.00029,quote-bid,rejoin best,9f9faf0ba7872c9d520fd1671e270004
2026-09-22T06:32:18.537Z,dry,BTC-USD,6,place,sell,85426,0.00029,quote-ask,rejoin best,4f417542aecdf08e6ce7eccdc160a3e3
2026-09-22T06:32:18.659Z,dry,ETH-USD,7,cancel,buy,2730.7,0.0091,quote-bid,target moved 2730.7 -> 2731.2,118e5145aa5242bf5194bcb84a33643c
2026-09-22T06:32:18.752Z,dry,ETH-USD,7,cancel,sell,2731.4,0.0091,quote-ask,target moved 2731.4 -> 2731.3,35b23ce50faf79f5e9c1051364a600f2
2026-09-22T06:32:18.841Z,dry,ETH-USD,7,place,buy,2731.2,0.0091,quote-bid,rejoin best,606cf03404d0fd231d1f14b134053872
2026-09-22T06:32:18.926Z,dry,ETH-USD,7,place,sell,2731.3,0.0091,quote-ask,rejoin best,945646b6b025b5a5db25004bc97fff56
2026-09-22T06:32:19.016Z,dry,ETH-USD,7,reject,sell,2731.3,0.0091,quote-ask,post only order would cross,945646b6b025b5a5db25004bc97fff56
2026-09-22T06:32:19.065Z,dry,ETH-USD,7,place,sell,2731.4,0.0091,quote-ask,join best,9fd5c7462d53cd8f5701fbf910cc3245
2026-09-22T06:32:19.471Z,dry,ETH-USD,7,cancel,buy,2731.2,0.0091,quote-bid,flatten owns instrument,606cf03404d0fd231d1f14b134053872
2026-09-22T06:32:19.560Z,dry,ETH-USD,7,place,buy,2731.3,0.0182,flatten-post,passive exit,43ea223df9c6f2a90feb74da6d9cb910
2026-09-22T06:32:19.676Z,dry,ETH-USD,7,cancel,buy,2731.3,0.0182,flatten-post,re-peg flatten,43ea223df9c6f2a90feb74da6d9cb910
2026-09-22T06:32:19.880Z,dry,ETH-USD,7,place,buy,2731.6,0.0273,flatten-post,passive exit,1247c43594d31eb6d163bbadbb80db00
2026-09-22T06:32:20.285Z,dry,BTC-USD,6,cancel,buy,85425,0.00029,quote-bid,target moved 85425 -> 85437,9f9faf0ba7872c9d520fd1671e270004
2026-09-22T06:32:20.396Z,dry,BTC-USD,6,place,buy,85437,0.00029,quote-bid,rejoin best,b01c4d596163263d413590311a2fe9b9
2026-09-22T06:32:20.486Z,dry,ETH-USD,7,cancel,buy,2731.6,0.0273,flatten-post,re-peg flatten,1247c43594d31eb6d163bbadbb80db00
2026-09-22T06:32:20.707Z,dry,BTC-USD,6,place,buy,85426,0.00029,quote-bid,join best,a8bdfd9f1e86a088621241daceccc5f8
2026-09-22T06:32:20.797Z,dry,BTC-USD,6,place,sell,85436,0.00029,quote-ask,join best,8adbac2953fcc0d96da4f44117be611c
2026-09-22T06:32:20.895Z,dry,ETH-USD,7,place,buy,2731.4,0.0091,quote-bid,join best,99d28ef533c2408e12ade24de58e0919
2026-09-22T06:32:20.989Z,dry,ETH-USD,7,place,sell,2731.5,0.0091,quote-ask,join best,2ff64338ea8f799b7117573ca33b715f
2026-09-22T06:32:21.921Z,dry,BTC-USD,6,cancel,sell,85436,0.00029,quote-ask,target moved 85436 -> 85427,8adbac2953fcc0d96da4f44117be611c
2026-09-22T06:32:22.017Z,dry,BTC-USD,6,place,sell,85427,0.00029,quote-ask,rejoin best,74606de0163d9bcd6653fb61c70e2aee
2026-09-22T06:32:22.111Z,dry,ETH-USD,7,place,buy,2731.2,0.0091,quote-bid,join best,878c48d1d4d6254f75a00a651d610e6c
2026-09-22T06:32:22.327Z,dry,ETH-USD,7,cancel,sell,2731.5,0.0091,quote-ask,target moved 2731.5 -> 2731.4,2ff64338ea8f799b7117573ca33b715f
2026-09-22T06:32:22.421Z,dry,ETH-USD,7,place,sell,2731.4,0.0091,quote-ask,rejoin best,52b0f4a2d1b24b2136c5ba584e4b5fb2
2026-09-22T06:32:23.542Z,dry,ETH-USD,7,cancel,buy,2731.2,0.0091,quote-bid,target moved 2731.2 -> 2731.3,878c48d1d4d6254f75a00a651d610e6c
2026-09-22T06:32:23.637Z,dry,ETH-USD,7,place,buy,2731.3,0.0091,quote-bid,rejoin best,de52ad6ead7105da1a3136d534896deb
2026-09-22T06:32:24.354Z,dry,BTC-USD,6,cancel,buy,85426,0.00029,quote-bid,target moved 85426 -> 85431,a8bdfd9f1e86a088621241daceccc5f8
2026-09-22T06:32:24.450Z,dry,BTC-USD,6,place,buy,85431,0.00029,quote-bid,rejoin best,5afa260326b9d9667ced2003ce883a16
2026-09-22T06:32:24.758Z,dry,ETH-USD,7,cancel,buy,2731.3,0.0091,quote-bid,target moved 2731.3 -> 2731.2,de52ad6ead7105da1a3136d534896deb
2026-09-22T06:32:24.851Z,dry,ETH-USD,7,cancel,sell,2731.4,0.0091,quote-ask,target moved 2731.4 -> 2731.5,52b0f4a2d1b24b2136c5ba584e4b5fb2
2026-09-22T06:32:24.947Z,dry,ETH-USD,7,place,buy,2731.2,0.0091,quote-bid,rejoin best,e628e001e2c0d271bbe1abd7d919878f
2026-09-22T06:32:25.042Z,dry,ETH-USD,7,place,sell,2731.5,0.0091,quote-ask,rejoin best,87539aa62fec626af2afadd89ca557e3
2026-09-22T06:32:25.571Z,dry,ETH-USD,7,cancel,buy,2731.2,0.0091,quote-bid,target moved 2731.2 -> 2731.4,e628e001e2c0d271bbe1abd7d919878f
2026-09-22T06:32:25.667Z,dry,ETH-USD,7,place,buy,2731.4,0.0091,quote-bid,rejoin best,0d1c515a0ec64e249023f29fb510dba0
2026-09-22T06:32:28.821Z,dry,ETH-USD,7,place,buy,2731.1,0.0091,quote-bid,join best,9b8d11619f445da63e41969674a8ccce
2026-09-22T06:32:29.222Z,dry,BTC-USD,6,cancel,buy,85431,0.00029,quote-bid,target moved 85431 -> 85423,5afa260326b9d9667ced2003ce883a16
2026-09-22T06:32:29.316Z,dry,BTC-USD,6,place,buy,85423,0.00029,quote-bid,rejoin best,c3cef4923a279dae90ae63efae741009
2026-09-22T06:32:29.409Z,dry,ETH-USD,7,cancel,sell,2731.5,0.0091,quote-ask,target moved 2731.5 -> 2731.2,87539aa62fec626af2afadd89ca557e3
2026-09-22T06:32:29.503Z,dry,ETH-USD,7,place,sell,2731.2,0.0091,quote-ask,rejoin best,180694a9c734d961d80474837fd7c8db
2026-09-22T06:32:32.686Z,dry,ETH-USD,7,place,sell,2731.9,0.0091,quote-ask,join best,b54f068a1253fc89585dbfb58090620c
2026-09-22T06:32:33.296Z,dry,ETH-USD,7,cancel,buy,2731.1,0.0091,quote-bid,target moved 2731.1 -> 2731.8,9b8d11619f445da63e41969674a8ccce
2026-09-22T06:32:33.391Z,dry,ETH-USD,7,place,buy,2731.8,0.0091,quote-bid,rejoin best,3a0534e8691445da1391c928c70ae575
2026-09-22T06:32:33.702Z,dry,ETH-USD,7,place,buy,2731.5,0.0091,quote-bid,join best,41cbd8691f7c1346801343859452f86a
2026-09-22T06:32:34.513Z,dry,ETH-USD,7,cancel,buy,2731.5,0.0091,quote-bid,target moved 2731.5 -> 2731.8,41cbd8691f7c1346801343859452f86a
2026-09-22T06:32:34.609Z,dry,ETH-USD,7,place,buy,2731.8,0.0091,quote-bid,rejoin best,b86cc81994c4313c17c65733d1343b5b
2026-09-22T06:32:35.929Z,dry,ETH-USD,7,cancel,sell,2731.9,0.0091,quote-ask,target moved 2731.9 -> 2731.8,b54f068a1253fc89585dbfb58090620c
2026-09-22T06:32:36.019Z,dry,ETH-USD,7,place,sell,2731.8,0.0091,quote-ask,rejoin best,9cd6e551f84fe4f67c9552417c279d2e
2026-09-22T06:32:37.149Z,dry,ETH-USD,7,cancel,sell,2731.8,0.0091,quote-ask,target moved 2731.8 -> 2732,9cd6e551f84fe4f67c9552417c279d2e
2026-09-22T06:32:37.243Z,dry,ETH-USD,7,place,sell,2732,0.0091,quote-ask,rejoin best,eb5f8c7b06de2421988c58012d37332a
2026-09-22T06:32:37.956Z,dry,ETH-USD,7,cancel,sell,2732,0.0091,quote-ask,target moved 2732 -> 2731.9,eb5f8c7b06de2421988c58012d37332a
2026-09-22T06:32:38.054Z,dry,ETH-USD,7,place,sell,2731.9,0.0091,quote-ask,rejoin best,46fb5f5ea0c635aedc55f02d45ae9e53
2026-09-22T06:32:39.173Z,dry,BTC-USD,6,cancel,buy,85423,0.00029,quote-bid,target moved 85423 -> 85434,c3cef4923a279dae90ae63efae741009
2026-09-22T06:32:39.267Z,dry,BTC-USD,6,place,buy,85434,0.00029,quote-bid,rejoin best,b9c3cd7e62c9551f2953c61aae382715
2026-09-22T06:32:40.589Z,dry,BTC-USD,6,place,buy,85428,0.00029,quote-bid,join best,918dd9cbb93ce17187c335ecfc2d3b5f
2026-09-22T06:32:40.685Z,dry,BTC-USD,6,place,sell,85429,0.00029,quote-ask,join best,5c52821f16328356d66cd8abac40a78a
2026-09-22T06:32:50.516Z,dry,ETH-USD,7,place,buy,2732,0.0091,quote-bid,join best,31deb6f40629bbe6fb143acb38d6a4a7
2026-09-22T06:32:50.610Z,dry,ETH-USD,7,place,sell,2732.1,0.0091,quote-ask,join best,4a3e845ea5dfd69854628c53a1ea739f
2026-09-22T06:32:53.155Z,dry,ETH-USD,7,place,sell,2732.2,0.0091,quote-ask,join best,fec87405b7acaddd07f2cb0cec1a71bc
2026-09-22T06:32:53.561Z,dry,ETH-USD,7,cancel,buy,2732,0.0091,quote-bid,target moved 2732 -> 2732.1,31deb6f40629bbe6fb143acb38d6a4a7
2026-09-22T06:32:53.657Z,dry,ETH-USD,7,place,buy,2732.1,0.0091,quote-bid,rejoin best,68f077cf5928629cffaf1979607ecb01
2026-09-22T06:32:53.968Z,dry,ETH-USD,7,place,sell,2732.8,0.0091,quote-ask,join best,f22d39911dc58233d1032250383e7987
2026-09-22T06:32:54.376Z,dry,ETH-USD,7,cancel,buy,2732.1,0.0091,quote-bid,target moved 2732.1 -> 2732.2,68f077cf5928629cffaf1979607ecb01
2026-09-22T06:32:54.470Z,dry,ETH-USD,7,place,buy,2732.2,0.0091,quote-bid,rejoin best,ef6e2d600a465abe810aa7a19970d79c
2026-09-22T06:32:54.782Z,dry,ETH-USD,7,cancel,sell,2732.8,0.0091,quote-ask,target moved 2732.8 -> 2732.5,f22d39911dc58233d1032250383e7987
2026-09-22T06:32:54.881Z,dry,ETH-USD,7,place,sell,2732.5,0.0091,quote-ask,rejoin best,b4aeeb01c133afd3462b0ae12489f96c
2026-09-22T06:32:55.189Z,dry,ETH-USD,7,cancel,buy,2732.2,0.0091,quote-bid,target moved 2732.2 -> 2732.4,ef6e2d600a465abe810aa7a19970d79c
2026-09-22T06:32:55.284Z,dry,ETH-USD,7,place,buy,2732.4,0.0091,quote-bid,rejoin best,3826bbd4386c19e7b75df022fa7688b6
2026-09-22T06:32:56.205Z,dry,ETH-USD,7,cancel,buy,2732.4,0.0091,quote-bid,target moved 2732.4 -> 2732.2,3826bbd4386c19e7b75df022fa7688b6
2026-09-22T06:32:56.301Z,dry,ETH-USD,7,place,buy,2732.2,0.0091,quote-bid,rejoin best,fac26cdecce1e27ec17b938b35471fb2
2026-09-22T06:32:56.410Z,dry,ETH-USD,7,cancel,sell,2732.5,0.0091,quote-ask,target moved 2732.5 -> 2732.6,b4aeeb01c133afd3462b0ae12489f96c
2026-09-22T06:32:56.507Z,dry,ETH-USD,7,place,sell,2732.6,0.0091,quote-ask,rejoin best,285c75d954640f614798e4c8c260c2cb
2026-09-22T06:32:57.225Z,dry,ETH-USD,7,cancel,buy,2732.2,0.0091,quote-bid,target moved 2732.2 -> 2732.4,fac26cdecce1e27ec17b938b35471fb2
2026-09-22T06:32:57.320Z,dry,ETH-USD,7,place,buy,2732.4,0.0091,quote-bid,rejoin best,448eaa4e95ab126d06cb028972928046
2026-09-22T06:32:57.838Z,dry,ETH-USD,7,place,sell,2733,0.0091,quote-ask,join best,13f0c562a5f290d02f18bef91d009e25
2026-09-22T06:32:58.244Z,dry,ETH-USD,7,cancel,buy,2732.4,0.0091,quote-bid,target moved 2732.4 -> 2732.9,448eaa4e95ab126d06cb028972928046
2026-09-22T06:32:58.339Z,dry,ETH-USD,7,place,buy,2732.9,0.0091,quote-bid,rejoin best,daf49509d63682bb691dea64f4b9cdb9
2026-09-22T06:32:59.461Z,dry,BTC-USD,6,cancel,buy,85428,0.00029,quote-bid,target moved 85428 -> 85433,918dd9cbb93ce17187c335ecfc2d3b5f
2026-09-22T06:32:59.555Z,dry,BTC-USD,6,place,buy,85433,0.00029,quote-bid,rejoin best,66b071bb2cec49a8f6db9dcd788e2d6e
2026-09-22T06:33:00.494Z,dry,ETH-USD,7,place,sell,2733.5,0.0091,quote-ask,join best,1159f4fd933800f74342a76043019668
2026-09-22T06:33:00.898Z,dry,BTC-USD,6,cancel,buy,85433,0.00029,quote-bid,target moved 85433 -> 85452,66b071bb2cec49a8f6db9dcd788e2d6e
2026-09-22T06:33:00.995Z,dry,BTC-USD,6,place,buy,85452,0.00029,quote-bid,rejoin best,c821cc49a994d277565b5b2767b96c06
2026-09-22T06:33:01.308Z,dry,BTC-USD,6,place,buy,85446,0.00029,quote-bid,join best,d90cd6fcc0a59a258d0b7b884da30d9f
2026-09-22T06:33:01.402Z,dry,BTC-USD,6,place,sell,85447,0.00029,quote-ask,join best,c6a44be67685b0bd8b69662e7b17f75d
2026-09-22T06:33:01.493Z,dry,ETH-USD,7,cancel,buy,2732.9,0.0091,quote-bid,target moved 2732.9 -> 2733.1,daf49509d63682bb691dea64f4b9cdb9
2026-09-22T06:33:01.584Z,dry,ETH-USD,7,cancel,sell,2733.5,0.0091,quote-ask,target moved 2733.5 -> 2733.2,1159f4fd933800f74342a76043019668
2026-09-22T06:33:01.682Z,dry,ETH-USD,7,place,buy,2733.1,0.0091,quote-bid,rejoin best,92af5b5940f3cbbd727272c0e1b57176
2026-09-22T06:33:01.770Z,dry,ETH-USD,7,place,sell,2733.2,0.0091,quote-ask,rejoin best,8fb6e324a496db73a1712927b345e499
2026-09-22T06:33:04.548Z,dry,ETH-USD,7,cancel,buy,2733.1,0.0091,quote-bid,target moved 2733.1 -> 2733.5,92af5b5940f3cbbd727272c0e1b57176
2026-09-22T06:33:04.647Z,dry,ETH-USD,7,place,buy,2733.5,0.0091,quote-bid,rejoin best,a4060e07b6be492ac8182c71cb0752c8
2026-09-22T06:33:04.959Z,dry,ETH-USD,7,place,buy,2733.4,0.0091,quote-bid,join best,ab483be76be27efcb9e9c38f9ec54366
2026-09-22T06:33:05.052Z,dry,ETH-USD,7,place,sell,2733.5,0.0091,quote-ask,join best,571d0917cfc7506aabc749bd79cfb9f0
2026-09-22T06:33:05.159Z,dry,BTC-USD,6,cancel,buy,85446,0.00029,quote-bid,target moved 85446 -> 85461,d90cd6fcc0a59a258d0b7b884da30d9f
2026-09-22T06:33:05.253Z,dry,BTC-USD,6,place,buy,85461,0.00029,quote-bid,rejoin best,26490341000e9dcec7b43914a986b34b
2026-09-22T06:33:06.792Z,dry,ETH-USD,7,cancel,buy,2733.4,0.0091,quote-bid,target moved 2733.4 -> 2733.7,ab483be76be27efcb9e9c38f9ec54366
2026-09-22T06:33:06.889Z,dry,ETH-USD,7,place,buy,2733.7,0.0091,quote-bid,rejoin best,a53935c7c3a13688273d70352a4f80ce
2026-09-22T06:33:10.848Z,dry,BTC-USD,6,cancel,buy,85461,0.00029,quote-bid,target moved 85461 -> 85469,26490341000e9dcec7b43914a986b34b
2026-09-22T06:33:10.942Z,dry,BTC-USD,6,place,buy,85469,0.00029,quote-bid,rejoin best,b3cababe5d504d6ccf3c4a4d53f878b6
2026-09-22T06:33:11.861Z,dry,BTC-USD,6,cancel,buy,85469,0.00029,quote-bid,flatten owns instrument,b3cababe5d504d6ccf3c4a4d53f878b6
2026-09-22T06:33:11.954Z,dry,BTC-USD,6,place,buy,85469,0.00087,flatten-post,passive exit,a90bcc747a248e164e22cb805531ab45
2026-09-22T06:33:12.278Z,dry,BTC-USD,6,cancel,buy,85469,0.00087,flatten-post,re-peg flatten,a90bcc747a248e164e22cb805531ab45
2026-09-22T06:33:12.483Z,dry,BTC-USD,6,place,buy,85478,0.00087,flatten-post,passive exit,66924674e97369620fb081a683fba475
2026-09-22T06:33:14.308Z,dry,BTC-USD,6,place,buy,85469,0.00029,quote-bid,join best,6d6861af1e6da73e1e1861b46e30aa4c
2026-09-22T06:33:14.401Z,dry,BTC-USD,6,place,sell,85473,0.00029,quote-ask,join best,9793517fcf623a5ceac5a190dfb0a2fe
2026-09-22T06:33:14.914Z,dry,BTC-USD,6,cancel,sell,85473,0.00029,quote-ask,target moved 85473 -> 85470,9793517fcf623a5ceac5a190dfb0a2fe
2026-09-22T06:33:15.009Z,dry,BTC-USD,6,place,sell,85470,0.00029,quote-ask,rejoin best,63f6adebbfde79e8b6e6e813ab558cbc
2026-09-22T06:33:22.632Z,dry,BTC-USD,6,place,buy,85464,0.00029,quote-bid,join best,f331e78cbaa962edbdb835d591e3c715
2026-09-22T06:33:22.832Z,dry,ETH-USD,7,place,buy,2733.1,0.0091,quote-bid,join best,1e05e5431307ed579268d6275d51dfca
2026-09-22T06:33:22.924Z,dry,ETH-USD,7,place,sell,2733.5,0.0091,quote-ask,join best,4107df4ea2b5981650e76639bb6dfd5d
2026-09-22T06:33:23.033Z,dry,BTC-USD,6,cancel,sell,85470,0.00029,quote-ask,target moved 85470 -> 85465,63f6adebbfde79e8b6e6e813ab558cbc
2026-09-22T06:33:23.131Z,dry,BTC-USD,6,place,sell,85465,0.00029,quote-ask,rejoin best,f08fbb56d50feda4099ec7ac4d24241e
2026-09-22T06:33:23.847Z,dry,ETH-USD,7,cancel,buy,2733.1,0.0091,quote-bid,target moved 2733.1 -> 2733.6,1e05e5431307ed579268d6275d51dfca
2026-09-22T06:33:23.942Z,dry,ETH-USD,7,place,buy,2733.6,0.0091,quote-bid,rejoin best,abf7735b48cb825d9c636daa451d1983
2026-09-22T06:33:24.660Z,dry,ETH-USD,7,cancel,buy,2733.6,0.0091,quote-bid,target moved 2733.6 -> 2733.7,abf7735b48cb825d9c636daa451d1983
2026-09-22T06:33:24.755Z,dry,ETH-USD,7,place,buy,2733.7,0.0091,quote-bid,rejoin best,5e75e6efbc28e03a8b3041de22b0ffa3
2026-09-22T06:33:29.132Z,dry,BTC-USD,6,place,sell,85474,0.00029,quote-ask,join best,cdaf1c0b2cdc125f54717b08eb80863e
2026-09-22T06:33:29.534Z,dry,BTC-USD,6,cancel,buy,85464,0.00029,quote-bid,target moved 85464 -> 85473,f331e78cbaa962edbdb835d591e3c715
2026-09-22T06:33:29.631Z,dry,BTC-USD,6,place,buy,85473,0.00029,quote-bid,rejoin best,68f12f54a60fae72f37c633baf73af53
2026-09-22T06:33:29.940Z,dry,ETH-USD,7,cancel,buy,2733.7,0.0091,quote-bid,target moved 2733.7 -> 2734.7,5e75e6efbc28e03a8b3041de22b0ffa3
2026-09-22T06:33:30.037Z,dry,ETH-USD,7,place,buy,2734.7,0.0091,quote-bid,rejoin best,6c12acad8a407cdb5b0b79c4d812063b
2026-09-22T06:33:31.366Z,dry,ETH-USD,7,place,buy,2734.6,0.0091,quote-bid,join best,91032ee9897356dad832fa2475bb222e
2026-09-22T06:33:31.473Z,dry,ETH-USD,7,place,sell,2734.7,0.0091,quote-ask,join best,a4c1fef28cd2e17d3316901fe545de5c
2026-09-22T06:33:35.611Z,dry,ETH-USD,7,cancel,buy,2734.6,0.0091,quote-bid,target moved 2734.6 -> 2734.8,91032ee9897356dad832fa2475bb222e
2026-09-22T06:33:35.706Z,dry,ETH-USD,7,place,buy,2734.8,0.0091,quote-bid,rejoin best,9d5e71651fc3deb9307b4638865009b3
2026-09-22T06:33:39.259Z,dry,BTC-USD,6,place,sell,85476,0.00029,quote-ask,join best,a325da5f9b50909c05388f5bfc09d225
2026-09-22T06:33:39.461Z,dry,ETH-USD,7,cancel,buy,2734.8,0.0091,quote-bid,target moved 2734.8 -> 2734.9,9d5e71651fc3deb9307b4638865009b3
2026-09-22T06:33:39.556Z,dry,ETH-USD,7,place,buy,2734.9,0.0091,quote-bid,rejoin best,b30c3e4f7b0e78dd848d23513031373c
2026-09-22T06:33:39.663Z,dry,BTC-USD,6,cancel,buy,85473,0.00029,quote-bid,target moved 85473 -> 85475,68f12f54a60fae72f37c633baf73af53
2026-09-22T06:33:39.758Z,dry,BTC-USD,6,place,buy,85475,0.00029,quote-bid,rejoin best,aea6203295ffbf41e09679f22f214fde
2026-09-22T06:33:40.269Z,dry,BTC-USD,6,place,sell,85483,0.00029,quote-ask,join best,4554d542f2ccb9801b57d9777c1854a7
2026-09-22T06:33:40.669Z,dry,BTC-USD,6,cancel,buy,85475,0.00029,quote-bid,target moved 85475 -> 85482,aea6203295ffbf41e09679f22f214fde
2026-09-22T06:33:40.768Z,dry,BTC-USD,6,place,buy,85482,0.00029,quote-bid,rejoin best,56d3071e071357c223e9d990a2035d81
2026-09-22T06:33:41.079Z,dry,ETH-USD,7,cancel,buy,2734.9,0.0091,quote-bid,target moved 2734.9 -> 2735,b30c3e4f7b0e78dd848d23513031373c
2026-09-22T06:33:41.189Z,dry,ETH-USD,7,place,buy,2735,0.0091,quote-bid,rejoin best,62bde52c55a35438abac88f46c1b6e00
2026-09-22T06:33:44.723Z,dry,ETH-USD,7,place,buy,2734.9,0.0091,quote-bid,join best,b38486a16faf6c922625c156d3c3ecd4
2026-09-22T06:33:44.817Z,dry,ETH-USD,7,place,sell,2735,0.0091,quote-ask,join best,285ceffc289cfe1015d8849913ccf321
2026-09-22T06:33:46.537Z,dry,ETH-USD,7,cancel,buy,2734.9,0.0091,quote-bid,target moved 2734.9 -> 2735,b38486a16faf6c922625c156d3c3ecd4
2026-09-22T06:33:46.633Z,dry,ETH-USD,7,place,buy,2735,0.0091,quote-bid,rejoin best,32604a83cc668b272a43f644eb9d3170
2026-09-22T06:33:48.362Z,dry,BTC-USD,6,place,buy,85476,0.00029,quote-bid,join best,91e14ced882de9e502f6167bc2d1eba8
2026-09-22T06:33:48.454Z,dry,ETH-USD,7,place,buy,2734.6,0.0091,quote-bid,join best,fd6c1b0513abc3bf5910026877d5809b
2026-09-22T06:33:48.542Z,dry,ETH-USD,7,place,sell,2734.7,0.0091,quote-ask,join best,afb36e876ea1b9ba94b7ee7f0a685f5a
2026-09-22T06:33:48.764Z,dry,BTC-USD,6,cancel,sell,85483,0.00029,quote-ask,target moved 85483 -> 85477,4554d542f2ccb9801b57d9777c1854a7
2026-09-22T06:33:48.859Z,dry,BTC-USD,6,place,sell,85477,0.00029,quote-ask,rejoin best,f841e06ef9494eb8fe93d17df3396a08
2026-09-22T06:33:49.371Z,dry,ETH-USD,7,place,buy,2734.5,0.0091,quote-bid,join best,3b9ece659e1e8e93d8cdf8469c9d5f43
2026-09-22T06:33:49.776Z,dry,BTC-USD,6,place,buy,85471,0.00029,quote-bid,join best,434d1393bbdac9ae7529030655c0cea8
2026-09-22T06:33:49.869Z,dry,ETH-USD,7,place,buy,2734.3,0.0091,quote-bid,join best,cc0ab489e7e6e6a10e0387de70947c25
2026-09-22T06:33:50.183Z,dry,BTC-USD,6,cancel,sell,85477,0.00029,quote-ask,target moved 85477 -> 85472,f841e06ef9494eb8fe93d17df3396a08
2026-09-22T06:33:50.279Z,dry,BTC-USD,6,place,sell,85472,0.00029,quote-ask,rejoin best,53267a4aadd5c0ddb8e47c3e278d55d0
2026-09-22T06:33:50.369Z,dry,ETH-USD,7,cancel,sell,2734.7,0.0091,quote-ask,target moved 2734.7 -> 2734.4,afb36e876ea1b9ba94b7ee7f0a685f5a
2026-09-22T06:33:50.467Z,dry,ETH-USD,7,place,sell,2734.4,0.0091,quote-ask,rejoin best,5d7afe5d5f1a76a9e6f6c68c036115a5
2026-09-22T06:33:52.614Z,dry,ETH-USD,7,place,buy,2733.8,0.0091,quote-bid,join best,83acd3313231126aad678d4ea2acb419
2026-09-22T06:33:53.016Z,dry,ETH-USD,7,cancel,sell,2734.4,0.0091,quote-ask,target moved 2734.4 -> 2734.3,5d7afe5d5f1a76a9e6f6c68c036115a5
2026-09-22T06:33:53.113Z,dry,ETH-USD,7,place,sell,2734.3,0.0091,quote-ask,rejoin best,81f8c88c347f0463d945bcec607dff6f
2026-09-22T06:33:53.219Z,dry,ETH-USD,7,cancel,buy,2733.8,0.0091,quote-bid,target moved 2733.8 -> 2734.2,83acd3313231126aad678d4ea2acb419
2026-09-22T06:33:53.313Z,dry,ETH-USD,7,place,buy,2734.2,0.0091,quote-bid,rejoin best,2dcc4d302b28b7c2a5d5ea62c1f97692
2026-09-22T06:33:55.046Z,dry,ETH-USD,7,place,buy,2733.6,0.0091,quote-bid,join best,ce1bb1eb796dbaef1867fa5f7e744812
2026-09-22T06:33:55.251Z,dry,BTC-USD,6,place,buy,85459,0.00029,quote-bid,join best,079272f83da6326178d6b329d9a939a9
2026-09-22T06:33:55.651Z,dry,BTC-USD,6,cancel,sell,85472,0.00029,quote-ask,target moved 85472 -> 85460,53267a4aadd5c0ddb8e47c3e278d55d0
2026-09-22T06:33:55.752Z,dry,BTC-USD,6,place,sell,85460,0.00029,quote-ask,rejoin best,9e1e3fef3d2c38567db3b5737d9f3a94
2026-09-22T06:33:56.667Z,dry,ETH-USD,7,cancel,sell,2734.3,0.0091,quote-ask,target moved 2734.3 -> 2733.4,81f8c88c347f0463d945bcec607dff6f
2026-09-22T06:33:56.762Z,dry,ETH-USD,7,place,sell,2733.4,0.0091,quote-ask,rejoin best,aa3065d8f3db68406b9ad5ac4226c98b
2026-09-22T06:34:00.119Z,dry,ETH-USD,7,place,buy,2733.4,0.0091,quote-bid,join best,a2032497d5cc8ab5c3f0003f4188ac7e
2026-09-22T06:34:00.212Z,dry,ETH-USD,7,place,sell,2733.5,0.0091,quote-ask,join best,af30d1fe71ce9247585af4fcc3f36ec3
2026-09-22T06:34:02.353Z,dry,ETH-USD,7,place,sell,2733.6,0.0091,quote-ask,join best,c27b651c6eedde718d8dc2d3bc867ce5
2026-09-22T06:34:02.757Z,dry,ETH-USD,7,cancel,buy,2733.4,0.0091,quote-bid,target moved 2733.4 -> 2733.5,a2032497d5cc8ab5c3f0003f4188ac7e
2026-09-22T06:34:02.853Z,dry,ETH-USD,7,place,buy,2733.5,0.0091,quote-bid,rejoin best,80856ef23d59a199f0d0bed6ef018185
2026-09-22T06:34:02.962Z,dry,ETH-USD,7,place,sell,2733.7,0.0091,quote-ask,join best,daafa3163c1a2d752c04a591c7583f51
2026-09-22T06:34:03.365Z,dry,ETH-USD,7,cancel,buy,2733.5,0.0091,quote-bid,target moved 2733.5 -> 2733.6,80856ef23d59a199f0d0bed6ef018185
2026-09-22T06:34:03.460Z,dry,ETH-USD,7,place,buy,2733.6,0.0091,quote-bid,rejoin best,744ab21c21116a930f3462d7222b25b2
2026-09-22T06:34:05.400Z,dry,BTC-USD,6,place,sell,85469,0.00029,quote-ask,join best,3e1f248f4345c7ad145f01cd91f154df
2026-09-22T06:34:05.493Z,dry,ETH-USD,7,place,sell,2734.3,0.0091,quote-ask,join best,d0faa3f3b489b078d1b7b70872d84aa4
2026-09-22T06:34:05.805Z,dry,BTC-USD,6,cancel,buy,85459,0.00029,quote-bid,target moved 85459 -> 85468,079272f83da6326178d6b329d9a939a9
2026-09-22T06:34:05.902Z,dry,BTC-USD,6,place,buy,85468,0.00029,quote-bid,rejoin best,75252ecebf59927fd10c986caa193c24
2026-09-22T06:34:06.210Z,dry,ETH-USD,7,cancel,buy,2733.6,0.0091,quote-bid,target moved 2733.6 -> 2734.2,744ab21c21116a930f3462d7222b25b2
2026-09-22T06:34:06.370Z,dry,ETH-USD,7,place,buy,2734.2,0.0091,quote-bid,rejoin best,182b8f1dc2fe9f391b66e738ef462e6a
2026-09-22T06:34:06.638Z,dry,BTC-USD,6,place,sell,85482,0.00029,quote-ask,join best,e8f4069e8a896d3b412715e5b120cf02
2026-09-22T06:34:06.732Z,dry,ETH-USD,7,place,sell,2734.5,0.0091,quote-ask,join best,195d15f78a58190ee7fdd32a1cfe33f2
2026-09-22T06:34:07.046Z,dry,BTC-USD,6,cancel,buy,85468,0.00029,quote-bid,target moved 85468 -> 85481,75252ecebf59927fd10c986caa193c24
2026-09-22T06:34:07.143Z,dry,BTC-USD,6,place,buy,85481,0.00029,quote-bid,rejoin best,9eb60c8ab390f96746a6d15e7d04d209
2026-09-22T06:34:07.236Z,dry,ETH-USD,7,cancel,buy,2734.2,0.0091,quote-bid,target moved 2734.2 -> 2734.3,182b8f1dc2fe9f391b66e738ef462e6a
2026-09-22T06:34:07.332Z,dry,ETH-USD,7,place,buy,2734.3,0.0091,quote-bid,rejoin best,d4400e6e76ac4cadb81d8d67807eeec6
2026-09-22T06:34:08.478Z,dry,ETH-USD,7,cancel,sell,2734.5,0.0091,quote-ask,target moved 2734.5 -> 2734.6,195d15f78a58190ee7fdd32a1cfe33f2
2026-09-22T06:34:08.589Z,dry,ETH-USD,7,place,sell,2734.6,0.0091,quote-ask,rejoin best,6511101a9081b595687be5ae742c5d74
2026-09-22T06:34:08.681Z,dry,ETH-USD,7,cancel,buy,2734.3,0.0091,quote-bid,target moved 2734.3 -> 2734.1,d4400e6e76ac4cadb81d8d67807eeec6
2026-09-22T06:34:08.777Z,dry,ETH-USD,7,place,buy,2734.1,0.0091,quote-bid,rejoin best,b48dac03fb6942d04b3239d5436571c2
2026-09-22T06:34:09.695Z,dry,ETH-USD,7,cancel,buy,2734.1,0.0091,quote-bid,target moved 2734.1 -> 2734.4,b48dac03fb6942d04b3239d5436571c2
2026-09-22T06:34:09.788Z,dry,ETH-USD,7,cancel,sell,2734.6,0.0091,quote-ask,target moved 2734.6 -> 2734.5,6511101a9081b595687be5ae742c5d74
2026-09-22T06:34:09.884Z,dry,ETH-USD,7,place,buy,2734.4,0.0091,quote-bid,rejoin best,4c8f672043be2c445e667c357d86af8f
2026-09-22T06:34:09.977Z,dry,ETH-USD,7,place,sell,2734.5,0.0091,quote-ask,rejoin best,4fc2f8a593727bbfdd77d3e02d2aaeef
2026-09-22T06:34:11.318Z,dry,ETH-USD,7,cancel,buy,2734.4,0.0091,quote-bid,target moved 2734.4 -> 2734.6,4c8f672043be2c445e667c357d86af8f
2026-09-22T06:34:11.414Z,dry,ETH-USD,7,place,buy,2734.6,0.0091,quote-bid,rejoin best,2d352be38a7738efa2247f6073591bcc
2026-09-22T06:34:12.330Z,dry,BTC-USD,6,place,sell,85502,0.00029,quote-ask,join best,a807184dad5af065f6c14e19dfb521cf
2026-09-22T06:34:12.733Z,dry,BTC-USD,6,cancel,buy,85481,0.00029,quote-bid,target moved 85481 -> 85488,9eb60c8ab390f96746a6d15e7d04d209
2026-09-22T06:34:12.829Z,dry,BTC-USD,6,place,buy,85488,0.00029,quote-bid,rejoin best,67e34d663570a6833dfa758834edf936
2026-09-22T06:34:12.920Z,dry,ETH-USD,7,cancel,buy,2734.6,0.0091,quote-bid,target moved 2734.6 -> 2734.5,2d352be38a7738efa2247f6073591bcc
2026-09-22T06:34:13.014Z,dry,ETH-USD,7,place,buy,2734.5,0.0091,quote-bid,rejoin best,ae59e86d60158dcf0cb46c8615b6584a
2026-09-22T06:34:13.138Z,dry,BTC-USD,6,cancel,sell,85502,0.00029,quote-ask,target moved 85502 -> 85489,a807184dad5af065f6c14e19dfb521cf
2026-09-22T06:34:13.249Z,dry,BTC-USD,6,place,sell,85489,0.00029,quote-ask,rejoin best,8b128edb3314c6133de1bb8649ee91b4
2026-09-22T06:34:14.355Z,dry,BTC-USD,6,cancel,buy,85488,0.00029,quote-bid,target moved 85488 -> 85497,67e34d663570a6833dfa758834edf936
2026-09-22T06:34:14.451Z,dry,BTC-USD,6,place,buy,85497,0.00029,quote-bid,rejoin best,14c1edaefb635e0805387d82356667b0
2026-09-22T06:34:14.543Z,dry,ETH-USD,7,cancel,buy,2734.5,0.0091,quote-bid,target moved 2734.5 -> 2734.8,ae59e86d60158dcf0cb46c8615b6584a
2026-09-22T06:34:14.639Z,dry,ETH-USD,7,place,buy,2734.8,0.0091,quote-bid,rejoin best,07e395d8db4b06922e7f3a955a5d820a
2026-09-22T06:34:15.170Z,dry,ETH-USD,7,cancel,buy,2734.8,0.0091,quote-bid,target moved 2734.8 -> 2734.9,07e395d8db4b06922e7f3a955a5d820a
2026-09-22T06:34:15.266Z,dry,ETH-USD,7,place,buy,2734.9,0.0091,quote-bid,rejoin best,20c0e7876eb2e691bedef84f9926c238
2026-09-22T06:34:16.187Z,dry,BTC-USD,6,cancel,buy,85497,0.00029,quote-bid,target moved 85497 -> 85506,14c1edaefb635e0805387d82356667b0
2026-09-22T06:34:16.282Z,dry,BTC-USD,6,place,buy,85506,0.00029,quote-bid,rejoin best,632f529d7cbbefb504f8a37f63113564
2026-09-22T06:34:19.023Z,dry,ETH-USD,7,place,buy,2734.4,0.0091,quote-bid,join best,710f204a0c547dfd969334a5c7b9cd81
2026-09-22T06:34:19.115Z,dry,ETH-USD,7,place,sell,2734.9,0.0091,quote-ask,join best,e13b713022e23ed8a1a3f335848060ef
2026-09-22T06:34:19.626Z,dry,ETH-USD,7,cancel,buy,2734.4,0.0091,quote-bid,target moved 2734.4 -> 2734.5,710f204a0c547dfd969334a5c7b9cd81
2026-09-22T06:34:19.735Z,dry,ETH-USD,7,cancel,sell,2734.9,0.0091,quote-ask,target moved 2734.9 -> 2734.7,e13b713022e23ed8a1a3f335848060ef
2026-09-22T06:34:19.830Z,dry,ETH-USD,7,place,buy,2734.5,0.0091,quote-bid,rejoin best,604594ef6db4fc7f5fcbbf825135d488
2026-09-22T06:34:19.924Z,dry,ETH-USD,7,place,sell,2734.7,0.0091,quote-ask,rejoin best,aebe36b70bb14280d8af4fa88c703d9f
2026-09-22T06:34:20.452Z,dry,ETH-USD,7,cancel,buy,2734.5,0.0091,quote-bid,target moved 2734.5 -> 2734.6,604594ef6db4fc7f5fcbbf825135d488
2026-09-22T06:34:20.547Z,dry,ETH-USD,7,place,buy,2734.6,0.0091,quote-bid,rejoin best,f56b7096ceedc9f90e0164f92632bfd8
2026-09-22T06:34:22.283Z,dry,BTC-USD,6,place,buy,85501,0.00029,quote-bid,join best,9a2dd7f186ef56a49340f589d0116109
2026-09-22T06:34:22.392Z,dry,BTC-USD,6,place,sell,85502,0.00029,quote-ask,join best,3df4bf25ba4090e499817d8cd8c08389
2026-09-22T06:34:22.482Z,dry,ETH-USD,7,cancel,buy,2734.6,0.0091,quote-bid,target moved 2734.6 -> 2734.5,f56b7096ceedc9f90e0164f92632bfd8
2026-09-22T06:34:22.579Z,dry,ETH-USD,7,place,buy,2734.5,0.0091,quote-bid,rejoin best,73ce9204b5ac087f88789da1362fe168
2026-09-22T06:34:23.113Z,dry,ETH-USD,7,cancel,sell,2734.7,0.0091,quote-ask,target moved 2734.7 -> 2734.6,aebe36b70bb14280d8af4fa88c703d9f
2026-09-22T06:34:23.207Z,dry,ETH-USD,7,place,sell,2734.6,0.0091,quote-ask,rejoin best,4261e69aba926e4bd608c925f504da0d
2026-09-22T06:34:24.782Z,dry,BTC-USD,6,place,buy,85496,0.00029,quote-bid,join best,87271afb54275f128aa65e49a055b329
2026-09-22T06:34:24.869Z,dry,ETH-USD,7,place,buy,2734.1,0.0091,quote-bid,join best,d81daa8017600064f4f9559373a2f50e
2026-09-22T06:34:24.993Z,dry,BTC-USD,6,place,buy,85495,0.00029,quote-bid,join best,257faaba1c26024d43f3c7d484f49e72
2026-09-22T06:34:25.081Z,dry,ETH-USD,7,place,buy,2733.8,0.0091,quote-bid,join best,81b0583410bb33bc8302efb632c3d2c4
2026-09-22T06:34:25.196Z,dry,BTC-USD,6,place,buy,85489,0.00029,quote-bid,join best,58bd6cb2da768cbe8d66fec7a7d4e550
2026-09-22T06:34:25.603Z,dry,BTC-USD,6,cancel,sell,85502,0.00029,quote-ask,target moved 85502 -> 85490,3df4bf25ba4090e499817d8cd8c08389
2026-09-22T06:34:25.700Z,dry,BTC-USD,6,place,sell,85490,0.00029,quote-ask,rejoin best,6a814262b461312aaa34c3527f523c61
2026-09-22T06:34:25.792Z,dry,ETH-USD,7,cancel,buy,2733.8,0.0091,quote-bid,target moved 2733.8 -> 2734,81b0583410bb33bc8302efb632c3d2c4
2026-09-22T06:34:25.886Z,dry,ETH-USD,7,cancel,sell,2734.6,0.0091,quote-ask,target moved 2734.6 -> 2734.1,4261e69aba926e4bd608c925f504da0d
2026-09-22T06:34:25.983Z,dry,ETH-USD,7,place,buy,2734,0.0091,quote-bid,rejoin best,a981c0be7c209410443721d384791f04
2026-09-22T06:34:26.082Z,dry,ETH-USD,7,place,sell,2734.1,0.0091,quote-ask,rejoin best,6c99e20e7614bf2ef68623f6b4f1dbf2
2026-09-22T06:34:26.216Z,dry,BTC-USD,6,place,buy,85483,0.00029,quote-bid,join best,61e4bec0f72f38280a61a93d9e18a38f
2026-09-22T06:34:26.313Z,dry,ETH-USD,7,place,buy,2733.6,0.0091,quote-bid,join best,df73221f58c68c54fc368e5a71343dab
2026-09-22T06:34:26.624Z,dry,ETH-USD,7,cancel,sell,2734.1,0.0091,quote-ask,target moved 2734.1 -> 2733.8,6c99e20e7614bf2ef68623f6b4f1dbf2
2026-09-22T06:34:26.720Z,dry,ETH-USD,7,place,sell,2733.8,0.0091,quote-ask,rejoin best,f22e8eb88e2e35f74c734de7e8750116
2026-09-22T06:34:26.828Z,dry,BTC-USD,6,cancel,sell,85490,0.00029,quote-ask,target moved 85490 -> 85478,6a814262b461312aaa34c3527f523c61
2026-09-22T06:34:26.924Z,dry,BTC-USD,6,place,sell,85478,0.00029,quote-ask,rejoin best,03bcf7c7da01a6636c1ac77c2ccd5168
2026-09-22T06:34:27.850Z,dry,ETH-USD,7,cancel,sell,2733.8,0.0091,quote-ask,target moved 2733.8 -> 2733.7,f22e8eb88e2e35f74c734de7e8750116
2026-09-22T06:34:27.946Z,dry,ETH-USD,7,place,sell,2733.7,0.0091,quote-ask,rejoin best,5fc37f3175a13c4e605f34d2ad82a65a
2026-09-22T06:34:28.057Z,dry,ETH-USD,7,place,buy,2733.2,0.0091,quote-bid,join best,6b207265c6abab5ee7afe1e7eb8a9b1e
2026-09-22T06:34:28.462Z,dry,ETH-USD,7,cancel,sell,2733.7,0.0091,quote-ask,target moved 2733.7 -> 2733.3,5fc37f3175a13c4e605f34d2ad82a65a
2026-09-22T06:34:28.557Z,dry,ETH-USD,7,place,sell,2733.3,0.0091,quote-ask,rejoin best,1b57374f86640c8bf372c5eb1c030d8a
2026-09-22T06:34:31.502Z,dry,ETH-USD,7,place,sell,2733.6,0.0091,quote-ask,join best,95248d4f94c2da85d37cfa1a71de0d32
2026-09-22T06:34:31.908Z,dry,ETH-USD,7,cancel,buy,2733.2,0.0091,quote-bid,target moved 2733.2 -> 2733.5,6b207265c6abab5ee7afe1e7eb8a9b1e
2026-09-22T06:34:32.004Z,dry,ETH-USD,7,place,buy,2733.5,0.0091,quote-bid,rejoin best,7c21e2291d4081d5571a9a05c951c967
2026-09-22T06:34:35.970Z,dry,ETH-USD,7,place,buy,2733.2,0.0091,quote-bid,join best,07a03e9a1f1c92ce5d27386e9882f4ec
2026-09-22T06:34:36.776Z,dry,BTC-USD,6,cancel,sell,85478,0.00029,quote-ask,target moved 85478 -> 85473,03bcf7c7da01a6636c1ac77c2ccd5168
2026-09-22T06:34:36.870Z,dry,BTC-USD,6,place,sell,85473,0.00029,quote-ask,rejoin best,b9d5625ebfec2314540fabc488ec7879
2026-09-22T06:34:36.978Z,dry,ETH-USD,7,cancel,sell,2733.6,0.0091,quote-ask,target moved 2733.6 -> 2733,95248d4f94c2da85d37cfa1a71de0d32
2026-09-22T06:34:37.073Z,dry,ETH-USD,7,place,sell,2733,0.0091,quote-ask,rejoin best,ad7ee4ac1852bdcf009cc4d6f410d52b
2026-09-22T06:34:37.992Z,dry,BTC-USD,6,cancel,sell,85473,0.00029,quote-ask,target moved 85473 -> 85469,b9d5625ebfec2314540fabc488ec7879
2026-09-22T06:34:38.104Z,dry,BTC-USD,6,place,sell,85469,0.00029,quote-ask,rejoin best,f5d69116c8e28a0bf26f0c2a316a2b35
2026-09-22T06:34:38.194Z,dry,ETH-USD,7,cancel,sell,2733,0.0091,quote-ask,target moved 2733 -> 2732.9,ad7ee4ac1852bdcf009cc4d6f410d52b
2026-09-22T06:34:38.291Z,dry,ETH-USD,7,place,sell,2732.9,0.0091,quote-ask,rejoin best,ecc10ebc8517a5ec2cfb77a751c608b4
2026-09-22T06:34:38.815Z,dry,BTC-USD,6,cancel,sell,85469,0.00029,quote-ask,target moved 85469 -> 85461,f5d69116c8e28a0bf26f0c2a316a2b35
2026-09-22T06:34:38.909Z,dry,BTC-USD,6,place,sell,85461,0.00029,quote-ask,rejoin best,84a455d04f1403ee0fe86b481163ae50
2026-09-22T06:34:40.636Z,dry,ETH-USD,7,cancel,sell,2732.9,0.0091,quote-ask,target moved 2732.9 -> 2732.8,ecc10ebc8517a5ec2cfb77a751c608b4
2026-09-22T06:34:40.733Z,dry,ETH-USD,7,place,sell,2732.8,0.0091,quote-ask,rejoin best,50f157c595eba66ba7d04dceb439e6b4
2026-09-22T06:34:43.875Z,dry,ETH-USD,7,cancel,sell,2732.8,0.0091,quote-ask,target moved 2732.8 -> 2732.4,50f157c595eba66ba7d04dceb439e6b4
2026-09-22T06:34:43.971Z,dry,ETH-USD,7,place,sell,2732.4,0.0091,quote-ask,rejoin best,4ca419f40780f013fcbc59d2075d1dee
2026-09-22T06:34:44.077Z,dry,BTC-USD,6,cancel,sell,85461,0.00029,quote-ask,target moved 85461 -> 85454,84a455d04f1403ee0fe86b481163ae50
2026-09-22T06:34:44.168Z,dry,BTC-USD,6,place,sell,85454,0.00029,quote-ask,rejoin best,735aacd39440f653fe7159e8d002321e
2026-09-22T06:34:45.090Z,dry,ETH-USD,7,cancel,sell,2732.4,0.0091,quote-ask,target moved 2732.4 -> 2732.2,4ca419f40780f013fcbc59d2075d1dee
2026-09-22T06:34:45.185Z,dry,ETH-USD,7,place,sell,2732.2,0.0091,quote-ask,rejoin best,47d0b09f370fb8fce2501a73859564d4
2026-09-22T06:34:47.116Z,dry,ETH-USD,7,place,buy,2732.3,0.0091,quote-bid,join best,58e0b20554f650a31fb8b029997e9249
2026-09-22T06:34:47.208Z,dry,ETH-USD,7,place,sell,2732.4,0.0091,quote-ask,join best,91078952640e9b740b886e9f7b56bef0
2026-09-22T06:34:49.747Z,dry,ETH-USD,7,cancel,sell,2732.4,0.0091,quote-ask,target moved 2732.4 -> 2732.2,91078952640e9b740b886e9f7b56bef0
2026-09-22T06:34:49.843Z,dry,ETH-USD,7,place,sell,2732.2,0.0091,quote-ask,rejoin best,e86a5e9c2cdcaead46f963cfd3a3636f
2026-09-22T06:34:50.154Z,dry,ETH-USD,7,place,buy,2732.2,0.0091,quote-bid,join best,5c7edaf44139606d347288a0b5746f46
2026-09-22T06:34:50.248Z,dry,ETH-USD,7,place,sell,2732.3,0.0091,quote-ask,join best,651757b9505768e1c0c78243b1b16a02
2026-09-22T06:34:51.574Z,dry,ETH-USD,7,place,buy,2732.6,0.0091,quote-bid,join best,3f66458d5126bd37da474c18f2ca39df
2026-09-22T06:34:51.666Z,dry,ETH-USD,7,place,sell,2732.7,0.0091,quote-ask,join best,9ea7ac7c8b98a25969f70c724a5a379c
2026-09-22T06:34:55.238Z,dry,ETH-USD,7,place,sell,2732.8,0.0091,quote-ask,join best,2d20d8d6dd56d4ce43b05835e7aae536
2026-09-22T06:34:55.650Z,dry,ETH-USD,7,place,sell,2732.9,0.0091,quote-ask,join best,30ebb5f27f1bb678f42031bf9ee2c9db
2026-09-22T06:34:56.056Z,dry,ETH-USD,7,cancel,buy,2732.6,0.0091,quote-bid,target moved 2732.6 -> 2732.8,3f66458d5126bd37da474c18f2ca39df
2026-09-22T06:34:56.152Z,dry,ETH-USD,7,place,buy,2732.8,0.0091,quote-bid,rejoin best,7f250f5d56b3ee95bf26b2e54b0f9f6e
2026-09-22T06:35:00.328Z,dry,ETH-USD,7,place,buy,2732.1,0.0091,quote-bid,join best,c3e1d2c80d51fd17219d32c5b8829e2d
2026-09-22T06:35:01.339Z,dry,ETH-USD,7,cancel,sell,2732.9,0.0091,quote-ask,target moved 2732.9 -> 2732.7,30ebb5f27f1bb678f42031bf9ee2c9db
2026-09-22T06:35:01.436Z,dry,ETH-USD,7,place,sell,2732.7,0.0091,quote-ask,rejoin best,bce7aa0a91a9d842ad942ee38614a453
2026-09-22T06:35:01.543Z,dry,ETH-USD,7,cancel,buy,2732.1,0.0091,quote-bid,target moved 2732.1 -> 2732.6,c3e1d2c80d51fd17219d32c5b8829e2d
2026-09-22T06:35:01.638Z,dry,ETH-USD,7,place,buy,2732.6,0.0091,quote-bid,rejoin best,8054932a06893b2d690719437eca732e
2026-09-22T06:35:03.975Z,dry,ETH-USD,7,place,sell,2732.8,0.0091,quote-ask,join best,2f7276bc0738865e3b38a63c3680425e
2026-09-22T06:35:04.377Z,dry,ETH-USD,7,cancel,buy,2732.6,0.0091,quote-bid,target moved 2732.6 -> 2732.7,8054932a06893b2d690719437eca732e
2026-09-22T06:35:04.469Z,dry,ETH-USD,7,place,buy,2732.7,0.0091,quote-bid,rejoin best,b9574551d423e6af8e9a132512cb9b7b
2026-09-22T06:35:04.783Z,dry,ETH-USD,7,place,buy,2732.5,0.0091,quote-bid,join best,e8ff84bf8904104bda96d2c68d4318ef
2026-09-22T06:35:05.187Z,dry,ETH-USD,7,cancel,sell,2732.8,0.0091,quote-ask,target moved 2732.8 -> 2732.6,2f7276bc0738865e3b38a63c3680425e
2026-09-22T06:35:05.283Z,dry,ETH-USD,7,place,sell,2732.6,0.0091,quote-ask,rejoin best,12f3645db6530d6b95763264f8e185a2
2026-09-22T06:35:05.595Z,dry,ETH-USD,7,place,sell,2732.7,0.0091,quote-ask,join best,a014d619d9cb4cac93224da7b79b6c4b
2026-09-22T06:35:06.000Z,dry,ETH-USD,7,place,sell,2732.8,0.0091,quote-ask,join best,d3be6245bd55a09f1953515b76ca82d2
2026-09-22T06:35:06.405Z,dry,ETH-USD,7,place,sell,2733,0.0091,quote-ask,join best,ae16d0b4d839107ddc81b143368ef84d
2026-09-22T06:35:06.810Z,dry,ETH-USD,7,cancel,buy,2732.5,0.0091,quote-bid,target moved 2732.5 -> 2732.9,e8ff84bf8904104bda96d2c68d4318ef
2026-09-22T06:35:06.906Z,dry,ETH-USD,7,place,buy,2732.9,0.0091,quote-bid,rejoin best,1bda1019a57015b4edae5a16589a19c0
2026-09-22T06:35:11.469Z,dry,ETH-USD,7,cancel,buy,2732.9,0.0091,quote-bid,target moved 2732.9 -> 2733.1,1bda1019a57015b4edae5a16589a19c0
2026-09-22T06:35:11.566Z,dry,ETH-USD,7,place,buy,2733.1,0.0091,quote-bid,rejoin best,0cd30e09c9dfdaa64fc6670438210b86
2026-09-22T06:35:14.317Z,dry,ETH-USD,7,place,buy,2732.8,0.0091,quote-bid,join best,e3e22d39b6892eacf7063d291d5c49fd
2026-09-22T06:35:14.411Z,dry,ETH-USD,7,place,sell,2732.9,0.0091,quote-ask,join best,7f37f5a770e13a2c834b0c5df728e703
2026-09-22T06:35:16.350Z,dry,ETH-USD,7,cancel,buy,2732.8,0.0091,quote-bid,target moved 2732.8 -> 2732.9,e3e22d39b6892eacf7063d291d5c49fd
2026-09-22T06:35:16.446Z,dry,ETH-USD,7,place,buy,2732.9,0.0091,quote-bid,rejoin best,62ec24c9a185d8f4d4b74a1854c68f01
2026-09-22T06:35:22.867Z,dry,ETH-USD,7,cancel,buy,2732.9,0.0091,quote-bid,target moved 2732.9 -> 2733.2,62ec24c9a185d8f4d4b74a1854c68f01
2026-09-22T06:35:22.964Z,dry,ETH-USD,7,place,buy,2733.2,0.0091,quote-bid,rejoin best,b9b261ec3c534879813cac3a65db5462
2026-09-22T06:35:23.679Z,dry,BTC-USD,6,place,buy,85460,0.00029,quote-bid,join best,3526d703ce562e9070219a28d2e337f9
2026-09-22T06:35:23.772Z,dry,BTC-USD,6,place,sell,85461,0.00029,quote-ask,join best,0b2e3994d39554cfdb514f86dd2f1f28
2026-09-22T06:35:24.080Z,dry,ETH-USD,7,cancel,buy,2733.2,0.0091,quote-bid,target moved 2733.2 -> 2733.4,b9b261ec3c534879813cac3a65db5462
2026-09-22T06:35:24.190Z,dry,ETH-USD,7,place,buy,2733.4,0.0091,quote-bid,rejoin best,1a02a5f53c2456400634e299d6982975
2026-09-22T06:35:25.297Z,dry,BTC-USD,6,cancel,buy,85460,0.00029,quote-bid,flatten owns instrument,3526d703ce562e9070219a28d2e337f9
2026-09-22T06:35:25.392Z,dry,BTC-USD,6,place,sell,85462,0.00029,flatten-post,passive exit,49d1e5bd42ea48f330f5694582ca239a
2026-09-22T06:35:25.907Z,dry,ETH-USD,7,cancel,buy,2733.4,0.0091,quote-bid,target moved 2733.4 -> 2734.3,1a02a5f53c2456400634e299d6982975
2026-09-22T06:35:26.003Z,dry,ETH-USD,7,place,buy,2734.3,0.0091,quote-bid,rejoin best,d0db91d5ad2bb363522c502069e3a160
2026-09-22T06:35:26.314Z,dry,ETH-USD,7,place,buy,2733.8,0.0091,quote-bid,join best,3963d6b7be8dbc2571d8fa6f78ab3c3a
2026-09-22T06:35:26.407Z,dry,ETH-USD,7,place,sell,2734.3,0.0091,quote-ask,join best,315b83542c917ff38a444b960d2b69d9
2026-09-22T06:35:26.918Z,dry,ETH-USD,7,cancel,buy,2733.8,0.0091,quote-bid,target moved 2733.8 -> 2734,3963d6b7be8dbc2571d8fa6f78ab3c3a
2026-09-22T06:35:27.015Z,dry,ETH-USD,7,place,buy,2734,0.0091,quote-bid,rejoin best,c4ff3ac962e136e20e18573c1b9a831f
2026-09-22T06:35:28.752Z,dry,ETH-USD,7,place,buy,2733.9,0.0091,quote-bid,join best,392a074313724149d279fa1732961800
2026-09-22T06:35:28.857Z,dry,ETH-USD,7,place,sell,2734,0.0091,quote-ask,join best,5d6e13e4ac1aa76822e79555f6e93bec
2026-09-22T06:35:29.572Z,dry,ETH-USD,7,cancel,sell,2734,0.0091,quote-ask,target moved 2734 -> 2734.2,5d6e13e4ac1aa76822e79555f6e93bec
2026-09-22T06:35:29.667Z,dry,ETH-USD,7,place,sell,2734.2,0.0091,quote-ask,rejoin best,e2d19cb82804713a5659dcfe3a33319c
2026-09-22T06:35:31.801Z,dry,ETH-USD,7,cancel,sell,2734.2,0.0091,quote-ask,target moved 2734.2 -> 2734,e2d19cb82804713a5659dcfe3a33319c
2026-09-22T06:35:31.902Z,dry,ETH-USD,7,place,sell,2734,0.0091,quote-ask,rejoin best,2d20fd2a810ddfd3be99888aa598b9b5
2026-09-22T06:35:35.244Z,dry,ETH-USD,7,cancel,buy,2733.9,0.0091,quote-bid,target moved 2733.9 -> 2734,392a074313724149d279fa1732961800
2026-09-22T06:35:35.339Z,dry,ETH-USD,7,place,buy,2734,0.0091,quote-bid,rejoin best,097f14471a52d9ec756c8d4db5b4fcef
2026-09-22T06:35:37.476Z,dry,ETH-USD,7,cancel,buy,2734,0.0091,quote-bid,target moved 2734 -> 2734.2,097f14471a52d9ec756c8d4db5b4fcef
2026-09-22T06:35:37.567Z,dry,ETH-USD,7,place,buy,2734.2,0.0091,quote-bid,rejoin best,42da8ef956b1f6056efd02fc96e55cb4
2026-09-22T06:35:38.084Z,dry,ETH-USD,7,cancel,buy,2734.2,0.0091,quote-bid,target moved 2734.2 -> 2734.3,42da8ef956b1f6056efd02fc96e55cb4
2026-09-22T06:35:38.180Z,dry,ETH-USD,7,place,buy,2734.3,0.0091,quote-bid,rejoin best,c68c7b446c933f0d3aa13cd2108bc89e
2026-09-22T06:35:39.301Z,dry,ETH-USD,7,cancel,buy,2734.3,0.0091,quote-bid,target moved 2734.3 -> 2734.4,c68c7b446c933f0d3aa13cd2108bc89e
2026-09-22T06:35:39.393Z,dry,ETH-USD,7,place,buy,2734.4,0.0091,quote-bid,rejoin best,2a4b1951bba6ac0da5af2c58dd7d1edf
2026-09-22T06:35:40.313Z,dry,BTC-USD,6,cancel,sell,85462,0.00029,flatten-post,flatten escalating to taker,49d1e5bd42ea48f330f5694582ca239a
2026-09-22T06:35:40.919Z,dry,ETH-USD,7,cancel,buy,2734.4,0.0091,quote-bid,target moved 2734.4 -> 2734.5,2a4b1951bba6ac0da5af2c58dd7d1edf
2026-09-22T06:35:41.016Z,dry,ETH-USD,7,place,buy,2734.5,0.0091,quote-bid,rejoin best,a73d863d3b77f9dff0e48ba4e2095c5f
2026-09-22T06:35:41.329Z,dry,BTC-USD,6,place,sell,85419,0.00029,flatten-ioc,taker exit (passive window elapsed),42fe0da260040f450112c2c8205a87fe
2026-09-22T06:35:41.531Z,dry,BTC-USD,6,place,buy,85461,0.00029,quote-bid,join best,95587ae55a3450326b30eae5827208fb
2026-09-22T06:35:41.625Z,dry,BTC-USD,6,place,sell,85462,0.00029,quote-ask,join best,00a0c2c2dfa76d0b3e0b5a76d5cccdeb
2026-09-22T06:35:42.744Z,dry,ETH-USD,7,place,buy,2734.1,0.0091,quote-bid,join best,c6d55af0c338e9a3d4c27e3f4f7fb4d6
2026-09-22T06:35:42.838Z,dry,ETH-USD,7,place,sell,2734.4,0.0091,quote-ask,join best,87f10aed908aef219d409d7dc2601a44
2026-09-22T06:35:43.352Z,dry,ETH-USD,7,cancel,sell,2734.4,0.0091,quote-ask,target moved 2734.4 -> 2734.2,87f10aed908aef219d409d7dc2601a44
2026-09-22T06:35:43.447Z,dry,ETH-USD,7,place,sell,2734.2,0.0091,quote-ask,rejoin best,7c5a2b83b606ad7494b6192e025b71c1
2026-09-22T06:35:45.382Z,dry,ETH-USD,7,cancel,buy,2734.1,0.0091,quote-bid,target moved 2734.1 -> 2734.2,c6d55af0c338e9a3d4c27e3f4f7fb4d6
2026-09-22T06:35:45.478Z,dry,ETH-USD,7,place,buy,2734.2,0.0091,quote-bid,rejoin best,bc1836b8d62118b14c71196244455314
2026-09-22T06:35:48.417Z,dry,ETH-USD,7,place,buy,2734.1,0.0091,quote-bid,join best,23ee997ecde8802e9e8bad10b3f782d7
2026-09-22T06:35:48.499Z,dry,ETH-USD,7,place,sell,2734.2,0.0091,quote-ask,join best,b5b043a081def3376bc9164a188b91c2
2026-09-22T06:35:50.651Z,dry,ETH-USD,7,place,buy,2734,0.0091,quote-bid,join best,084f23cc4d88459a1e4a4394faeecf4d
2026-09-22T06:35:51.055Z,dry,ETH-USD,7,cancel,sell,2734.2,0.0091,quote-ask,target moved 2734.2 -> 2734.1,b5b043a081def3376bc9164a188b91c2
2026-09-22T06:35:51.149Z,dry,ETH-USD,7,place,sell,2734.1,0.0091,quote-ask,rejoin best,2bf5a5cead743e76386304177305bd0a
2026-09-22T06:35:51.665Z,dry,ETH-USD,7,place,buy,2733.9,0.0091,quote-bid,join best,0e015bbbf998a1161f9d7db34f06cb24
2026-09-22T06:35:52.066Z,dry,ETH-USD,7,cancel,sell,2734.1,0.0091,quote-ask,target moved 2734.1 -> 2734,2bf5a5cead743e76386304177305bd0a
2026-09-22T06:35:52.148Z,dry,ETH-USD,7,place,sell,2734,0.0091,quote-ask,rejoin best,3b59ce11cd924b091a36510ebd5524e5
2026-09-22T06:35:52.266Z,dry,ETH-USD,7,place,buy,2733.7,0.0091,quote-bid,join best,7c74c0a27c01804961b8a5c0ab5f0f0b
2026-09-22T06:35:52.677Z,dry,ETH-USD,7,cancel,sell,2734,0.0091,quote-ask,target moved 2734 -> 2733.8,3b59ce11cd924b091a36510ebd5524e5
2026-09-22T06:35:52.770Z,dry,ETH-USD,7,place,sell,2733.8,0.0091,quote-ask,rejoin best,d0575cc0f40de7efebe91d8bfc597158
2026-09-22T06:35:56.333Z,dry,ETH-USD,7,place,buy,2733.6,0.0091,quote-bid,join best,2b36a945264431a7bc98596f11563b8d
2026-09-22T06:35:57.139Z,dry,ETH-USD,7,cancel,sell,2733.8,0.0091,quote-ask,target moved 2733.8 -> 2733.4,d0575cc0f40de7efebe91d8bfc597158
2026-09-22T06:35:57.235Z,dry,ETH-USD,7,place,sell,2733.4,0.0091,quote-ask,rejoin best,59ffea267dba489c4438587ce507b911
2026-09-22T06:36:00.781Z,dry,ETH-USD,7,cancel,sell,2733.4,0.0091,quote-ask,target moved 2733.4 -> 2732.8,59ffea267dba489c4438587ce507b911
2026-09-22T06:36:00.876Z,dry,ETH-USD,7,place,sell,2732.8,0.0091,quote-ask,rejoin best,e36f51640b4d5f932124fd888428f30b
2026-09-22T06:36:01.391Z,dry,ETH-USD,7,place,buy,2733,0.0091,quote-bid,join best,3dcbca380185debbfdd7ac6559027212
2026-09-22T06:36:01.483Z,dry,ETH-USD,7,place,sell,2733.2,0.0091,quote-ask,join best,e78c52c0d98cea0b5c0c3891a0150999
2026-09-22T06:36:01.999Z,dry,BTC-USD,6,place,sell,85462,0.00029,quote-ask,join best,348b1d6cbe49c281832a0b5cfdfe2a8c
2026-09-22T06:36:02.091Z,dry,ETH-USD,7,cancel,buy,2733,0.0091,quote-bid,target moved 2733 -> 2733.1,3dcbca380185debbfdd7ac6559027212
2026-09-22T06:36:02.184Z,dry,ETH-USD,7,place,buy,2733.1,0.0091,quote-bid,rejoin best,f35c338bcb104e95e71acb5ab90b0568
2026-09-22T06:36:03.621Z,dry,ETH-USD,7,cancel,sell,2733.2,0.0091,quote-ask,target moved 2733.2 -> 2732.9,e78c52c0d98cea0b5c0c3891a0150999
2026-09-22T06:36:03.718Z,dry,ETH-USD,7,place,sell,2732.9,0.0091,quote-ask,rejoin best,969d14309f4b537ce22c47262a9c8d27
2026-09-22T06:36:04.442Z,dry,ETH-USD,7,place,buy,2733,0.0091,quote-bid,join best,1e037f91f0077136daf65e4db76b6f75
2026-09-22T06:36:04.550Z,dry,ETH-USD,7,place,sell,2733.1,0.0091,quote-ask,join best,2d907ea268d7856358ffa3a7de9017ce
2026-09-22T06:36:04.641Z,dry,ETH-USD,7,reject,sell,2733.1,0.0091,quote-ask,post only order would cross,2d907ea268d7856358ffa3a7de9017ce
2026-09-22T06:36:04.649Z,dry,ETH-USD,7,place,sell,2733.4,0.0091,quote-ask,join best,f7fbfc690aef64009ccf318c03863d18
2026-09-22T06:36:05.065Z,dry,ETH-USD,7,cancel,buy,2733,0.0091,quote-bid,target moved 2733 -> 2733.3,1e037f91f0077136daf65e4db76b6f75
2026-09-22T06:36:05.161Z,dry,ETH-USD,7,place,buy,2733.3,0.0091,quote-bid,rejoin best,b311ce93f67681c9a54491197bf640f0
2026-09-22T06:36:06.093Z,dry,ETH-USD,7,cancel,sell,2733.4,0.0091,quote-ask,target moved 2733.4 -> 2733.3,f7fbfc690aef64009ccf318c03863d18
2026-09-22T06:36:06.188Z,dry,ETH-USD,7,place,sell,2733.3,0.0091,quote-ask,rejoin best,082a1edfef5a56fe83936e64f6f185b2
2026-09-22T06:36:07.307Z,dry,BTC-USD,6,place,buy,85453,0.00029,quote-bid,join best,bdde404baa3d86d201c5a4abdd2bf0aa
2026-09-22T06:36:07.713Z,dry,BTC-USD,6,cancel,sell,85462,0.00029,quote-ask,target moved 85462 -> 85454,348b1d6cbe49c281832a0b5cfdfe2a8c
2026-09-22T06:36:07.808Z,dry,BTC-USD,6,place,sell,85454,0.00029,quote-ask,rejoin best,6d98d158a43e6b8d1d1fd5f6d7f00452
2026-09-22T06:36:09.743Z,dry,ETH-USD,7,cancel,sell,2733.3,0.0091,quote-ask,target moved 2733.3 -> 2732.8,082a1edfef5a56fe83936e64f6f185b2
2026-09-22T06:36:09.838Z,dry,ETH-USD,7,place,sell,2732.8,0.0091,quote-ask,rejoin best,134dc2531b0dc805dcffed71c3a647cb
2026-09-22T06:36:12.790Z,dry,ETH-USD,7,place,buy,2732.8,0.0091,quote-bid,join best,ee96bc3c4f6a3b41e39fe2ae91bf8356
2026-09-22T06:36:12.883Z,dry,ETH-USD,7,place,sell,2732.9,0.0091,quote-ask,join best,158e9c87bb7c2f7dce99ef8620802717
2026-09-22T06:36:14.625Z,dry,ETH-USD,7,place,sell,2733,0.0091,quote-ask,join best,86a6567c5d0ee6308fac5bb49736c22a
2026-09-22T06:36:14.717Z,dry,ETH-USD,7,reject,sell,2733,0.0091,quote-ask,post only order would cross,86a6567c5d0ee6308fac5bb49736c22a
2026-09-22T06:36:14.828Z,dry,ETH-USD,7,place,sell,2733.1,0.0091,quote-ask,join best,b738b910a257e0e7e63b6171f23451ec
2026-09-22T06:36:15.031Z,dry,ETH-USD,7,place,sell,2733.2,0.0091,quote-ask,join best,3883f3c1461ec040516eb1eaa3dd3bba
2026-09-22T06:36:15.433Z,dry,ETH-USD,7,cancel,buy,2732.8,0.0091,quote-bid,target moved 2732.8 -> 2733.1,ee96bc3c4f6a3b41e39fe2ae91bf8356
2026-09-22T06:36:15.530Z,dry,ETH-USD,7,place,buy,2733.1,0.0091,quote-bid,rejoin best,d21c83c87dee42f98b534922a4347425
2026-09-22T06:36:21.340Z,dry,ETH-USD,7,place,sell,2733.3,0.0091,quote-ask,join best,ccb5450a50f826a935463d984a14e9a7
2026-09-22T06:36:21.745Z,dry,ETH-USD,7,cancel,buy,2733.1,0.0091,quote-bid,target moved 2733.1 -> 2733.2,d21c83c87dee42f98b534922a4347425
2026-09-22T06:36:21.840Z,dry,ETH-USD,7,place,buy,2733.2,0.0091,quote-bid,rejoin best,8ffa92fcdc794fd542425c16ac9e1d1a
2026-09-22T06:36:23.369Z,dry,ETH-USD,7,place,sell,2733.5,0.0091,quote-ask,join best,b708ba8bee6ef26898d0bf8f974a94aa
2026-09-22T06:36:23.457Z,dry,ETH-USD,7,reject,sell,2733.5,0.0091,quote-ask,post only order would cross,b708ba8bee6ef26898d0bf8f974a94aa
2026-09-22T06:36:23.570Z,dry,ETH-USD,7,place,sell,2733.7,0.0091,quote-ask,join best,ec248de16f37de1e1c600a0b4f159fb2
2026-09-22T06:36:23.772Z,dry,BTC-USD,6,place,sell,85462,0.00029,quote-ask,join best,f14cab0ec2b8162d850e7c403258b813
2026-09-22T06:36:24.178Z,dry,BTC-USD,6,cancel,buy,85453,0.00029,quote-bid,target moved 85453 -> 85461,bdde404baa3d86d201c5a4abdd2bf0aa
2026-09-22T06:36:24.269Z,dry,BTC-USD,6,place,buy,85461,0.00029,quote-bid,rejoin best,39a6a4b5167d6e6145e6efda40e91b29
2026-09-22T06:36:24.581Z,dry,ETH-USD,7,cancel,buy,2733.2,0.0091,quote-bid,target moved 2733.2 -> 2733.8,8ffa92fcdc794fd542425c16ac9e1d1a
2026-09-22T06:36:24.673Z,dry,ETH-USD,7,place,buy,2733.8,0.0091,quote-bid,rejoin best,42ef689b6049e1e6f43a03d7f4834719
2026-09-22T06:36:28.233Z,dry,BTC-USD,6,place,sell,85464,0.00029,quote-ask,join best,f98c81b3578e8db9d2067fdc64ba0c6e
2026-09-22T06:36:28.323Z,dry,ETH-USD,7,cancel,buy,2733.8,0.0091,quote-bid,target moved 2733.8 -> 2734,42ef689b6049e1e6f43a03d7f4834719
2026-09-22T06:36:28.418Z,dry,ETH-USD,7,place,buy,2734,0.0091,quote-bid,rejoin best,93b4b31d674fd6ce6a06da7849c0e942
2026-09-22T06:36:28.634Z,dry,BTC-USD,6,cancel,buy,85461,0.00029,quote-bid,target moved 85461 -> 85463,39a6a4b5167d6e6145e6efda40e91b29
2026-09-22T06:36:28.761Z,dry,BTC-USD,6,place,buy,85463,0.00029,quote-bid,rejoin best,fdf88953fc8c3d60e5c9e4ed11cccfc7
2026-09-22T06:36:29.859Z,dry,ETH-USD,7,place,buy,2733.9,0.0091,quote-bid,join best,224d8b91a388d28c0b9bb384b284f23f
2026-09-22T06:36:29.951Z,dry,ETH-USD,7,reject,buy,2733.9,0.0091,quote-bid,post only order would cross,224d8b91a388d28c0b9bb384b284f23f
2026-09-22T06:36:29.959Z,dry,ETH-USD,7,place,sell,2734,0.0091,quote-ask,join best,9ef0c232e9c4ff859c2c4e50b1ece6d0
2026-09-22T06:36:30.063Z,dry,ETH-USD,7,place,buy,2733.4,0.0091,quote-bid,join best,191af4f405bf04c75e43aa5963d5f056
2026-09-22T06:36:30.671Z,dry,ETH-USD,7,cancel,buy,2733.4,0.0091,quote-bid,target moved 2733.4 -> 2733.5,191af4f405bf04c75e43aa5963d5f056
2026-09-22T06:36:30.764Z,dry,ETH-USD,7,cancel,sell,2734,0.0091,quote-ask,target moved 2734 -> 2733.6,9ef0c232e9c4ff859c2c4e50b1ece6d0
2026-09-22T06:36:30.857Z,dry,ETH-USD,7,place,buy,2733.5,0.0091,quote-bid,rejoin best,9f78abc977c61e596f101e209e2c5b39
2026-09-22T06:36:30.951Z,dry,ETH-USD,7,place,sell,2733.6,0.0091,quote-ask,rejoin best,0d704ec243bd035113b84e93dbc8c54c
2026-09-22T06:36:32.105Z,dry,BTC-USD,6,place,buy,85454,0.00029,quote-bid,join best,0fae9a4ce56c5419676b47370e15cbc1
2026-09-22T06:36:32.194Z,dry,ETH-USD,7,place,buy,2732.6,0.0091,quote-bid,join best,3439b937ef70509b818704d4f0167fb1
2026-09-22T06:36:32.506Z,dry,BTC-USD,6,cancel,sell,85464,0.00029,quote-ask,target moved 85464 -> 85455,f98c81b3578e8db9d2067fdc64ba0c6e
2026-09-22T06:36:32.618Z,dry,BTC-USD,6,place,sell,85455,0.00029,quote-ask,rejoin best,67482634148bd08e1a7dd68b525eb6ef
2026-09-22T06:36:32.711Z,dry,ETH-USD,7,cancel,buy,2732.6,0.0091,quote-bid,target moved 2732.6 -> 2732.8,3439b937ef70509b818704d4f0167fb1
2026-09-22T06:36:32.803Z,dry,ETH-USD,7,cancel,sell,2733.6,0.0091,quote-ask,target moved 2733.6 -> 2733.1,0d704ec243bd035113b84e93dbc8c54c
2026-09-22T06:36:32.899Z,dry,ETH-USD,7,place,buy,2732.8,0.0091,quote-bid,rejoin best,b2aa3e84f694690372cbbf8e1ea918ce
2026-09-22T06:36:32.992Z,dry,ETH-USD,7,place,sell,2733.1,0.0091,quote-ask,rejoin best,f1be3e195dff5eeb1c5426ee28fb0ff8
2026-09-22T06:36:34.330Z,dry,ETH-USD,7,cancel,sell,2733.1,0.0091,quote-ask,target moved 2733.1 -> 2733,f1be3e195dff5eeb1c5426ee28fb0ff8
2026-09-22T06:36:34.439Z,dry,ETH-USD,7,place,sell,2733,0.0091,quote-ask,rejoin best,890390d3cf7f59851191fc02e22fd372
2026-09-22T06:36:34.941Z,dry,ETH-USD,7,cancel,buy,2732.8,0.0091,quote-bid,target moved 2732.8 -> 2732.9,b2aa3e84f694690372cbbf8e1ea918ce
2026-09-22T06:36:35.037Z,dry,ETH-USD,7,place,buy,2732.9,0.0091,quote-bid,rejoin best,d1848550f96c7f64f3075a53b6c08be8
2026-09-22T06:36:36.567Z,dry,ETH-USD,7,place,sell,2733.3,0.0091,quote-ask,join best,78c6759f35b624252666a69cc56c67d2
2026-09-22T06:36:36.967Z,dry,ETH-USD,7,cancel,buy,2732.9,0.0091,quote-bid,target moved 2732.9 -> 2733.2,d1848550f96c7f64f3075a53b6c08be8
2026-09-22T06:36:37.064Z,dry,ETH-USD,7,place,buy,2733.2,0.0091,quote-bid,rejoin best,873dc44fd0a2f8722b00c527485635bd
2026-09-22T06:36:38.794Z,dry,BTC-USD,6,place,sell,85462,0.00029,quote-ask,join best,c558052908aa3769bf72cbf1bd542b29
2026-09-22T06:36:39.397Z,dry,BTC-USD,6,cancel,buy,85454,0.00029,quote-bid,target moved 85454 -> 85461,0fae9a4ce56c5419676b47370e15cbc1
2026-09-22T06:36:39.492Z,dry,BTC-USD,6,place,buy,85461,0.00029,quote-bid,rejoin best,20aeee576a8d7de1bcbf74d6a6c1b343
2026-09-22T06:36:39.600Z,dry,ETH-USD,7,cancel,buy,2733.2,0.0091,quote-bid,target moved 2733.2 -> 2733.5,873dc44fd0a2f8722b00c527485635bd
2026-09-22T06:36:39.697Z,dry,ETH-USD,7,place,buy,2733.5,0.0091,quote-bid,rejoin best,fdbd3b5256bdf24c3f6c4a9f50275392
2026-09-22T06:36:41.020Z,dry,BTC-USD,6,cancel,buy,85461,0.00029,quote-bid,target moved 85461 -> 85465,20aeee576a8d7de1bcbf74d6a6c1b343
2026-09-22T06:36:41.116Z,dry,BTC-USD,6,place,buy,85465,0.00029,quote-bid,rejoin best,40e27bc27078d90a0d15e14ebc28dff9
2026-09-22T06:36:41.224Z,dry,ETH-USD,7,cancel,buy,2733.5,0.0091,quote-bid,target moved 2733.5 -> 2733.8,fdbd3b5256bdf24c3f6c4a9f50275392
2026-09-22T06:36:41.320Z,dry,ETH-USD,7,place,buy,2733.8,0.0091,quote-bid,rejoin best,6efae7f3f7f4bc6f6e3daffb4b368c94
2026-09-22T06:36:42.642Z,dry,ETH-USD,7,cancel,buy,2733.8,0.0091,quote-bid,target moved 2733.8 -> 2733.7,6efae7f3f7f4bc6f6e3daffb4b368c94
2026-09-22T06:36:42.738Z,dry,ETH-USD,7,place,buy,2733.7,0.0091,quote-bid,rejoin best,a2addc19c752d1be4ecf27d9a5ac7970
2026-09-22T06:36:42.845Z,dry,ETH-USD,7,place,sell,2733.8,0.0091,quote-ask,join best,a46b0a69ff9ad5e4b546c0025e52ddb5
2026-09-22T06:36:45.281Z,dry,ETH-USD,7,cancel,sell,2733.8,0.0091,quote-ask,target moved 2733.8 -> 2734.1,a46b0a69ff9ad5e4b546c0025e52ddb5
2026-09-22T06:36:45.378Z,dry,ETH-USD,7,place,sell,2734.1,0.0091,quote-ask,rejoin best,c23c801766eebb76aadc1ccb3b5a7607
2026-09-22T06:36:46.498Z,dry,ETH-USD,7,cancel,sell,2734.1,0.0091,quote-ask,target moved 2734.1 -> 2734,c23c801766eebb76aadc1ccb3b5a7607
2026-09-22T06:36:46.593Z,dry,ETH-USD,7,place,sell,2734,0.0091,quote-ask,rejoin best,aa97a809546d9099a0676ec682123f91
2026-09-22T06:36:47.510Z,dry,ETH-USD,7,cancel,buy,2733.7,0.0091,quote-bid,target moved 2733.7 -> 2733.9,a2addc19c752d1be4ecf27d9a5ac7970
2026-09-22T06:36:47.607Z,dry,ETH-USD,7,place,buy,2733.9,0.0091,quote-bid,rejoin best,595bc6570bfa34f46ff9d0475b07d248
2026-09-22T06:36:51.159Z,dry,ETH-USD,7,cancel,buy,2733.9,0.0091,quote-bid,target moved 2733.9 -> 2734.1,595bc6570bfa34f46ff9d0475b07d248
2026-09-22T06:36:51.256Z,dry,ETH-USD,7,place,buy,2734.1,0.0091,quote-bid,rejoin best,793aab8bb92516c5be80a7fd2b7c2f38
2026-09-22T06:36:51.363Z,dry,BTC-USD,6,cancel,buy,85465,0.00029,quote-bid,target moved 85465 -> 85473,40e27bc27078d90a0d15e14ebc28dff9
2026-09-22T06:36:51.459Z,dry,BTC-USD,6,place,buy,85473,0.00029,quote-bid,rejoin best,246c368298dcc3c206e572fa9c9b0ecc
2026-09-22T06:37:01.328Z,dry,ETH-USD,7,place,buy,2733.7,0.0091,quote-bid,join best,31d374abc8b069b9880a1e027487910f
2026-09-22T06:37:01.421Z,dry,ETH-USD,7,place,sell,2733.8,0.0091,quote-ask,join best,81d3a22e59c2b8c82578dc7f42543e3b
2026-09-22T06:37:02.747Z,dry,ETH-USD,7,place,buy,2733.6,0.0091,quote-bid,join best,5fc45542c015c698b60cb82ad49d221f
2026-09-22T06:37:03.554Z,dry,ETH-USD,7,cancel,sell,2733.8,0.0091,quote-ask,target moved 2733.8 -> 2733.7,81d3a22e59c2b8c82578dc7f42543e3b
2026-09-22T06:37:03.648Z,dry,ETH-USD,7,place,sell,2733.7,0.0091,quote-ask,rejoin best,0eca33d0a6f78a6593fd7fd69eac9951
2026-09-22T06:37:04.168Z,dry,BTC-USD,6,place,buy,85465,0.00029,quote-bid,join best,c208c3da0104b73644e7012744acaaa9
2026-09-22T06:37:04.271Z,dry,BTC-USD,6,place,sell,85466,0.00029,quote-ask,join best,e0c48042fb9defee0a01d3d15ac0a4da
2026-09-22T06:37:04.365Z,dry,ETH-USD,7,place,buy,2733.1,0.0091,quote-bid,join best,1aa689636aee229a960f2b91d3244b40
2026-09-22T06:37:04.987Z,dry,ETH-USD,7,cancel,sell,2733.7,0.0091,quote-ask,target moved 2733.7 -> 2733.2,0eca33d0a6f78a6593fd7fd69eac9951
2026-09-22T06:37:05.081Z,dry,ETH-USD,7,place,sell,2733.2,0.0091,quote-ask,rejoin best,7b993f54c3fcde776ee7e40f1d77f6a2
2026-09-22T06:37:07.022Z,dry,ETH-USD,7,place,sell,2733.6,0.0091,quote-ask,join best,37543876f36abedfa52f706fb7efbb93
2026-09-22T06:37:07.628Z,dry,ETH-USD,7,cancel,buy,2733.1,0.0091,quote-bid,target moved 2733.1 -> 2733.5,1aa689636aee229a960f2b91d3244b40
2026-09-22T06:37:07.725Z,dry,ETH-USD,7,place,buy,2733.5,0.0091,quote-bid,rejoin best,8f214dd44661c5fbad5ac7dee6a06fca
2026-09-22T06:37:16.138Z,dry,ETH-USD,7,place,buy,2733.3,0.0091,quote-bid,join best,d5757cb4b069a35ca777691faa1856aa
2026-09-22T06:37:16.542Z,dry,ETH-USD,7,cancel,sell,2733.6,0.0091,quote-ask,target moved 2733.6 -> 2733.4,37543876f36abedfa52f706fb7efbb93
2026-09-22T06:37:16.638Z,dry,ETH-USD,7,place,sell,2733.4,0.0091,quote-ask,rejoin best,f5d6a7a197f544c189cfea5ef9a71f1f
2026-09-22T06:37:22.215Z,dry,ETH-USD,7,place,sell,2733.5,0.0091,quote-ask,join best,b71ccfd6418f4a93ac14f3093c23f918
2026-09-22T06:37:22.622Z,dry,ETH-USD,7,cancel,buy,2733.3,0.0091,quote-bid,target moved 2733.3 -> 2733.4,d5757cb4b069a35ca777691faa1856aa
2026-09-22T06:37:22.717Z,dry,ETH-USD,7,place,buy,2733.4,0.0091,quote-bid,rejoin best,f60e738f0b62f33d3803896716f8d50e
2026-09-22T06:37:23.030Z,dry,ETH-USD,7,place,buy,2733.1,0.0091,quote-bid,join best,d431d476ea63d759c1838bed7132c349
2026-09-22T06:37:23.435Z,dry,ETH-USD,7,cancel,sell,2733.5,0.0091,quote-ask,target moved 2733.5 -> 2733.2,b71ccfd6418f4a93ac14f3093c23f918
2026-09-22T06:37:23.532Z,dry,ETH-USD,7,place,sell,2733.2,0.0091,quote-ask,rejoin best,f0d9b10010dd8b9e5cceb99b2aef43ae
2026-09-22T06:37:23.641Z,dry,BTC-USD,6,cancel,buy,85465,0.00029,quote-bid,flatten owns instrument,c208c3da0104b73644e7012744acaaa9
2026-09-22T06:37:23.734Z,dry,BTC-USD,6,cancel,sell,85466,0.00029,quote-ask,flatten owns instrument,e0c48042fb9defee0a01d3d15ac0a4da
2026-09-22T06:37:23.830Z,dry,BTC-USD,6,place,buy,85465,0.00058,flatten-post,passive exit,c67129cf92d2ee639002894db414d37c
2026-09-22T06:37:23.922Z,dry,ETH-USD,7,cancel,buy,2733.1,0.0091,quote-bid,target moved 2733.1 -> 2733.4,d431d476ea63d759c1838bed7132c349
2026-09-22T06:37:24.019Z,dry,ETH-USD,7,place,buy,2733.4,0.0091,quote-bid,rejoin best,f5fc46f6d077d2d9ac11ad3c04a66c0e
2026-09-22T06:37:24.113Z,dry,ETH-USD,7,place,sell,2733.5,0.0091,quote-ask,join best,4b8fe0cc12439a4c3951a95d24a6b9ad
2026-09-22T06:37:26.506Z,dry,BTC-USD,6,place,buy,85453,0.00029,quote-bid,join best,fbefc49f21f6c80304ed353716ea22e9
2026-09-22T06:37:26.596Z,dry,BTC-USD,6,place,sell,85465,0.00029,quote-ask,join best,680c432fc2e7855388ca23ded094f0b6
2026-09-22T06:37:26.691Z,dry,ETH-USD,7,cancel,sell,2733.5,0.0091,quote-ask,target moved 2733.5 -> 2732.7,4b8fe0cc12439a4c3951a95d24a6b9ad
2026-09-22T06:37:26.786Z,dry,ETH-USD,7,place,buy,2732.3,0.0091,quote-bid,join best,e2e9363fbdc00293bcf4574cf5215e1f
2026-09-22T06:37:26.876Z,dry,ETH-USD,7,place,sell,2732.7,0.0091,quote-ask,rejoin best,e38d87f4e73f0856570a6f0303e11a69
2026-09-22T06:37:26.971Z,dry,ETH-USD,7,reject,sell,2732.7,0.0091,quote-ask,post only order would cross,e38d87f4e73f0856570a6f0303e11a69
2026-09-22T06:37:27.115Z,dry,ETH-USD,7,place,sell,2733,0.0091,quote-ask,join best,fc438cfefbefc95a07648035d2573027
2026-09-22T06:37:27.521Z,dry,BTC-USD,6,cancel,sell,85465,0.00029,quote-ask,target moved 85465 -> 85454,680c432fc2e7855388ca23ded094f0b6
2026-09-22T06:37:27.617Z,dry,BTC-USD,6,place,sell,85454,0.00029,quote-ask,rejoin best,9ad7769aa1a35f85644bdbf4dd0bc28a
2026-09-22T06:37:27.709Z,dry,ETH-USD,7,cancel,buy,2732.3,0.0091,quote-bid,target moved 2732.3 -> 2732.9,e2e9363fbdc00293bcf4574cf5215e1f
2026-09-22T06:37:27.803Z,dry,ETH-USD,7,place,buy,2732.9,0.0091,quote-bid,rejoin best,249853ca4b82b458d19879aa62217c07
2026-09-22T06:37:43.524Z,dry,ETH-USD,7,place,sell,2733.5,0.0091,quote-ask,join best,4cd9baf0217a850289d2c45108da51c3
2026-09-22T06:37:43.933Z,dry,ETH-USD,7,place,sell,2733.8,0.0091,quote-ask,join best,80ec6439e38dd779c35fc4bd50b4ec4d
2026-09-22T06:37:44.358Z,dry,ETH-USD,7,cancel,buy,2732.9,0.0091,quote-bid,target moved 2732.9 -> 2733.7,249853ca4b82b458d19879aa62217c07
2026-09-22T06:37:44.451Z,dry,ETH-USD,7,place,buy,2733.7,0.0091,quote-bid,rejoin best,50e7a00dc8b6353585c960b0a42da153
2026-09-22T06:37:44.770Z,dry,ETH-USD,7,place,buy,2733.5,0.0091,quote-bid,join best,e4c8bc02c4f6abd58d0abce20c7a7875
2026-09-22T06:37:45.177Z,dry,ETH-USD,7,cancel,sell,2733.8,0.0091,quote-ask,target moved 2733.8 -> 2733.6,80ec6439e38dd779c35fc4bd50b4ec4d
2026-09-22T06:37:45.266Z,dry,ETH-USD,7,place,sell,2733.6,0.0091,quote-ask,rejoin best,7479d82d887805bf57698d921165e051
2026-09-22T06:37:46.016Z,dry,ETH-USD,7,place,sell,2733.9,0.0091,quote-ask,join best,1f7ab4f51decc259a2fcfe074a7f5e58
2026-09-22T06:37:46.441Z,dry,ETH-USD,7,cancel,buy,2733.5,0.0091,quote-bid,target moved 2733.5 -> 2733.8,e4c8bc02c4f6abd58d0abce20c7a7875
2026-09-22T06:37:46.535Z,dry,ETH-USD,7,place,buy,2733.8,0.0091,quote-bid,rejoin best,391494ee3a9c8c22085d2cc3ea923b10
2026-09-22T06:37:48.302Z,dry,BTC-USD,6,place,sell,85478,0.00029,quote-ask,join best,5b839bc72a30694e6f33c2b825ffabb2
2026-09-22T06:37:48.388Z,dry,ETH-USD,7,cancel,buy,2733.8,0.0091,quote-bid,target moved 2733.8 -> 2734.1,391494ee3a9c8c22085d2cc3ea923b10
2026-09-22T06:37:48.481Z,dry,ETH-USD,7,place,buy,2734.1,0.0091,quote-bid,rejoin best,d2f0746bfc02f24a90275544df176ca5
2026-09-22T06:37:49.149Z,dry,BTC-USD,6,cancel,buy,85453,0.00029,quote-bid,target moved 85453 -> 85476,fbefc49f21f6c80304ed353716ea22e9
2026-09-22T06:37:49.240Z,dry,BTC-USD,6,cancel,sell,85478,0.00029,quote-ask,target moved 85478 -> 85477,5b839bc72a30694e6f33c2b825ffabb2
2026-09-22T06:37:49.333Z,dry,BTC-USD,6,place,buy,85476,0.00029,quote-bid,rejoin best,9bc675ce2bc49df07ebefde0d6269009
2026-09-22T06:37:49.439Z,dry,BTC-USD,6,place,sell,85477,0.00029,quote-ask,rejoin best,f4a537f2a20346ecae1da6dca3e90fd1
2026-09-22T06:37:49.530Z,dry,ETH-USD,7,cancel,buy,2734.1,0.0091,quote-bid,target moved 2734.1 -> 2734.3,d2f0746bfc02f24a90275544df176ca5
2026-09-22T06:37:49.622Z,dry,ETH-USD,7,place,buy,2734.3,0.0091,quote-bid,rejoin best,bb255ba52cc05dbd8dcb20be6af88504
2026-09-22T06:37:50.384Z,dry,BTC-USD,6,place,sell,85483,0.00029,quote-ask,join best,33cadba9cf0e475d2d0bf61f764aca64
2026-09-22T06:37:50.795Z,dry,BTC-USD,6,cancel,buy,85476,0.00029,quote-bid,target moved 85476 -> 85482,9bc675ce2bc49df07ebefde0d6269009
2026-09-22T06:37:50.906Z,dry,BTC-USD,6,place,buy,85482,0.00029,quote-bid,rejoin best,33ca46d1fca0362c551843a00042e68f
2026-09-22T06:37:51.009Z,dry,ETH-USD,7,cancel,buy,2734.3,0.0091,quote-bid,target moved 2734.3 -> 2734.6,bb255ba52cc05dbd8dcb20be6af88504
2026-09-22T06:37:51.100Z,dry,ETH-USD,7,place,buy,2734.6,0.0091,quote-bid,rejoin best,2945b68511430e7809ee84513620cf10
2026-09-22T06:37:51.191Z,dry,ETH-USD,7,reject,buy,2734.6,0.0091,quote-bid,post only order would cross,2945b68511430e7809ee84513620cf10
2026-09-22T06:37:51.224Z,dry,ETH-USD,7,place,buy,2734.4,0.0091,quote-bid,join best,2a2c00bc684bf770d2dae169459feddb
2026-09-22T06:37:51.648Z,dry,BTC-USD,6,cancel,buy,85482,0.00029,quote-bid,target moved 85482 -> 85493,33ca46d1fca0362c551843a00042e68f
2026-09-22T06:37:51.740Z,dry,BTC-USD,6,place,buy,85493,0.00029,quote-bid,rejoin best,083a24e8724dc908a568502ea1714281
2026-09-22T06:37:51.860Z,dry,ETH-USD,7,cancel,buy,2734.4,0.0091,quote-bid,target moved 2734.4 -> 2734.5,2a2c00bc684bf770d2dae169459feddb
2026-09-22T06:37:51.954Z,dry,ETH-USD,7,place,buy,2734.5,0.0091,quote-bid,rejoin best,19af0688a0e638e733bdc81c61fb654d
2026-09-22T06:37:52.869Z,dry,ETH-USD,7,cancel,buy,2734.5,0.0091,quote-bid,target moved 2734.5 -> 2734.9,19af0688a0e638e733bdc81c61fb654d
2026-09-22T06:37:52.958Z,dry,ETH-USD,7,place,buy,2734.9,0.0091,quote-bid,rejoin best,e45c3d37302a2911dcba6c28eda07cd9
2026-09-22T06:37:55.582Z,dry,BTC-USD,6,place,buy,85490,0.00029,quote-bid,join best,be5d98a40c9e011186b3a2f1d007fff8
2026-09-22T06:37:55.682Z,dry,BTC-USD,6,place,sell,85491,0.00029,quote-ask,join best,d219f84fc0d7bb38bb74cfe755dedb97
2026-09-22T06:37:55.781Z,dry,ETH-USD,7,place,buy,2734.8,0.0091,quote-bid,join best,5e2a21378480bc066568453d6d24cba7
2026-09-22T06:37:55.888Z,dry,ETH-USD,7,place,sell,2734.9,0.0091,quote-ask,join best,ec3bddc467e957dc9ac2f57969ee16db
2026-09-22T06:37:57.264Z,dry,ETH-USD,7,cancel,buy,2734.8,0.0091,quote-bid,target moved 2734.8 -> 2735.2,5e2a21378480bc066568453d6d24cba7
2026-09-22T06:37:57.363Z,dry,ETH-USD,7,place,buy,2735.2,0.0091,quote-bid,rejoin best,ff4064009a9d949b2f2ab7ecbe31cfc9
2026-09-22T06:37:59.765Z,dry,BTC-USD,6,cancel,buy,85490,0.00029,quote-bid,target moved 85490 -> 85499,be5d98a40c9e011186b3a2f1d007fff8
2026-09-22T06:37:59.858Z,dry,BTC-USD,6,place,buy,85499,0.00029,quote-bid,rejoin best,c65c6d43e7898e9c9495d7c103dbadaf
2026-09-22T06:38:01.838Z,dry,BTC-USD,6,cancel,buy,85499,0.00029,quote-bid,target moved 85499 -> 85500,c65c6d43e7898e9c9495d7c103dbadaf
2026-09-22T06:38:01.932Z,dry,BTC-USD,6,place,buy,85500,0.00029,quote-bid,rejoin best,1c094734af649acc50d23db46c6fae24
2026-09-22T06:38:02.251Z,dry,ETH-USD,7,cancel,buy,2735.2,0.0091,quote-bid,target moved 2735.2 -> 2735.5,ff4064009a9d949b2f2ab7ecbe31cfc9
2026-09-22T06:38:02.341Z,dry,ETH-USD,7,place,buy,2735.5,0.0091,quote-bid,rejoin best,402c9cbdf3ceab48a11a1cf160403950
2026-09-22T06:38:02.436Z,dry,ETH-USD,7,reject,buy,2735.5,0.0091,quote-bid,post only order would cross,402c9cbdf3ceab48a11a1cf160403950
2026-09-22T06:38:02.453Z,dry,ETH-USD,7,place,buy,2735.4,0.0091,quote-bid,join best,969ff7860eabd751d066571459c20902
2026-09-22T06:38:04.958Z,dry,ETH-USD,7,cancel,buy,2735.4,0.0091,quote-bid,target moved 2735.4 -> 2735.8,969ff7860eabd751d066571459c20902
2026-09-22T06:38:05.050Z,dry,ETH-USD,7,place,buy,2735.8,0.0091,quote-bid,rejoin best,724a94eddfa7acb25f99845f20279da3
2026-09-22T06:38:06.840Z,dry,ETH-USD,7,place,buy,2735.1,0.0091,quote-bid,join best,0224c3858887b3037bbf6f81cf022dd4
2026-09-22T06:38:06.931Z,dry,ETH-USD,7,place,sell,2735.7,0.0091,quote-ask,join best,9bd92d1cbb1e6df132ef0ccc0bd17e5f
2026-09-22T06:38:07.465Z,dry,ETH-USD,7,cancel,sell,2735.7,0.0091,quote-ask,target moved 2735.7 -> 2735.2,9bd92d1cbb1e6df132ef0ccc0bd17e5f
2026-09-22T06:38:07.550Z,dry,ETH-USD,7,place,sell,2735.2,0.0091,quote-ask,rejoin best,ac6b1499e457d7d4cdc646b91054a4ce
2026-09-22T06:38:08.503Z,dry,ETH-USD,7,cancel,buy,2735.1,0.0091,quote-bid,target moved 2735.1 -> 2735.2,0224c3858887b3037bbf6f81cf022dd4
2026-09-22T06:38:08.596Z,dry,ETH-USD,7,place,buy,2735.2,0.0091,quote-bid,rejoin best,e517ba827c8b17963a94e72faa78505c
2026-09-22T06:38:10.824Z,dry,ETH-USD,7,cancel,buy,2735.2,0.0091,quote-bid,target moved 2735.2 -> 2735.6,e517ba827c8b17963a94e72faa78505c
2026-09-22T06:38:10.918Z,dry,ETH-USD,7,place,buy,2735.6,0.0091,quote-bid,rejoin best,3da47d299292f12078ba68f0fb5ae286
2026-09-22T06:38:15.604Z,dry,BTC-USD,6,place,buy,85495,0.00029,quote-bid,join best,0eac23dbfe8daaf18b3b61669e4d8228
2026-09-22T06:38:15.695Z,dry,BTC-USD,6,place,sell,85496,0.00029,quote-ask,join best,8c1b1580c3761ed1beb96133c0a6de22
2026-09-22T06:38:15.832Z,dry,ETH-USD,7,place,buy,2735.5,0.0091,quote-bid,join best,78a83b9dc38e0f1c64ff90e895199c81
2026-09-22T06:38:15.922Z,dry,ETH-USD,7,place,sell,2735.6,0.0091,quote-ask,join best,42dbd139762c0012ff793e16f2a0c64a
2026-09-22T06:38:17.494Z,dry,ETH-USD,7,place,buy,2735.4,0.0091,quote-bid,join best,62f6bfe0f1ba5814b4d3e5111ff91b11
2026-09-22T06:38:17.910Z,dry,ETH-USD,7,cancel,sell,2735.6,0.0091,quote-ask,target moved 2735.6 -> 2735.5,42dbd139762c0012ff793e16f2a0c64a
2026-09-22T06:38:18.002Z,dry,ETH-USD,7,place,sell,2735.5,0.0091,quote-ask,rejoin best,34a0589475a2bf805a788ea65991703a
2026-09-22T06:38:18.745Z,dry,BTC-USD,6,place,buy,85491,0.00029,quote-bid,join best,c52af8c729532c755284020842b1d7e4
2026-09-22T06:38:18.836Z,dry,ETH-USD,7,place,buy,2734.8,0.0091,quote-bid,join best,2f28de6151ed784e986fbfcb1f04d4ae
2026-09-22T06:38:19.160Z,dry,BTC-USD,6,cancel,sell,85496,0.00029,quote-ask,target moved 85496 -> 85492,8c1b1580c3761ed1beb96133c0a6de22
2026-09-22T06:38:19.260Z,dry,BTC-USD,6,place,sell,85492,0.00029,quote-ask,rejoin best,faa0e14403f0453eefd5be787942208f
2026-09-22T06:38:19.581Z,dry,ETH-USD,7,cancel,sell,2735.5,0.0091,quote-ask,target moved 2735.5 -> 2735.1,34a0589475a2bf805a788ea65991703a
2026-09-22T06:38:19.688Z,dry,ETH-USD,7,place,sell,2735.1,0.0091,quote-ask,rejoin best,00a63fdc8e37018c4381c26064286a94
2026-09-22T06:38:19.786Z,dry,ETH-USD,7,reject,sell,2735.1,0.0091,quote-ask,post only order would cross,00a63fdc8e37018c4381c26064286a94
2026-09-22T06:38:19.993Z,dry,ETH-USD,7,place,sell,2735.4,0.0091,quote-ask,join best,a71390668b52ec30b0c377aebc12326d
2026-09-22T06:38:21.043Z,dry,ETH-USD,7,cancel,buy,2734.8,0.0091,quote-bid,target moved 2734.8 -> 2734.9,2f28de6151ed784e986fbfcb1f04d4ae
2026-09-22T06:38:21.135Z,dry,ETH-USD,7,place,buy,2734.9,0.0091,quote-bid,rejoin best,f089bdbc18dc0c247ca0a5264c90703f
2026-09-22T06:38:21.255Z,dry,ETH-USD,7,cancel,sell,2735.4,0.0091,quote-ask,target moved 2735.4 -> 2735.5,a71390668b52ec30b0c377aebc12326d
2026-09-22T06:38:21.347Z,dry,ETH-USD,7,place,sell,2735.5,0.0091,quote-ask,rejoin best,25de121f653755c7d895d05a2a1092d6
2026-09-22T06:38:22.308Z,dry,ETH-USD,7,cancel,buy,2734.9,0.0091,quote-bid,target moved 2734.9 -> 2735.4,f089bdbc18dc0c247ca0a5264c90703f
2026-09-22T06:38:22.401Z,dry,ETH-USD,7,place,buy,2735.4,0.0091,quote-bid,rejoin best,2df5d15145c2d8c60659bf0a0fea8e9c
2026-09-22T06:38:23.162Z,dry,ETH-USD,7,place,sell,2735.9,0.0091,quote-ask,join best,2c27701982f08cc774e0f0d37fd5a83b
2026-09-22T06:38:23.566Z,dry,BTC-USD,6,place,sell,85495,0.00029,quote-ask,join best,c2bcab7bb72ed3b9d59d2ed2cddb4884
2026-09-22T06:38:23.653Z,dry,BTC-USD,6,reject,sell,85495,0.00029,quote-ask,post only order would cross,c2bcab7bb72ed3b9d59d2ed2cddb4884
2026-09-22T06:38:23.767Z,dry,BTC-USD,6,place,sell,85500,0.00029,quote-ask,join best,15b8cc48aa6e0c1ee7399bdc20e9310a
2026-09-22T06:38:23.976Z,dry,ETH-USD,7,cancel,buy,2735.4,0.0091,quote-bid,target moved 2735.4 -> 2735.8,2df5d15145c2d8c60659bf0a0fea8e9c
2026-09-22T06:38:24.068Z,dry,ETH-USD,7,place,buy,2735.8,0.0091,quote-bid,rejoin best,e03dc6f0a19947c06c8083c8873ccf33
2026-09-22T06:38:24.187Z,dry,BTC-USD,6,cancel,buy,85491,0.00029,quote-bid,target moved 85491 -> 85499,c52af8c729532c755284020842b1d7e4
2026-09-22T06:38:24.280Z,dry,BTC-USD,6,place,buy,85499,0.00029,quote-bid,rejoin best,cbe5d3b67436ae6bf721d1947576a924
2026-09-22T06:38:28.369Z,dry,BTC-USD,6,place,buy,85497,0.00029,quote-bid,join best,23afadba209c10ee8ac313babc775e9f
2026-09-22T06:38:28.775Z,dry,BTC-USD,6,cancel,sell,85500,0.00029,quote-ask,target moved 85500 -> 85498,15b8cc48aa6e0c1ee7399bdc20e9310a
2026-09-22T06:38:28.865Z,dry,BTC-USD,6,place,sell,85498,0.00029,quote-ask,rejoin best,84969fe1b209b040e9713d3257ee0b0a
2026-09-22T06:38:28.960Z,dry,ETH-USD,7,cancel,sell,2735.9,0.0091,quote-ask,target moved 2735.9 -> 2735.7,2c27701982f08cc774e0f0d37fd5a83b
2026-09-22T06:38:29.052Z,dry,ETH-USD,7,place,buy,2735.1,0.0091,quote-bid,join best,450210d4b26d701fd628579ac6581982
2026-09-22T06:38:29.145Z,dry,ETH-USD,7,place,sell,2735.7,0.0091,quote-ask,rejoin best,365616a736c5ef21b96d6ae87e1ed483
2026-09-22T06:38:29.401Z,dry,BTC-USD,6,place,buy,85494,0.00029,quote-bid,join best,092b5a9d8a870130e077fd262cf71db7
2026-09-22T06:38:29.823Z,dry,BTC-USD,6,cancel,sell,85498,0.00029,quote-ask,target moved 85498 -> 85495,84969fe1b209b040e9713d3257ee0b0a
2026-09-22T06:38:29.915Z,dry,BTC-USD,6,place,sell,85495,0.00029,quote-ask,rejoin best,ec3fd93a6b46eba8ebf99f96a1b33351
2026-09-22T06:38:30.006Z,dry,ETH-USD,7,cancel,buy,2735.1,0.0091,quote-bid,target moved 2735.1 -> 2735.3,450210d4b26d701fd628579ac6581982
2026-09-22T06:38:30.112Z,dry,ETH-USD,7,cancel,sell,2735.7,0.0091,quote-ask,target moved 2735.7 -> 2735.4,365616a736c5ef21b96d6ae87e1ed483
2026-09-22T06:38:30.204Z,dry,ETH-USD,7,place,buy,2735.3,0.0091,quote-bid,rejoin best,33a8ace31f5834347084c1550242be0a
2026-09-22T06:38:30.297Z,dry,ETH-USD,7,place,sell,2735.4,0.0091,quote-ask,rejoin best,d971408f4d1c99deadda48a29a90a3d7
2026-09-22T06:38:31.878Z,dry,ETH-USD,7,place,buy,2734.9,0.0091,quote-bid,join best,526a4127842e37794890f7c69b81878c
2026-09-22T06:38:32.710Z,dry,ETH-USD,7,cancel,sell,2735.4,0.0091,quote-ask,target moved 2735.4 -> 2735.1,d971408f4d1c99deadda48a29a90a3d7
2026-09-22T06:38:32.804Z,dry,ETH-USD,7,place,sell,2735.1,0.0091,quote-ask,rejoin best,e1970c0195ce9f555d38b17b29b342cc
2026-09-22T06:38:33.562Z,dry,ETH-USD,7,cancel,buy,2734.9,0.0091,quote-bid,target moved 2734.9 -> 2735,526a4127842e37794890f7c69b81878c
2026-09-22T06:38:33.655Z,dry,ETH-USD,7,place,buy,2735,0.0091,quote-bid,rejoin best,65157e516111379424d72d24dc4ea840
2026-09-22T06:38:34.402Z,dry,ETH-USD,7,place,sell,2735.3,0.0091,quote-ask,join best,b77a31b6fa4886597215ea41f7eadfb2
2026-09-22T06:38:34.819Z,dry,ETH-USD,7,cancel,buy,2735,0.0091,quote-bid,target moved 2735 -> 2735.2,65157e516111379424d72d24dc4ea840
2026-09-22T06:38:34.917Z,dry,ETH-USD,7,place,buy,2735.2,0.0091,quote-bid,rejoin best,3377132de50aaa156a99541d6c097ec8
2026-09-22T06:38:35.024Z,dry,ETH-USD,7,place,sell,2735.4,0.0091,quote-ask,join best,31bdd3bb5d8a3528d28c08209495f1a8
2026-09-22T06:38:35.867Z,dry,ETH-USD,7,cancel,buy,2735.2,0.0091,quote-bid,target moved 2735.2 -> 2735,3377132de50aaa156a99541d6c097ec8
2026-09-22T06:38:35.966Z,dry,ETH-USD,7,place,buy,2735,0.0091,quote-bid,rejoin best,aa5c92fa2f7ca2b4ef360b04b7003da3
2026-09-22T06:38:36.074Z,dry,ETH-USD,7,cancel,sell,2735.4,0.0091,quote-ask,target moved 2735.4 -> 2735.6,31bdd3bb5d8a3528d28c08209495f1a8
2026-09-22T06:38:36.166Z,dry,ETH-USD,7,place,sell,2735.6,0.0091,quote-ask,rejoin best,dad13bda297a4aa2609bef84ed29d30b
2026-09-22T06:38:40.064Z,dry,ETH-USD,7,cancel,sell,2735.6,0.0091,quote-ask,target moved 2735.6 -> 2735.5,dad13bda297a4aa2609bef84ed29d30b
2026-09-22T06:38:40.153Z,dry,ETH-USD,7,place,sell,2735.5,0.0091,quote-ask,rejoin best,cfe596872a2df15f3d962ef29f3faa28
2026-09-22T06:38:44.466Z,dry,ETH-USD,7,cancel,buy,2735,0.0091,quote-bid,target moved 2735 -> 2735.4,aa5c92fa2f7ca2b4ef360b04b7003da3
2026-09-22T06:38:44.559Z,dry,ETH-USD,7,place,buy,2735.4,0.0091,quote-bid,rejoin best,30dfc165a9b51de4ae17adf528fba255
2026-09-22T06:38:51.612Z,dry,ETH-USD,7,place,buy,2735.3,0.0091,quote-bid,join best,4edf804435a875b6aa7c493e06307b37
2026-09-22T06:38:52.033Z,dry,ETH-USD,7,cancel,sell,2735.5,0.0091,quote-ask,target moved 2735.5 -> 2735.4,cfe596872a2df15f3d962ef29f3faa28
2026-09-22T06:38:52.126Z,dry,ETH-USD,7,place,sell,2735.4,0.0091,quote-ask,rejoin best,f3b81d57d2b402f57b4172e81e9eb22d
2026-09-22T06:38:54.331Z,dry,ETH-USD,7,place,sell,2735.6,0.0091,quote-ask,join best,60cc2bc9f4529afcf94ad42e96d2976c
2026-09-22T06:38:54.757Z,dry,ETH-USD,7,cancel,buy,2735.3,0.0091,quote-bid,target moved 2735.3 -> 2735.5,4edf804435a875b6aa7c493e06307b37
2026-09-22T06:38:54.847Z,dry,ETH-USD,7,place,buy,2735.5,0.0091,quote-bid,rejoin best,c09a51d64cf7e03230500a6f4300326d
2026-09-22T06:38:56.839Z,dry,ETH-USD,7,place,sell,2735.7,0.0091,quote-ask,join best,254af1ce31dff05eae395a79ed3b5b8c
2026-09-22T06:38:57.264Z,dry,ETH-USD,7,cancel,buy,2735.5,0.0091,quote-bid,target moved 2735.5 -> 2735.6,c09a51d64cf7e03230500a6f4300326d
2026-09-22T06:38:57.356Z,dry,ETH-USD,7,place,buy,2735.6,0.0091,quote-bid,rejoin best,40c4a93f3da53cb8d2d333b0a0927440
2026-09-22T06:38:57.465Z,dry,BTC-USD,6,place,sell,85499,0.00029,quote-ask,join best,c92b5f8ce545b79b3ac4f740a057f493
2026-09-22T06:38:57.868Z,dry,BTC-USD,6,cancel,buy,85494,0.00029,quote-bid,target moved 85494 -> 85498,092b5a9d8a870130e077fd262cf71db7
2026-09-22T06:38:57.975Z,dry,BTC-USD,6,place,buy,85498,0.00029,quote-bid,rejoin best,d51053164a1500d5d778afdccae894f4
2026-09-22T06:38:58.080Z,dry,ETH-USD,7,cancel,buy,2735.6,0.0091,quote-bid,target moved 2735.6 -> 2735.7,40c4a93f3da53cb8d2d333b0a0927440
2026-09-22T06:38:58.188Z,dry,ETH-USD,7,place,buy,2735.7,0.0091,quote-bid,rejoin best,b3b53d2b43b122d8785a80052ef004f5
2026-09-22T06:38:58.500Z,dry,BTC-USD,6,place,sell,85501,0.00029,quote-ask,join best,3d8f05eae8d0fa96b4b72923b6690d72
2026-09-22T06:38:58.595Z,dry,BTC-USD,6,reject,sell,85501,0.00029,quote-ask,post only order would cross,3d8f05eae8d0fa96b4b72923b6690d72
2026-09-22T06:38:58.704Z,dry,BTC-USD,6,place,sell,85502,0.00029,quote-ask,join best,c9442e6cb3e38553218c74a89d206c4b
2026-09-22T06:38:59.128Z,dry,BTC-USD,6,cancel,buy,85498,0.00029,quote-bid,target moved 85498 -> 85501,d51053164a1500d5d778afdccae894f4
2026-09-22T06:38:59.221Z,dry,BTC-USD,6,place,buy,85501,0.00029,quote-bid,rejoin best,663a11762b227f1681263d0b9e8782ca
2026-09-22T06:38:59.965Z,dry,ETH-USD,7,cancel,buy,2735.7,0.0091,quote-bid,target moved 2735.7 -> 2736,b3b53d2b43b122d8785a80052ef004f5
2026-09-22T06:39:00.070Z,dry,ETH-USD,7,place,buy,2736,0.0091,quote-bid,rejoin best,ca586b288d70b07252a1dfbc58256b53
2026-09-22T06:39:00.378Z,dry,BTC-USD,6,cancel,buy,85501,0.00029,quote-bid,target moved 85501 -> 85527,663a11762b227f1681263d0b9e8782ca
2026-09-22T06:39:00.465Z,dry,BTC-USD,6,place,buy,85527,0.00029,quote-bid,rejoin best,1303735b3617418e67dfb7ac82aefcbe
2026-09-22T06:39:01.015Z,dry,ETH-USD,7,place,buy,2735.8,0.0091,quote-bid,join best,39ba68529048b0ed90f6f79a940f9b5c
2026-09-22T06:39:01.106Z,dry,ETH-USD,7,place,sell,2735.9,0.0091,quote-ask,join best,eb1c5ea084d9b2cfe1164a574e2a288e
2026-09-22T06:39:01.639Z,dry,BTC-USD,6,place,buy,85526,0.00029,quote-bid,join best,6deb1476c6755a2fe9dea365d9779b18
2026-09-22T06:39:01.730Z,dry,BTC-USD,6,place,sell,85527,0.00029,quote-ask,join best,1ca488bbe2985da1ca6d639fc723b99b
2026-09-22T06:39:03.295Z,dry,ETH-USD,7,cancel,buy,2735.8,0.0091,quote-bid,target moved 2735.8 -> 2736,39ba68529048b0ed90f6f79a940f9b5c
2026-09-22T06:39:03.388Z,dry,ETH-USD,7,place,buy,2736,0.0091,quote-bid,rejoin best,cb6585116527a94c988f366eb479941f
2026-09-22T06:39:08.466Z,dry,ETH-USD,7,cancel,buy,2736,0.0091,quote-bid,target moved 2736 -> 2736.4,cb6585116527a94c988f366eb479941f
2026-09-22T06:39:08.559Z,dry,ETH-USD,7,place,buy,2736.4,0.0091,quote-bid,rejoin best,3daf0226eb6266f5550937ad26efabb8
2026-09-22T06:39:16.059Z,dry,BTC-USD,6,cancel,buy,85526,0.00029,quote-bid,target moved 85526 -> 85539,6deb1476c6755a2fe9dea365d9779b18
2026-09-22T06:39:16.152Z,dry,BTC-USD,6,place,buy,85539,0.00029,quote-bid,rejoin best,fd8a4f9c24df52e7a1af9bba9f3e087e
2026-09-22T06:39:17.306Z,dry,BTC-USD,6,cancel,buy,85539,0.00029,quote-bid,target moved 85539 -> 85543,fd8a4f9c24df52e7a1af9bba9f3e087e
2026-09-22T06:39:17.399Z,dry,BTC-USD,6,place,buy,85543,0.00029,quote-bid,rejoin best,46770cb00c199b2b38155193908a54bd
2026-09-22T06:39:17.490Z,dry,ETH-USD,7,cancel,buy,2736.4,0.0091,quote-bid,target moved 2736.4 -> 2736.5,3daf0226eb6266f5550937ad26efabb8
2026-09-22T06:39:17.585Z,dry,ETH-USD,7,place,buy,2736.5,0.0091,quote-bid,rejoin best,2b5d431ea0b3dd87ed153fd23734ada8
2026-09-22T06:39:18.159Z,dry,BTC-USD,6,cancel,buy,85543,0.00029,quote-bid,target moved 85543 -> 85548,46770cb00c199b2b38155193908a54bd
2026-09-22T06:39:18.251Z,dry,BTC-USD,6,place,buy,85548,0.00029,quote-bid,rejoin best,9fae7c425e14b0b29d8bb258ff54f44b
2026-09-22T06:39:19.200Z,dry,BTC-USD,6,place,buy,85538,0.00029,quote-bid,join best,7ebabf4d968d0f5b7fa6947df9f79760
2026-09-22T06:39:19.295Z,dry,BTC-USD,6,place,sell,85539,0.00029,quote-ask,join best,5f010215ce1151147e16923c78f916ba
2026-09-22T06:39:19.812Z,dry,ETH-USD,7,place,buy,2736.3,0.0091,quote-bid,join best,9ed2500d77d6e84132bd9f1b64445adf
2026-09-22T06:39:19.904Z,dry,ETH-USD,7,place,sell,2736.4,0.0091,quote-ask,join best,ddc5c424bedb9a3402661f9da21657f9
2026-09-22T06:39:22.093Z,dry,BTC-USD,6,place,buy,85537,0.00029,quote-bid,join best,0f1db7239db3dc52fe0d0155722f00c4
2026-09-22T06:39:22.186Z,dry,ETH-USD,7,place,buy,2735.8,0.0091,quote-bid,join best,f7fcd58ec0980822a078383ee0b57ada
2026-09-22T06:39:22.519Z,dry,BTC-USD,6,cancel,sell,85539,0.00029,quote-ask,target moved 85539 -> 85538,5f010215ce1151147e16923c78f916ba
2026-09-22T06:39:22.626Z,dry,BTC-USD,6,place,sell,85538,0.00029,quote-ask,rejoin best,dfbf7c7a0d127f72ada43c387fedbd67
2026-09-22T06:39:22.716Z,dry,ETH-USD,7,cancel,sell,2736.4,0.0091,quote-ask,target moved 2736.4 -> 2735.9,ddc5c424bedb9a3402661f9da21657f9
2026-09-22T06:39:22.809Z,dry,ETH-USD,7,place,sell,2735.9,0.0091,quote-ask,rejoin best,2ce1f124a7d709f5c8ca7a49c913ad97
2026-09-22T06:39:23.556Z,dry,BTC-USD,6,place,buy,85535,0.00029,quote-bid,join best,5893f0c289a81a40cb733dd619d95dfd
2026-09-22T06:39:23.978Z,dry,BTC-USD,6,cancel,sell,85538,0.00029,quote-ask,target moved 85538 -> 85536,dfbf7c7a0d127f72ada43c387fedbd67
2026-09-22T06:39:24.086Z,dry,BTC-USD,6,place,sell,85536,0.00029,quote-ask,rejoin best,6ee9d41310d96a2e14d8d7c1c34ab26b
2026-09-22T06:39:24.405Z,dry,ETH-USD,7,place,sell,2736,0.0091,quote-ask,join best,92d16d677321bafe9de823b7f164723f
2026-09-22T06:39:24.830Z,dry,ETH-USD,7,cancel,buy,2735.8,0.0091,quote-bid,target moved 2735.8 -> 2735.9,f7fcd58ec0980822a078383ee0b57ada
2026-09-22T06:39:24.924Z,dry,ETH-USD,7,place,buy,2735.9,0.0091,quote-bid,rejoin best,1431291df8f6cd24fa3d91bd3781af28
2026-09-22T06:39:33.412Z,dry,BTC-USD,6,place,buy,85527,0.00029,quote-bid,join best,46725d5da85c93b6215da276758e0893
2026-09-22T06:39:33.835Z,dry,BTC-USD,6,cancel,sell,85536,0.00029,quote-ask,target moved 85536 -> 85528,6ee9d41310d96a2e14d8d7c1c34ab26b
2026-09-22T06:39:33.928Z,dry,BTC-USD,6,place,sell,85528,0.00029,quote-ask,rejoin best,572b4509397291ea1bfb0ad01357396d
2026-09-22T06:39:35.077Z,dry,ETH-USD,7,place,buy,2735.7,0.0091,quote-bid,join best,8aff962730890e475faf229bf3e18d6c
2026-09-22T06:39:35.283Z,dry,BTC-USD,6,place,buy,85524,0.00029,quote-bid,join best,65435ddd4c5ca3b1330d454f84326a5c
2026-09-22T06:39:35.365Z,dry,ETH-USD,7,place,buy,2735.4,0.0091,quote-bid,join best,ce21b492c09a14a1c8eccca558a070dd
2026-09-22T06:39:35.700Z,dry,BTC-USD,6,cancel,sell,85528,0.00029,quote-ask,target moved 85528 -> 85525,572b4509397291ea1bfb0ad01357396d
2026-09-22T06:39:35.795Z,dry,BTC-USD,6,place,sell,85525,0.00029,quote-ask,rejoin best,645c6a9b8a5c56573589fc47197a32f4
2026-09-22T06:39:35.883Z,dry,ETH-USD,7,cancel,sell,2736,0.0091,quote-ask,target moved 2736 -> 2735.5,92d16d677321bafe9de823b7f164723f
2026-09-22T06:39:35.977Z,dry,ETH-USD,7,place,sell,2735.5,0.0091,quote-ask,rejoin best,c451ae9ebe5bc114652819e917c70db8
2026-09-22T06:39:36.739Z,dry,ETH-USD,7,place,buy,2734.9,0.0091,quote-bid,join best,eb4bea584e4f4188fb71ab93bd2c5eef
2026-09-22T06:39:37.149Z,dry,BTC-USD,6,cancel,sell,85525,0.00029,quote-ask,target moved 85525 -> 85503,645c6a9b8a5c56573589fc47197a32f4
2026-09-22T06:39:37.241Z,dry,BTC-USD,6,place,sell,85503,0.00029,quote-ask,rejoin best,f7675ba78fe1acf47a29f845236ff410
2026-09-22T06:39:37.330Z,dry,ETH-USD,7,place,buy,2734.5,0.0091,quote-bid,join best,3fd19a75e5f3bcb1f0eee4fe63165e93
2026-09-22T06:39:38.168Z,dry,BTC-USD,6,cancel,sell,85503,0.00029,quote-ask,target moved 85503 -> 85488,f7675ba78fe1acf47a29f845236ff410
2026-09-22T06:39:38.261Z,dry,BTC-USD,6,place,sell,85488,0.00029,quote-ask,rejoin best,8cda63af89ca5d6aa6af006dc9c05eee
2026-09-22T06:39:38.363Z,dry,ETH-USD,7,cancel,sell,2735.5,0.0091,quote-ask,target moved 2735.5 -> 2734.4,c451ae9ebe5bc114652819e917c70db8
2026-09-22T06:39:38.473Z,dry,ETH-USD,7,place,sell,2734.4,0.0091,quote-ask,rejoin best,e192cfdac9bc7b505d72ae65bde77625
2026-09-22T06:39:39.222Z,dry,BTC-USD,6,place,buy,85488,0.00029,quote-bid,join best,4ab4f61381a98f482b4c91af3387beb9
2026-09-22T06:39:39.310Z,dry,BTC-USD,6,place,sell,85506,0.00029,quote-ask,join best,47076a56281d17f863ac7354e98847b1
2026-09-22T06:39:39.416Z,dry,ETH-USD,7,place,buy,2734.9,0.0091,quote-bid,join best,adab11f2035f2f0c3c1bbd3da046dfb2
2026-09-22T06:39:39.525Z,dry,ETH-USD,7,place,sell,2735.3,0.0091,quote-ask,join best,3cd570a6565eeaa9aee91d474d59add8
2026-09-22T06:39:39.846Z,dry,BTC-USD,6,place,sell,85513,0.00029,quote-ask,join best,6bd7028e4acf6b5668155cf4d67339ca
2026-09-22T06:39:40.464Z,dry,BTC-USD,6,cancel,buy,85488,0.00029,quote-bid,target moved 85488 -> 85505,4ab4f61381a98f482b4c91af3387beb9
2026-09-22T06:39:40.559Z,dry,BTC-USD,6,cancel,sell,85513,0.00029,quote-ask,target moved 85513 -> 85506,6bd7028e4acf6b5668155cf4d67339ca
2026-09-22T06:39:40.653Z,dry,BTC-USD,6,place,buy,85505,0.00029,quote-bid,rejoin best,9ca516adb7d7399830acd6ee8e7fb3d7
2026-09-22T06:39:40.743Z,dry,BTC-USD,6,place,sell,85506,0.00029,quote-ask,rejoin best,376ab84f504de909cf0b3a1f37401e9a
2026-09-22T06:39:40.833Z,dry,BTC-USD,6,reject,sell,85506,0.00029,quote-ask,post only order would cross,376ab84f504de909cf0b3a1f37401e9a
2026-09-22T06:39:40.875Z,dry,BTC-USD,6,place,sell,85511,0.00029,quote-ask,join best,7f6c430873bc070444d1b56d6c4a31b4
2026-09-22T06:39:41.277Z,dry,BTC-USD,6,cancel,buy,85505,0.00029,quote-bid,target moved 85505 -> 85510,9ca516adb7d7399830acd6ee8e7fb3d7
2026-09-22T06:39:41.370Z,dry,BTC-USD,6,place,buy,85510,0.00029,quote-bid,rejoin best,e80d10998c251174aaab17dc81c58c27
2026-09-22T06:39:41.458Z,dry,ETH-USD,7,cancel,buy,2734.9,0.0091,quote-bid,target moved 2734.9 -> 2735.2,adab11f2035f2f0c3c1bbd3da046dfb2
2026-09-22T06:39:41.552Z,dry,ETH-USD,7,place,buy,2735.2,0.0091,quote-bid,rejoin best,7913c65fde27487205e206ae5f039557
2026-09-22T06:39:43.364Z,dry,ETH-USD,7,cancel,sell,2735.3,0.0091,quote-ask,target moved 2735.3 -> 2735,3cd570a6565eeaa9aee91d474d59add8
2026-09-22T06:39:43.467Z,dry,ETH-USD,7,place,sell,2735,0.0091,quote-ask,rejoin best,839d6111e40da14ed0d06ddb0d095ae9
2026-09-22T06:39:45.045Z,dry,BTC-USD,6,place,buy,85509,0.00029,quote-bid,join best,434e35a634c5c7b39bb548e3c202718f
2026-09-22T06:39:45.465Z,dry,BTC-USD,6,cancel,sell,85511,0.00029,quote-ask,target moved 85511 -> 85510,7f6c430873bc070444d1b56d6c4a31b4
2026-09-22T06:39:45.562Z,dry,BTC-USD,6,place,sell,85510,0.00029,quote-ask,rejoin best,1cebb6733f0c0668f4e6976b5b52a732
2026-09-22T06:39:45.651Z,dry,ETH-USD,7,cancel,sell,2735,0.0091,quote-ask,target moved 2735 -> 2734.8,839d6111e40da14ed0d06ddb0d095ae9
2026-09-22T06:39:45.745Z,dry,ETH-USD,7,place,sell,2734.8,0.0091,quote-ask,rejoin best,89a24766bedfb26959222be54004ffa3
2026-09-22T06:39:45.868Z,dry,ETH-USD,7,place,buy,2734.8,0.0091,quote-bid,join best,af99183f2f0f7e823b9e60ce7dced90d
2026-09-22T06:39:45.963Z,dry,ETH-USD,7,place,sell,2734.9,0.0091,quote-ask,join best,d2efbfff7faab34c2462f95953cc5c0f
2026-09-22T06:39:46.279Z,dry,BTC-USD,6,cancel,sell,85510,0.00029,quote-ask,target moved 85510 -> 85506,1cebb6733f0c0668f4e6976b5b52a732
2026-09-22T06:39:46.368Z,dry,BTC-USD,6,place,sell,85506,0.00029,quote-ask,rejoin best,7e56925bee4903458da650ff47e484ec
2026-09-22T06:39:47.958Z,dry,BTC-USD,6,place,buy,85512,0.00029,quote-bid,join best,073ad01dc054c4785a4b6de2efb67d84
2026-09-22T06:39:48.048Z,dry,BTC-USD,6,place,sell,85513,0.00029,quote-ask,join best,84701e22d029b5d7ca919b0eca7184fe
2026-09-22T06:39:48.140Z,dry,ETH-USD,7,place,sell,2735.3,0.0091,quote-ask,join best,ad140db2621c9135993dc9e2fa7969c6
2026-09-22T06:39:48.776Z,dry,ETH-USD,7,cancel,buy,2734.8,0.0091,quote-bid,target moved 2734.8 -> 2734.9,af99183f2f0f7e823b9e60ce7dced90d
2026-09-22T06:39:48.869Z,dry,ETH-USD,7,place,buy,2734.9,0.0091,quote-bid,rejoin best,129997f2604f96c612b9feda7aee96d9
2026-09-22T06:39:49.399Z,dry,ETH-USD,7,cancel,buy,2734.9,0.0091,quote-bid,target moved 2734.9 -> 2735,129997f2604f96c612b9feda7aee96d9
2026-09-22T06:39:49.493Z,dry,ETH-USD,7,place,buy,2735,0.0091,quote-bid,rejoin best,66aed93a93a991bc09adf6e617ccbd99
2026-09-22T06:39:49.611Z,dry,ETH-USD,7,cancel,sell,2735.3,0.0091,quote-ask,target moved 2735.3 -> 2735.2,ad140db2621c9135993dc9e2fa7969c6
2026-09-22T06:39:49.721Z,dry,ETH-USD,7,place,sell,2735.2,0.0091,quote-ask,rejoin best,69be4507cac7062ba0c540a6bc492af6
2026-09-22T06:39:50.665Z,dry,ETH-USD,7,cancel,sell,2735.2,0.0091,quote-ask,target moved 2735.2 -> 2735.3,69be4507cac7062ba0c540a6bc492af6
2026-09-22T06:39:50.773Z,dry,ETH-USD,7,place,sell,2735.3,0.0091,quote-ask,rejoin best,5316bb4ad7181f5e1c441a84e47bfc8d
2026-09-22T06:39:50.878Z,dry,ETH-USD,7,cancel,buy,2735,0.0091,quote-bid,target moved 2735 -> 2734.9,66aed93a93a991bc09adf6e617ccbd99
2026-09-22T06:39:50.989Z,dry,ETH-USD,7,place,buy,2734.9,0.0091,quote-bid,rejoin best,cece28a55d09f2ede8e18a504d3a154d
2026-09-22T06:39:51.505Z,dry,ETH-USD,7,place,sell,2735.6,0.0091,quote-ask,join best,4f84f4c421dac472abdd521baf742d92
2026-09-22T06:39:51.926Z,dry,BTC-USD,6,place,sell,85524,0.00029,quote-ask,join best,5eb9c71d18e3d05f79d953d500b27c63
2026-09-22T06:39:52.563Z,dry,BTC-USD,6,cancel,buy,85512,0.00029,quote-bid,target moved 85512 -> 85522,073ad01dc054c4785a4b6de2efb67d84
2026-09-22T06:39:52.654Z,dry,BTC-USD,6,cancel,sell,85524,0.00029,quote-ask,target moved 85524 -> 85523,5eb9c71d18e3d05f79d953d500b27c63
2026-09-22T06:39:52.749Z,dry,BTC-USD,6,place,buy,85522,0.00029,quote-bid,rejoin best,4ec94f23d883dbaa23d78c0e56a68054
2026-09-22T06:39:52.840Z,dry,BTC-USD,6,place,sell,85523,0.00029,quote-ask,rejoin best,abd6a96197e37ce3032ea3d9d5acccc6
2026-09-22T06:39:52.929Z,dry,ETH-USD,7,cancel,buy,2734.9,0.0091,quote-bid,target moved 2734.9 -> 2735.2,cece28a55d09f2ede8e18a504d3a154d
2026-09-22T06:39:53.020Z,dry,ETH-USD,7,cancel,sell,2735.6,0.0091,quote-ask,target moved 2735.6 -> 2735.5,4f84f4c421dac472abdd521baf742d92
2026-09-22T06:39:53.110Z,dry,ETH-USD,7,place,buy,2735.2,0.0091,quote-bid,rejoin best,0344d7df3431317dd2b6382af07acb29
2026-09-22T06:39:53.199Z,dry,ETH-USD,7,place,sell,2735.5,0.0091,quote-ask,rejoin best,5d3e89d68d103873b244ea7f0d9a0055
2026-09-22T06:39:53.600Z,dry,BTC-USD,6,place,sell,85531,0.00029,quote-ask,join best,080cc51795181a41d1f09f6215f892f8
2026-09-22T06:39:53.690Z,dry,ETH-USD,7,cancel,sell,2735.5,0.0091,quote-ask,target moved 2735.5 -> 2735.6,5d3e89d68d103873b244ea7f0d9a0055
2026-09-22T06:39:53.782Z,dry,ETH-USD,7,place,sell,2735.6,0.0091,quote-ask,rejoin best,90b742bcd422886600c7378a20aff383
2026-09-22T06:39:54.012Z,dry,BTC-USD,6,cancel,buy,85522,0.00029,quote-bid,target moved 85522 -> 85528,4ec94f23d883dbaa23d78c0e56a68054
2026-09-22T06:39:54.103Z,dry,BTC-USD,6,place,buy,85528,0.00029,quote-bid,rejoin best,7f26eb686211a616d05afd2654d68e65
2026-09-22T06:39:54.433Z,dry,BTC-USD,6,cancel,sell,85531,0.00029,quote-ask,target moved 85531 -> 85529,080cc51795181a41d1f09f6215f892f8
2026-09-22T06:39:54.525Z,dry,BTC-USD,6,place,sell,85529,0.00029,quote-ask,rejoin best,255f5713a4962cdfe456d39a69851ba5
2026-09-22T06:39:54.614Z,dry,ETH-USD,7,cancel,buy,2735.2,0.0091,quote-bid,target moved 2735.2 -> 2735.5,0344d7df3431317dd2b6382af07acb29
2026-09-22T06:39:54.723Z,dry,ETH-USD,7,place,buy,2735.5,0.0091,quote-bid,rejoin best,0d4a825c24e426e8576cd526ea3de378
2026-09-22T06:39:55.485Z,dry,BTC-USD,6,place,sell,85539,0.00029,quote-ask,join best,3ae06fb5f302ae9d4f13e11b5fe2cfe0
2026-09-22T06:39:55.576Z,dry,ETH-USD,7,place,sell,2735.9,0.0091,quote-ask,join best,246ffcb9da61b56401830a1fc8c9e459
2026-09-22T06:39:56.121Z,dry,ETH-USD,7,cancel,buy,2735.5,0.0091,quote-bid,target moved 2735.5 -> 2735.8,0d4a825c24e426e8576cd526ea3de378
2026-09-22T06:39:56.215Z,dry,ETH-USD,7,place,buy,2735.8,0.0091,quote-bid,rejoin best,774024cbbec7cf35e87cccb93476fa4f
2026-09-22T06:39:56.548Z,dry,BTC-USD,6,cancel,buy,85528,0.00029,quote-bid,target moved 85528 -> 85531,7f26eb686211a616d05afd2654d68e65
2026-09-22T06:39:56.640Z,dry,BTC-USD,6,cancel,sell,85539,0.00029,quote-ask,target moved 85539 -> 85538,3ae06fb5f302ae9d4f13e11b5fe2cfe0
2026-09-22T06:39:56.733Z,dry,BTC-USD,6,place,buy,85531,0.00029,quote-bid,rejoin best,49e47808fe7c30706cedd3cbe1c9404f
2026-09-22T06:39:56.824Z,dry,BTC-USD,6,place,sell,85538,0.00029,quote-ask,rejoin best,b94b20535607d83c50cbab918efe566e
2026-09-22T06:39:57.794Z,dry,BTC-USD,6,cancel,sell,85538,0.00029,quote-ask,target moved 85538 -> 85532,b94b20535607d83c50cbab918efe566e
2026-09-22T06:39:57.899Z,dry,BTC-USD,6,place,sell,85532,0.00029,quote-ask,rejoin best,d692f0c48e368eecc964c1266dc433e1
2026-09-22T06:40:00.958Z,dry,BTC-USD,6,place,buy,85524,0.00029,quote-bid,join best,385bdbb4c169e348157b58f397a23f0c
2026-09-22T06:40:01.048Z,dry,ETH-USD,7,place,buy,2735.3,0.0091,quote-bid,join best,5d4fa3a147a5ca3c0a024d69780daecb
2026-09-22T06:40:01.170Z,dry,BTC-USD,6,place,buy,85523,0.00029,quote-bid,join best,3bd2ce11329b2fa5fc787078f9e0b9fb
2026-09-22T06:40:01.372Z,dry,ETH-USD,7,cancel,sell,2735.9,0.0091,quote-ask,target moved 2735.9 -> 2735.4,246ffcb9da61b56401830a1fc8c9e459
2026-09-22T06:40:01.476Z,dry,ETH-USD,7,place,sell,2735.4,0.0091,quote-ask,rejoin best,a643fed956cca960835c8f2e21752b17
2026-09-22T06:40:01.573Z,dry,BTC-USD,6,place,buy,85518,0.00029,quote-bid,join best,3b0b6159d4c704f55fc48fccd20cfd6e
2026-09-22T06:40:01.667Z,dry,ETH-USD,7,place,buy,2735,0.0091,quote-bid,join best,2d8abb65119a45ec48bb9c0d1a545a24
2026-09-22T06:40:01.974Z,dry,BTC-USD,6,cancel,sell,85532,0.00029,quote-ask,target moved 85532 -> 85519,d692f0c48e368eecc964c1266dc433e1
2026-09-22T06:40:02.080Z,dry,BTC-USD,6,place,sell,85519,0.00029,quote-ask,rejoin best,2608638983cf9b4b633609c229a0e179
2026-09-22T06:40:02.162Z,dry,ETH-USD,7,cancel,sell,2735.4,0.0091,quote-ask,target moved 2735.4 -> 2735.1,a643fed956cca960835c8f2e21752b17
2026-09-22T06:40:02.256Z,dry,ETH-USD,7,place,sell,2735.1,0.0091,quote-ask,rejoin best,b090557bb0e55d71680eac287df78d7d
2026-09-22T06:40:02.789Z,dry,ETH-USD,7,place,sell,2735.4,0.0091,quote-ask,join best,4c86020ef23eed9a7d03d53c42336166
2026-09-22T06:40:03.425Z,dry,ETH-USD,7,place,sell,2735.6,0.0091,quote-ask,join best,d578bb46da35fc67d2c5bc42ac4fd382
2026-09-22T06:40:03.625Z,dry,ETH-USD,7,place,sell,2735.8,0.0091,quote-ask,join best,ec5b174be29c5e3e80d975242508a744
2026-09-22T06:40:04.041Z,dry,BTC-USD,6,place,sell,85543,0.00029,quote-ask,join best,7b66d04b5a4555c751bed5cb3af1d5fa
2026-09-22T06:40:04.464Z,dry,ETH-USD,7,cancel,buy,2735,0.0091,quote-bid,target moved 2735 -> 2735.9,2d8abb65119a45ec48bb9c0d1a545a24
2026-09-22T06:40:04.554Z,dry,ETH-USD,7,place,buy,2735.9,0.0091,quote-bid,rejoin best,91ca6d9d5dd0313c534e4d1d98b26b41
2026-09-22T06:40:04.664Z,dry,BTC-USD,6,cancel,buy,85518,0.00029,quote-bid,target moved 85518 -> 85542,3b0b6159d4c704f55fc48fccd20cfd6e
2026-09-22T06:40:04.765Z,dry,BTC-USD,6,place,buy,85542,0.00029,quote-bid,rejoin best,a0396637884dc53c7153827504048756
2026-09-22T06:40:05.069Z,dry,ETH-USD,7,cancel,buy,2735.9,0.0091,quote-bid,target moved 2735.9 -> 2736,91ca6d9d5dd0313c534e4d1d98b26b41
2026-09-22T06:40:05.180Z,dry,ETH-USD,7,place,buy,2736,0.0091,quote-bid,rejoin best,3a695247b8091bac8c16dd006ee4252e
2026-09-22T06:40:09.265Z,dry,ETH-USD,7,place,buy,2736.1,0.0091,quote-bid,join best,ff5cf58c9a06e5cd3f4aedcdb34f4293
2026-09-22T06:40:09.358Z,dry,ETH-USD,7,place,sell,2736.2,0.0091,quote-ask,join best,95de9a0f98ce9b3255fe7c43f005ca3e
2026-09-22T06:40:09.465Z,dry,ETH-USD,7,place,buy,2735.8,0.0091,quote-bid,join best,577726033648026da69b7e8e03e76e59
2026-09-22T06:40:09.873Z,dry,ETH-USD,7,cancel,sell,2736.2,0.0091,quote-ask,target moved 2736.2 -> 2735.9,95de9a0f98ce9b3255fe7c43f005ca3e
2026-09-22T06:40:09.967Z,dry,ETH-USD,7,place,sell,2735.9,0.0091,quote-ask,rejoin best,4b49c4d5293be1d8a7e85d1ebc349bba
2026-09-22T06:40:10.936Z,dry,ETH-USD,7,place,sell,2736.1,0.0091,quote-ask,join best,6f47dbdb49e8bedf1687078b8578dea5
2026-09-22T06:40:11.341Z,dry,ETH-USD,7,cancel,buy,2735.8,0.0091,quote-bid,target moved 2735.8 -> 2736,577726033648026da69b7e8e03e76e59
2026-09-22T06:40:11.435Z,dry,ETH-USD,7,place,buy,2736,0.0091,quote-bid,rejoin best,b84cce4a019fc780de8843840c8e8067
2026-09-22T06:40:13.202Z,dry,BTC-USD,6,place,buy,85527,0.00029,quote-bid,join best,972e76d8e718b29c5bbed1fc8d225bc3
2026-09-22T06:40:13.398Z,dry,ETH-USD,7,place,buy,2735.5,0.0091,quote-bid,join best,722339066091bded4202fb0a12aac8ad
2026-09-22T06:40:14.034Z,dry,BTC-USD,6,cancel,sell,85543,0.00029,quote-ask,target moved 85543 -> 85534,7b66d04b5a4555c751bed5cb3af1d5fa
2026-09-22T06:40:14.146Z,dry,BTC-USD,6,place,sell,85534,0.00029,quote-ask,rejoin best,2f414d25cbd9ec84cfa7ccd876b13c7a
2026-09-22T06:40:14.450Z,dry,BTC-USD,6,cancel,buy,85527,0.00029,quote-bid,target moved 85527 -> 85532,972e76d8e718b29c5bbed1fc8d225bc3
2026-09-22T06:40:14.556Z,dry,BTC-USD,6,place,buy,85532,0.00029,quote-bid,rejoin best,57bba99272c37fb07cf2658c0d2a03cb
2026-09-22T06:40:14.653Z,dry,BTC-USD,6,place,sell,85544,0.00029,quote-ask,join best,ee5f67b0d6c45f2f222b30e298b8a8e4
2026-09-22T06:40:15.066Z,dry,BTC-USD,6,cancel,buy,85532,0.00029,quote-bid,target moved 85532 -> 85540,57bba99272c37fb07cf2658c0d2a03cb
2026-09-22T06:40:15.167Z,dry,BTC-USD,6,place,buy,85540,0.00029,quote-bid,rejoin best,1e0d30a38938a9ba6618ae65ba229b16
2026-09-22T06:40:15.282Z,dry,ETH-USD,7,cancel,buy,2735.5,0.0091,quote-bid,target moved 2735.5 -> 2735.7,722339066091bded4202fb0a12aac8ad
2026-09-22T06:40:15.390Z,dry,ETH-USD,7,place,buy,2735.7,0.0091,quote-bid,rejoin best,59862b8ee462ef2f34d27b69d755f574
2026-09-22T06:40:16.074Z,dry,BTC-USD,6,cancel,sell,85544,0.00029,quote-ask,target moved 85544 -> 85541,ee5f67b0d6c45f2f222b30e298b8a8e4
2026-09-22T06:40:16.182Z,dry,BTC-USD,6,place,sell,85541,0.00029,quote-ask,rejoin best,d6885e795812084cb93783393a275f9e
2026-09-22T06:40:16.287Z,dry,ETH-USD,7,cancel,buy,2735.7,0.0091,quote-bid,target moved 2735.7 -> 2736,59862b8ee462ef2f34d27b69d755f574
2026-09-22T06:40:16.396Z,dry,ETH-USD,7,place,buy,2736,0.0091,quote-bid,rejoin best,9b42ba2cc0121e7cdfb9674ab0d1524e
2026-09-22T06:40:16.684Z,dry,BTC-USD,6,place,buy,85537,0.00029,quote-bid,join best,e8256d4fb69b0cc9bce0a0c95d6325a5
2026-09-22T06:40:17.742Z,dry,BTC-USD,6,cancel,sell,85541,0.00029,quote-ask,target moved 85541 -> 85528,d6885e795812084cb93783393a275f9e
2026-09-22T06:40:17.852Z,dry,BTC-USD,6,place,sell,85528,0.00029,quote-ask,rejoin best,df35a9bfe7d7f207833b2a7988fc5026
2026-09-22T06:40:17.958Z,dry,ETH-USD,7,place,buy,2735.4,0.0091,quote-bid,join best,9fb425164239e707b783d1f5729b3642
2026-09-22T06:40:18.170Z,dry,ETH-USD,7,cancel,buy,2735.4,0.0091,quote-bid,target moved 2735.4 -> 2735.3,9fb425164239e707b783d1f5729b3642
2026-09-22T06:40:18.266Z,dry,ETH-USD,7,place,buy,2735.3,0.0091,quote-bid,rejoin best,60219f2f10620be228996fcd9d5a7850
2026-09-22T06:40:18.581Z,dry,ETH-USD,7,cancel,sell,2736.1,0.0091,quote-ask,target moved 2736.1 -> 2735.6,6f47dbdb49e8bedf1687078b8578dea5
2026-09-22T06:40:18.673Z,dry,ETH-USD,7,place,sell,2735.6,0.0091,quote-ask,rejoin best,9f4add8687126c0ed351342fe0f20ec2
2026-09-22T06:40:19.219Z,dry,ETH-USD,7,cancel,buy,2735.3,0.0091,quote-bid,target moved 2735.3 -> 2735.5,60219f2f10620be228996fcd9d5a7850
2026-09-22T06:40:19.315Z,dry,ETH-USD,7,place,buy,2735.5,0.0091,quote-bid,rejoin best,c00aecc6acf24037e9f7271445039140
2026-09-22T06:40:21.318Z,dry,ETH-USD,7,place,buy,2734.7,0.0091,quote-bid,join best,b23640d1209522d4b1554535f8adcb70
2026-09-22T06:40:21.742Z,dry,BTC-USD,6,cancel,sell,85528,0.00029,quote-ask,target moved 85528 -> 85520,df35a9bfe7d7f207833b2a7988fc5026
2026-09-22T06:40:21.836Z,dry,BTC-USD,6,place,sell,85520,0.00029,quote-ask,rejoin best,6fc857e997f267c4cd75cdaf662e9364
2026-09-22T06:40:21.941Z,dry,ETH-USD,7,cancel,sell,2735.6,0.0091,quote-ask,target moved 2735.6 -> 2735.3,9f4add8687126c0ed351342fe0f20ec2
2026-09-22T06:40:22.050Z,dry,ETH-USD,7,place,sell,2735.3,0.0091,quote-ask,rejoin best,25ad1a6420b8946b2f6d83e2987ad89a
2026-09-22T06:40:22.581Z,dry,ETH-USD,7,cancel,buy,2734.7,0.0091,quote-bid,target moved 2734.7 -> 2735.2,b23640d1209522d4b1554535f8adcb70
2026-09-22T06:40:22.690Z,dry,ETH-USD,7,place,buy,2735.2,0.0091,quote-bid,rejoin best,59c077f527b49b7a6d8a28cc72f0ac38
2026-09-22T06:40:23.615Z,dry,BTC-USD,6,cancel,sell,85520,0.00029,quote-ask,target moved 85520 -> 85516,6fc857e997f267c4cd75cdaf662e9364
2026-09-22T06:40:23.708Z,dry,BTC-USD,6,place,sell,85516,0.00029,quote-ask,rejoin best,5c3487a3525e842cfd6a48afb354de16
2026-09-22T06:40:24.468Z,dry,ETH-USD,7,place,buy,2735,0.0091,quote-bid,join best,a2a3995cd147b0a96bde8d001d3724c5
2026-09-22T06:40:24.895Z,dry,BTC-USD,6,cancel,sell,85516,0.00029,quote-ask,target moved 85516 -> 85510,5c3487a3525e842cfd6a48afb354de16
2026-09-22T06:40:24.988Z,dry,BTC-USD,6,place,sell,85510,0.00029,quote-ask,rejoin best,5d32f03eefdbc7fd410179c7a506af5e
2026-09-22T06:40:25.093Z,dry,ETH-USD,7,cancel,sell,2735.3,0.0091,quote-ask,target moved 2735.3 -> 2735.1,25ad1a6420b8946b2f6d83e2987ad89a
2026-09-22T06:40:25.203Z,dry,ETH-USD,7,place,sell,2735.1,0.0091,quote-ask,rejoin best,b55b2ff622bda612f0eee4ef63b975de
2026-09-22T06:40:27.004Z,dry,ETH-USD,7,cancel,sell,2735.1,0.0091,quote-ask,target moved 2735.1 -> 2734.8,b55b2ff622bda612f0eee4ef63b975de
2026-09-22T06:40:27.096Z,dry,ETH-USD,7,place,sell,2734.8,0.0091,quote-ask,rejoin best,146a18834da6ea7d9fe5aa9050e9de3f
2026-09-22T06:40:27.838Z,dry,BTC-USD,6,place,buy,85509,0.00029,quote-bid,join best,787235acac08dcbccadbd83b399d3f8d
2026-09-22T06:40:27.944Z,dry,BTC-USD,6,place,sell,85510,0.00029,quote-ask,join best,3509e02960f1a04be589373aea3468d1
2026-09-22T06:40:28.036Z,dry,ETH-USD,7,place,buy,2734.7,0.0091,quote-bid,join best,234409ac360e95335ebd8fdfe1cdb76e
2026-09-22T06:40:28.142Z,dry,ETH-USD,7,place,sell,2735.1,0.0091,quote-ask,join best,99c210c93e0e5dffc98d89778775497b
2026-09-22T06:40:28.864Z,dry,ETH-USD,7,cancel,sell,2735.1,0.0091,quote-ask,target moved 2735.1 -> 2735.2,99c210c93e0e5dffc98d89778775497b
2026-09-22T06:40:28.964Z,dry,ETH-USD,7,place,sell,2735.2,0.0091,quote-ask,rejoin best,ae390f26f605d884f372bb390ed1e96f
2026-09-22T06:40:30.963Z,dry,ETH-USD,7,cancel,buy,2734.7,0.0091,quote-bid,target moved 2734.7 -> 2734.8,234409ac360e95335ebd8fdfe1cdb76e
2026-09-22T06:40:31.079Z,dry,ETH-USD,7,place,buy,2734.8,0.0091,quote-bid,rejoin best,9e2b3fc68b8fcd514fbce8d0802df33a
2026-09-22T06:40:31.381Z,dry,ETH-USD,7,cancel,sell,2735.2,0.0091,quote-ask,target moved 2735.2 -> 2735.3,ae390f26f605d884f372bb390ed1e96f
2026-09-22T06:40:31.474Z,dry,ETH-USD,7,place,sell,2735.3,0.0091,quote-ask,rejoin best,69a74d997247364dee020d29a31b3fa3
2026-09-22T06:40:31.806Z,dry,ETH-USD,7,cancel,buy,2734.8,0.0091,quote-bid,target moved 2734.8 -> 2734.9,9e2b3fc68b8fcd514fbce8d0802df33a
2026-09-22T06:40:31.917Z,dry,ETH-USD,7,place,buy,2734.9,0.0091,quote-bid,rejoin best,6279ac7320b69096a26df530b8fcf3fb
2026-09-22T06:40:34.345Z,dry,ETH-USD,7,cancel,sell,2735.3,0.0091,quote-ask,target moved 2735.3 -> 2735.1,69a74d997247364dee020d29a31b3fa3
2026-09-22T06:40:34.437Z,dry,ETH-USD,7,place,sell,2735.1,0.0091,quote-ask,rejoin best,10b27873cc1ff010ddc1336b954ec641
2026-09-22T06:40:35.396Z,dry,ETH-USD,7,cancel,buy,2734.9,0.0091,quote-bid,target moved 2734.9 -> 2735,6279ac7320b69096a26df530b8fcf3fb
2026-09-22T06:40:35.488Z,dry,ETH-USD,7,place,buy,2735,0.0091,quote-bid,rejoin best,7ac3c899126aed868e6048dc74f468c3
2026-09-22T06:40:40.374Z,dry,ETH-USD,7,place,sell,2735.9,0.0091,quote-ask,join best,64587da482bfa6892355ada1ad8c971f
2026-09-22T06:40:40.800Z,dry,ETH-USD,7,cancel,buy,2735,0.0091,quote-bid,target moved 2735 -> 2735.8,7ac3c899126aed868e6048dc74f468c3
2026-09-22T06:40:40.896Z,dry,ETH-USD,7,place,buy,2735.8,0.0091,quote-bid,rejoin best,5c232ba9afe054f78ac918c7ee05605c
2026-09-22T06:40:42.053Z,dry,ETH-USD,7,place,buy,2735.2,0.0091,quote-bid,join best,fd82ff21cc95d52a019b739812136572
2026-09-22T06:40:43.290Z,dry,BTC-USD,6,cancel,sell,85510,0.00029,quote-ask,target moved 85510 -> 85501,3509e02960f1a04be589373aea3468d1
2026-09-22T06:40:43.399Z,dry,BTC-USD,6,place,sell,85501,0.00029,quote-ask,rejoin best,b7ca5da8de423effb25d8ed7ae39dbc1
2026-09-22T06:40:43.503Z,dry,ETH-USD,7,cancel,sell,2735.9,0.0091,quote-ask,target moved 2735.9 -> 2735,64587da482bfa6892355ada1ad8c971f
2026-09-22T06:40:43.613Z,dry,ETH-USD,7,place,sell,2735,0.0091,quote-ask,rejoin best,7ae8b2a76f2929d83355baa7edc9de66
2026-09-22T06:40:43.917Z,dry,ETH-USD,7,place,buy,2735,0.0091,quote-bid,join best,0820c4b9973bd34e65a352c0dc1629f9
2026-09-22T06:40:44.022Z,dry,ETH-USD,7,place,sell,2735.1,0.0091,quote-ask,join best,4fbdb64d5b343df43c6e652cd9184642
2026-09-22T06:40:46.440Z,dry,ETH-USD,7,cancel,sell,2735.1,0.0091,quote-ask,target moved 2735.1 -> 2734.8,4fbdb64d5b343df43c6e652cd9184642
2026-09-22T06:40:46.533Z,dry,ETH-USD,7,place,sell,2734.8,0.0091,quote-ask,rejoin best,f010fd2d4185ef6bfffab87645187ffa
2026-09-22T06:40:47.476Z,dry,ETH-USD,7,place,buy,2735,0.0091,quote-bid,join best,67c354963c695dc43279c3c4202fdeb9
2026-09-22T06:40:47.566Z,dry,ETH-USD,7,place,sell,2735.1,0.0091,quote-ask,join best,133e1e2a5c18d3b9055cf00c89162a42
2026-09-22T06:40:48.307Z,dry,ETH-USD,7,place,sell,2735.8,0.0091,quote-ask,join best,b9c2313e5c678dbe62d4a68068dce2c3
2026-09-22T06:40:48.404Z,dry,ETH-USD,7,reject,sell,2735.8,0.0091,quote-ask,post only order would cross,b9c2313e5c678dbe62d4a68068dce2c3
2026-09-22T06:40:48.512Z,dry,BTC-USD,6,place,buy,85512,0.00029,quote-bid,join best,6e090329292697aa5332e6a043fdf2ab
2026-09-22T06:40:48.620Z,dry,BTC-USD,6,place,sell,85525,0.00029,quote-ask,join best,c8d5db7cb7c519478f7abf3141f786ec
2026-09-22T06:40:48.727Z,dry,ETH-USD,7,place,sell,2736.1,0.0091,quote-ask,join best,2ba2aba78b71c8569e5e73998bb1e4bc
2026-09-22T06:40:49.363Z,dry,BTC-USD,6,cancel,buy,85512,0.00029,quote-bid,target moved 85512 -> 85513,6e090329292697aa5332e6a043fdf2ab
2026-09-22T06:40:49.454Z,dry,BTC-USD,6,cancel,sell,85525,0.00029,quote-ask,target moved 85525 -> 85514,c8d5db7cb7c519478f7abf3141f786ec
2026-09-22T06:40:49.546Z,dry,BTC-USD,6,place,buy,85513,0.00029,quote-bid,rejoin best,845fbf86e24a174f10ca3bdab3891ecf
2026-09-22T06:40:49.655Z,dry,BTC-USD,6,place,sell,85514,0.00029,quote-ask,rejoin best,bba4c60ee9e99b97a96ea6a75c163457
2026-09-22T06:40:49.760Z,dry,ETH-USD,7,cancel,buy,2735,0.0091,quote-bid,target moved 2735 -> 2735.9,67c354963c695dc43279c3c4202fdeb9
2026-09-22T06:40:49.852Z,dry,ETH-USD,7,cancel,sell,2736.1,0.0091,quote-ask,target moved 2736.1 -> 2736,2ba2aba78b71c8569e5e73998bb1e4bc
2026-09-22T06:40:49.945Z,dry,ETH-USD,7,place,buy,2735.9,0.0091,quote-bid,rejoin best,ca6273f0b44c03c588e1800721f1f366
2026-09-22T06:40:50.054Z,dry,ETH-USD,7,place,sell,2736,0.0091,quote-ask,rejoin best,c9e89d2ebd7bda7f94622ed6d90d5bc8
2026-09-22T06:40:52.722Z,dry,ETH-USD,7,place,sell,2736.1,0.0091,quote-ask,join best,6bec7eed83c71a150d87ba7ffcae2747
2026-09-22T06:40:53.144Z,dry,ETH-USD,7,cancel,buy,2735.9,0.0091,quote-bid,target moved 2735.9 -> 2736,ca6273f0b44c03c588e1800721f1f366
2026-09-22T06:40:53.254Z,dry,ETH-USD,7,place,buy,2736,0.0091,quote-bid,rejoin best,df433647706f8f14615f1534af19352b
2026-09-22T06:40:53.566Z,dry,ETH-USD,7,place,sell,2736.3,0.0091,quote-ask,join best,e87829dc3250e5fadefd81f1234e326e
2026-09-22T06:40:54.182Z,dry,ETH-USD,7,place,sell,2736.5,0.0091,quote-ask,join best,016f303be6857b2300591143f8524f62
2026-09-22T06:40:54.593Z,dry,ETH-USD,7,cancel,buy,2736,0.0091,quote-bid,target moved 2736 -> 2736.4,df433647706f8f14615f1534af19352b
2026-09-22T06:40:54.686Z,dry,ETH-USD,7,place,buy,2736.4,0.0091,quote-bid,rejoin best,20b60f848479d719ad9b7f2ac3f094ce
2026-09-22T06:40:55.019Z,dry,ETH-USD,7,place,buy,2736,0.0091,quote-bid,join best,10cc85e17fda377c5088d484d14f8a79
2026-09-22T06:40:55.444Z,dry,ETH-USD,7,cancel,sell,2736.5,0.0091,quote-ask,target moved 2736.5 -> 2736.2,016f303be6857b2300591143f8524f62
2026-09-22T06:40:55.539Z,dry,ETH-USD,7,place,sell,2736.2,0.0091,quote-ask,rejoin best,fb275464be537fa55c16c4b0be5a2fdb
2026-09-22T06:40:55.862Z,dry,ETH-USD,7,cancel,buy,2736,0.0091,quote-bid,target moved 2736 -> 2736.1,10cc85e17fda377c5088d484d14f8a79
2026-09-22T06:40:55.964Z,dry,ETH-USD,7,place,buy,2736.1,0.0091,quote-bid,rejoin best,6855e80a3cbe71130b1b1f05df09714c
2026-09-22T06:40:57.120Z,dry,ETH-USD,7,place,buy,2736,0.0091,quote-bid,join best,110d517632f67100c30ce7046650277e
2026-09-22T06:40:57.334Z,dry,BTC-USD,6,place,sell,85523,0.00029,quote-ask,join best,7bda535bdf8edb014d6f7e348cbc0824
2026-09-22T06:40:57.545Z,dry,ETH-USD,7,cancel,sell,2736.2,0.0091,quote-ask,target moved 2736.2 -> 2736.1,fb275464be537fa55c16c4b0be5a2fdb
2026-09-22T06:40:57.655Z,dry,ETH-USD,7,place,sell,2736.1,0.0091,quote-ask,rejoin best,b7457dd181a6cffdc25f497927744e75
2026-09-22T06:40:57.964Z,dry,BTC-USD,6,cancel,buy,85513,0.00029,quote-bid,target moved 85513 -> 85522,845fbf86e24a174f10ca3bdab3891ecf
2026-09-22T06:40:58.065Z,dry,BTC-USD,6,place,buy,85522,0.00029,quote-bid,rejoin best,bedaeea475209283540a18cd54deb145
2026-09-22T06:40:58.157Z,dry,ETH-USD,7,cancel,sell,2736.1,0.0091,quote-ask,target moved 2736.1 -> 2736.2,b7457dd181a6cffdc25f497927744e75
2026-09-22T06:40:58.264Z,dry,ETH-USD,7,place,sell,2736.2,0.0091,quote-ask,rejoin best,97b7ab13e2dfbc51cbdf2bd3b0ca305e
2026-09-22T06:41:01.269Z,dry,BTC-USD,6,cancel,buy,85522,0.00029,quote-bid,flatten owns instrument,bedaeea475209283540a18cd54deb145
2026-09-22T06:41:01.360Z,dry,BTC-USD,6,cancel,sell,85523,0.00029,quote-ask,flatten owns instrument,7bda535bdf8edb014d6f7e348cbc0824
2026-09-22T06:41:01.463Z,dry,BTC-USD,6,place,sell,85523,0.00029,flatten-post,passive exit,49fee09754bccac7d6765b484e370c5d
2026-09-22T06:41:01.557Z,dry,ETH-USD,7,cancel,sell,2736.2,0.0091,quote-ask,target moved 2736.2 -> 2736.1,97b7ab13e2dfbc51cbdf2bd3b0ca305e
2026-09-22T06:41:01.650Z,dry,ETH-USD,7,place,sell,2736.1,0.0091,quote-ask,rejoin best,e154fe207183e1ebf3cf464ee71dd505
2026-09-22T06:41:02.107Z,dry,BTC-USD,6,place,buy,85525,0.00029,quote-bid,join best,17ff27c5e5d1ffe3c7e3d38668fbe3d2
2026-09-22T06:41:02.197Z,dry,BTC-USD,6,place,sell,85526,0.00029,quote-ask,join best,8ed0fe9d86fa34dbaa79373131165e76
2026-09-22T06:41:02.526Z,dry,ETH-USD,7,cancel,buy,2736,0.0091,quote-bid,target moved 2736 -> 2735.9,110d517632f67100c30ce7046650277e
2026-09-22T06:41:02.620Z,dry,ETH-USD,7,place,buy,2735.9,0.0091,quote-bid,rejoin best,4f399dedf120bd4371b3acbd9ed5a79f
2026-09-22T06:41:02.728Z,dry,ETH-USD,7,place,sell,2736.2,0.0091,quote-ask,join best,914843c9b99e7556f702b87baf50b38c
2026-09-22T06:41:03.153Z,dry,ETH-USD,7,cancel,buy,2735.9,0.0091,quote-bid,target moved 2735.9 -> 2736.1,4f399dedf120bd4371b3acbd9ed5a79f
2026-09-22T06:41:03.247Z,dry,ETH-USD,7,place,buy,2736.1,0.0091,quote-bid,rejoin best,66300f53850fb8c450bc94d4ebc27eb0
2026-09-22T06:41:07.539Z,dry,ETH-USD,7,place,buy,2736,0.0091,quote-bid,join best,20779a2f9244ee103be43fc92c267568
2026-09-22T06:41:07.749Z,dry,ETH-USD,7,place,buy,2735.9,0.0091,quote-bid,join best,f51cedd6e34eb7ff52b1b792bb405800
2026-09-22T06:41:08.164Z,dry,ETH-USD,7,cancel,sell,2736.2,0.0091,quote-ask,target moved 2736.2 -> 2736,914843c9b99e7556f702b87baf50b38c
2026-09-22T06:41:08.266Z,dry,ETH-USD,7,place,sell,2736,0.0091,quote-ask,rejoin best,214aaab8837e2549e203c9513411e716
2026-09-22T06:41:08.569Z,dry,ETH-USD,7,place,sell,2736.1,0.0091,quote-ask,join best,36604d7fb64da5d46a8fd7ff6b29ca48
2026-09-22T06:41:08.975Z,dry,ETH-USD,7,cancel,buy,2735.9,0.0091,quote-bid,target moved 2735.9 -> 2736,f51cedd6e34eb7ff52b1b792bb405800
2026-09-22T06:41:09.067Z,dry,ETH-USD,7,place,buy,2736,0.0091,quote-bid,rejoin best,e814170b0870750bf80d14e558712d8b
2026-09-22T06:41:12.767Z,dry,ETH-USD,7,place,buy,2735.7,0.0091,quote-bid,join best,c6612391f30e12bbcaca303d37417c99
2026-09-22T06:41:13.172Z,dry,ETH-USD,7,cancel,sell,2736.1,0.0091,quote-ask,target moved 2736.1 -> 2735.9,36604d7fb64da5d46a8fd7ff6b29ca48
2026-09-22T06:41:13.266Z,dry,ETH-USD,7,place,sell,2735.9,0.0091,quote-ask,rejoin best,951e002351c2c81ad51e6db99ac0b80d
2026-09-22T06:41:13.385Z,dry,ETH-USD,7,cancel,buy,2735.7,0.0091,quote-bid,target moved 2735.7 -> 2735.8,c6612391f30e12bbcaca303d37417c99
2026-09-22T06:41:13.493Z,dry,ETH-USD,7,place,buy,2735.8,0.0091,quote-bid,rejoin best,7a16b5312d241b3e4f679fc2708023fc
2026-09-22T06:41:14.223Z,dry,ETH-USD,7,place,sell,2736,0.0091,quote-ask,join best,7caec08502f7d217c084f83d9e317c06
2026-09-22T06:41:14.647Z,dry,ETH-USD,7,cancel,buy,2735.8,0.0091,quote-bid,target moved 2735.8 -> 2735.9,7a16b5312d241b3e4f679fc2708023fc
2026-09-22T06:41:14.740Z,dry,ETH-USD,7,place,buy,2735.9,0.0091,quote-bid,rejoin best,0eda6c7f1fdc9fd6dcc93e7032fe5c88
2026-09-22T06:41:18.633Z,dry,ETH-USD,7,place,sell,2736.1,0.0091,quote-ask,join best,c2d48d1d17ec8398c424e0538f1e2a66
2026-09-22T06:41:19.054Z,dry,ETH-USD,7,cancel,buy,2735.9,0.0091,quote-bid,target moved 2735.9 -> 2736,0eda6c7f1fdc9fd6dcc93e7032fe5c88
2026-09-22T06:41:19.148Z,dry,ETH-USD,7,place,buy,2736,0.0091,quote-bid,rejoin best,7adfe54aba7df8c5582b0d78f8a2cb55
2026-09-22T06:41:20.305Z,dry,ETH-USD,7,place,buy,2735.9,0.0091,quote-bid,join best,dd6bb4523077468d8aa8c4aa13112f87
2026-09-22T06:41:20.727Z,dry,ETH-USD,7,cancel,sell,2736.1,0.0091,quote-ask,target moved 2736.1 -> 2736,c2d48d1d17ec8398c424e0538f1e2a66
2026-09-22T06:41:20.834Z,dry,ETH-USD,7,place,sell,2736,0.0091,quote-ask,rejoin best,ad557c3ee1f16694148223a48cc6acf6
2026-09-22T06:41:21.154Z,dry,ETH-USD,7,place,buy,2735.8,0.0091,quote-bid,join best,06d254c00bd9dceb7400a42cdc64a3fd
2026-09-22T06:41:21.575Z,dry,ETH-USD,7,cancel,sell,2736,0.0091,quote-ask,target moved 2736 -> 2735.9,ad557c3ee1f16694148223a48cc6acf6
2026-09-22T06:41:21.682Z,dry,ETH-USD,7,place,sell,2735.9,0.0091,quote-ask,rejoin best,68254b022ec63443782ed554f92691cd
2026-09-22T06:41:22.409Z,dry,ETH-USD,7,place,sell,2736,0.0091,quote-ask,join best,c61d65fdda346aeb94d2daef2dc7089f
2026-09-22T06:41:22.834Z,dry,ETH-USD,7,cancel,buy,2735.8,0.0091,quote-bid,target moved 2735.8 -> 2735.9,06d254c00bd9dceb7400a42cdc64a3fd
2026-09-22T06:41:22.924Z,dry,ETH-USD,7,place,buy,2735.9,0.0091,quote-bid,rejoin best,12d4a96d56ea31a2b79abf8d8c7c3349
2026-09-22T06:41:23.050Z,dry,ETH-USD,7,place,sell,2736.1,0.0091,quote-ask,join best,19ab4fa917c701e4e8bdfca2d11f141c
2026-09-22T06:41:23.464Z,dry,ETH-USD,7,cancel,buy,2735.9,0.0091,quote-bid,target moved 2735.9 -> 2736,12d4a96d56ea31a2b79abf8d8c7c3349
2026-09-22T06:41:23.563Z,dry,ETH-USD,7,place,buy,2736,0.0091,quote-bid,rejoin best,73d34d71a4ab03e8fc1d174c75f492fb
2026-09-22T06:41:24.935Z,dry,ETH-USD,7,place,sell,2736.2,0.0091,quote-ask,join best,8c1c51bd904ff405af81ceedf2733714
2026-09-22T06:41:25.354Z,dry,ETH-USD,7,cancel,buy,2736,0.0091,quote-bid,target moved 2736 -> 2736.1,73d34d71a4ab03e8fc1d174c75f492fb
2026-09-22T06:41:25.461Z,dry,ETH-USD,7,place,buy,2736.1,0.0091,quote-bid,rejoin best,6de464bb990300fe73dcc02d5e5f16f6
2026-09-22T06:41:34.603Z,dry,BTC-USD,6,place,buy,85524,0.00029,quote-bid,join best,f3c3ae599e4ed80782819e4e1dff2c2a
2026-09-22T06:41:34.692Z,dry,ETH-USD,7,cancel,sell,2736.2,0.0091,quote-ask,target moved 2736.2 -> 2736,8c1c51bd904ff405af81ceedf2733714
2026-09-22T06:41:34.802Z,dry,ETH-USD,7,place,buy,2735.9,0.0091,quote-bid,join best,ea498405b7d088c9cb5925522ad4deb3
2026-09-22T06:41:34.894Z,dry,ETH-USD,7,place,sell,2736,0.0091,quote-ask,rejoin best,8d2341fc146f94e51be92582d35363ab
2026-09-22T06:41:35.014Z,dry,BTC-USD,6,cancel,sell,85526,0.00029,quote-ask,target moved 85526 -> 85525,8ed0fe9d86fa34dbaa79373131165e76
2026-09-22T06:41:35.106Z,dry,BTC-USD,6,place,sell,85525,0.00029,quote-ask,rejoin best,d2816bba8a80845c231fd319e1300875
2026-09-22T06:41:37.950Z,dry,ETH-USD,7,place,sell,2736.1,0.0091,quote-ask,join best,e8629182b58ae51bed8c489b2f7826f2
2026-09-22T06:41:38.362Z,dry,ETH-USD,7,cancel,buy,2735.9,0.0091,quote-bid,target moved 2735.9 -> 2736,ea498405b7d088c9cb5925522ad4deb3
2026-09-22T06:41:38.459Z,dry,ETH-USD,7,place,buy,2736,0.0091,quote-bid,rejoin best,69db50981efad67920b49e04254c9b56
2026-09-22T06:41:40.439Z,dry,BTC-USD,6,place,sell,85526,0.00029,quote-ask,join best,99b97ef1501439cf573c4ac4da0bd698
2026-09-22T06:41:40.652Z,dry,ETH-USD,7,cancel,buy,2736,0.0091,quote-bid,target moved 2736 -> 2736.2,69db50981efad67920b49e04254c9b56
2026-09-22T06:41:40.745Z,dry,ETH-USD,7,place,buy,2736.2,0.0091,quote-bid,rejoin best,7b55a7b0b360279b6a448bf1edc96bc9
2026-09-22T06:41:40.863Z,dry,BTC-USD,6,cancel,buy,85524,0.00029,quote-bid,target moved 85524 -> 85525,f3c3ae599e4ed80782819e4e1dff2c2a
2026-09-22T06:41:40.967Z,dry,BTC-USD,6,place,buy,85525,0.00029,quote-bid,rejoin best,113e846824c9f2f39ebdd8d335eecfb6
2026-09-22T06:41:42.346Z,dry,BTC-USD,6,place,buy,85512,0.00029,quote-bid,join best,640e76a86ea9d6c17262720352a35f33
2026-09-22T06:41:42.763Z,dry,BTC-USD,6,cancel,sell,85526,0.00029,quote-ask,target moved 85526 -> 85513,99b97ef1501439cf573c4ac4da0bd698
2026-09-22T06:41:42.864Z,dry,BTC-USD,6,place,sell,85513,0.00029,quote-ask,rejoin best,f148f6ab53f2d50a94bbbe953f24e839
2026-09-22T06:41:45.260Z,dry,ETH-USD,7,place,buy,2736,0.0091,quote-bid,join best,160d3569cb95916e888e44a38101ce16
2026-09-22T06:41:45.349Z,dry,ETH-USD,7,place,sell,2736.1,0.0091,quote-ask,join best,593f00ff0f7c213f2798d022100127f3
2026-09-22T06:41:45.866Z,dry,ETH-USD,7,place,buy,2735.4,0.0091,quote-bid,join best,73294d3b23dad9d503af7fd808c4f3fd
2026-09-22T06:41:46.491Z,dry,ETH-USD,7,cancel,buy,2735.4,0.0091,quote-bid,target moved 2735.4 -> 2735.5,73294d3b23dad9d503af7fd808c4f3fd
2026-09-22T06:41:46.597Z,dry,ETH-USD,7,cancel,sell,2736.1,0.0091,quote-ask,target moved 2736.1 -> 2735.6,593f00ff0f7c213f2798d022100127f3
2026-09-22T06:41:46.691Z,dry,ETH-USD,7,place,buy,2735.5,0.0091,quote-bid,rejoin best,25ba0a8b5cebb5bfb4f429b62499520b
2026-09-22T06:41:46.785Z,dry,ETH-USD,7,place,sell,2735.6,0.0091,quote-ask,rejoin best,d5503a945c73a364f6252b50288edc5b
2026-09-22T06:41:49.859Z,dry,ETH-USD,7,place,sell,2735.9,0.0091,quote-ask,join best,ee77c7040973eec0ffb0f008894b75aa
2026-09-22T06:41:50.064Z,dry,BTC-USD,6,place,sell,85521,0.00029,quote-ask,join best,1d2e008c77cf0a9498a7710727c06cbb
2026-09-22T06:41:50.263Z,dry,ETH-USD,7,cancel,buy,2735.5,0.0091,quote-bid,target moved 2735.5 -> 2735.8,25ba0a8b5cebb5bfb4f429b62499520b
2026-09-22T06:41:50.360Z,dry,ETH-USD,7,place,buy,2735.8,0.0091,quote-bid,rejoin best,5b7463e2345e17f20ecb81bdc717b580
2026-09-22T06:41:50.464Z,dry,BTC-USD,6,cancel,buy,85512,0.00029,quote-bid,target moved 85512 -> 85520,640e76a86ea9d6c17262720352a35f33
2026-09-22T06:41:50.554Z,dry,BTC-USD,6,place,buy,85520,0.00029,quote-bid,rejoin best,a33e49e071d65d5be26376ee10467d31
2026-09-22T06:41:50.660Z,dry,ETH-USD,7,cancel,sell,2735.9,0.0091,quote-ask,target moved 2735.9 -> 2736,ee77c7040973eec0ffb0f008894b75aa
2026-09-22T06:41:50.765Z,dry,ETH-USD,7,place,sell,2736,0.0091,quote-ask,rejoin best,b4d6c0fa87781d2b161f965d47022e5c
2026-09-22T06:41:50.874Z,dry,ETH-USD,7,cancel,sell,2736,0.0091,quote-ask,inventory cap $80,b4d6c0fa87781d2b161f965d47022e5c
2026-09-22T06:41:51.302Z,dry,ETH-USD,7,cancel,buy,2735.8,0.0091,quote-bid,target moved 2735.8 -> 2735.9,5b7463e2345e17f20ecb81bdc717b580
2026-09-22T06:41:51.396Z,dry,ETH-USD,7,place,buy,2735.9,0.0091,quote-bid,rejoin best,a30c92f37a09ab7f3485d19a0dc368f4
2026-09-22T06:41:54.044Z,dry,BTC-USD,6,place,sell,85528,0.00029,quote-ask,join best,b80424315f1993c253c5d2b545255601
2026-09-22T06:41:54.462Z,dry,BTC-USD,6,cancel,buy,85520,0.00029,quote-bid,target moved 85520 -> 85527,a33e49e071d65d5be26376ee10467d31
2026-09-22T06:41:54.570Z,dry,BTC-USD,6,place,buy,85527,0.00029,quote-bid,rejoin best,0404b6186796ea9a8ab46275af6a3f75
2026-09-22T06:41:54.674Z,dry,ETH-USD,7,cancel,buy,2735.9,0.0091,quote-bid,target moved 2735.9 -> 2736.2,a30c92f37a09ab7f3485d19a0dc368f4
2026-09-22T06:41:54.782Z,dry,ETH-USD,7,place,buy,2736.2,0.0091,quote-bid,rejoin best,a8731855875322957da9ec6b40fad780
2026-09-22T06:41:57.207Z,dry,ETH-USD,7,place,buy,2736,0.0091,quote-bid,join best,b7b4755f11d3201c99a355afbe54beb4
2026-09-22T06:41:57.299Z,dry,ETH-USD,7,place,sell,2736.1,0.0091,quote-ask,join best,2c7be5941f7e7f5ed7007f21bb24566b
2026-09-22T06:41:58.254Z,dry,BTC-USD,6,place,sell,85535,0.00029,quote-ask,join best,ced61ca530e0d748910b00bc58187fec
2026-09-22T06:41:58.666Z,dry,BTC-USD,6,cancel,buy,85527,0.00029,quote-bid,target moved 85527 -> 85534,0404b6186796ea9a8ab46275af6a3f75
2026-09-22T06:41:58.763Z,dry,BTC-USD,6,place,buy,85534,0.00029,quote-bid,rejoin best,e052e2341207bfed8f9dc0ec80bb1995
2026-09-22T06:41:58.857Z,dry,ETH-USD,7,cancel,buy,2736,0.0091,quote-bid,target moved 2736 -> 2736.2,b7b4755f11d3201c99a355afbe54beb4
2026-09-22T06:41:58.963Z,dry,ETH-USD,7,place,buy,2736.2,0.0091,quote-bid,rejoin best,7dd2451cfffbb1a9225dc28c08718252
2026-09-22T06:42:01.370Z,dry,ETH-USD,7,place,buy,2736.1,0.0091,quote-bid,join best,7637ae7dd985b35b6b0db8c548ea2539
2026-09-22T06:42:01.461Z,dry,ETH-USD,7,place,sell,2736.2,0.0091,quote-ask,join best,476b527e53565d1ecf19d05574ecf2f6
2026-09-22T06:42:01.583Z,dry,ETH-USD,7,place,buy,2736,0.0091,quote-bid,join best,513eedc8a68c9670cec5e07b64cbc2a0
2026-09-22T06:42:01.993Z,dry,ETH-USD,7,cancel,sell,2736.2,0.0091,quote-ask,target moved 2736.2 -> 2736.1,476b527e53565d1ecf19d05574ecf2f6
2026-09-22T06:42:02.116Z,dry,ETH-USD,7,place,sell,2736.1,0.0091,quote-ask,rejoin best,84e266fc6f74d0b34573e912b4344ed2
2026-09-22T06:42:03.451Z,dry,BTC-USD,6,place,buy,85526,0.00029,quote-bid,join best,6697c52325af140453f90592167cb706
2026-09-22T06:42:03.542Z,dry,ETH-USD,7,place,buy,2735.6,0.0091,quote-bid,join best,be43d34fdb56ae48d57d9f0fd0a7b271
2026-09-22T06:42:03.863Z,dry,BTC-USD,6,cancel,sell,85535,0.00029,quote-ask,target moved 85535 -> 85527,ced61ca530e0d748910b00bc58187fec
2026-09-22T06:42:03.953Z,dry,BTC-USD,6,place,sell,85527,0.00029,quote-ask,rejoin best,cf77b1afb5a6ccdd10dd85cb9a7ad8ec
2026-09-22T06:42:04.043Z,dry,ETH-USD,7,cancel,sell,2736.1,0.0091,quote-ask,target moved 2736.1 -> 2735.7,84e266fc6f74d0b34573e912b4344ed2
2026-09-22T06:42:04.136Z,dry,ETH-USD,7,place,sell,2735.7,0.0091,quote-ask,rejoin best,a697928befc0182759db8de32737ab15
2026-09-22T06:42:15.567Z,dry,BTC-USD,6,place,buy,85521,0.00029,quote-bid,join best,2469db5719291275bcba52b8147cbbe1
2026-09-22T06:42:15.978Z,dry,BTC-USD,6,cancel,sell,85527,0.00029,quote-ask,target moved 85527 -> 85522,cf77b1afb5a6ccdd10dd85cb9a7ad8ec
2026-09-22T06:42:16.088Z,dry,BTC-USD,6,place,sell,85522,0.00029,quote-ask,rejoin best,58dde3715501b8743fa2e8718065e4a9
2026-09-22T06:42:16.192Z,dry,ETH-USD,7,cancel,sell,2735.7,0.0091,quote-ask,target moved 2735.7 -> 2735.6,a697928befc0182759db8de32737ab15
2026-09-22T06:42:16.298Z,dry,ETH-USD,7,place,buy,2735.5,0.0091,quote-bid,join best,9362006eb3899ebebd9fc67f42c5957e
2026-09-22T06:42:16.393Z,dry,ETH-USD,7,place,sell,2735.6,0.0091,quote-ask,rejoin best,bdc90a8295f14c0f6b32ae92258461c6
2026-09-22T06:42:21.441Z,dry,ETH-USD,7,place,sell,2735.8,0.0091,quote-ask,join best,fbacff5480eba432c3c86caecf244ad5
2026-09-22T06:42:21.861Z,dry,ETH-USD,7,cancel,buy,2735.5,0.0091,quote-bid,target moved 2735.5 -> 2735.7,9362006eb3899ebebd9fc67f42c5957e
2026-09-22T06:42:21.958Z,dry,ETH-USD,7,place,buy,2735.7,0.0091,quote-bid,rejoin best,0bdd45d058fcdc99531ecdd19a4911fb
2026-09-22T06:42:22.473Z,dry,ETH-USD,7,place,buy,2735.5,0.0091,quote-bid,join best,536fa9ab20387bf148c72f7fc7e45ac2
2026-09-22T06:42:22.896Z,dry,ETH-USD,7,cancel,sell,2735.8,0.0091,quote-ask,target moved 2735.8 -> 2735.6,fbacff5480eba432c3c86caecf244ad5
2026-09-22T06:42:23.003Z,dry,ETH-USD,7,place,sell,2735.6,0.0091,quote-ask,rejoin best,9d2173075ece39d637c298ecd910d32d
2026-09-22T06:42:23.322Z,dry,ETH-USD,7,place,buy,2735.2,0.0091,quote-bid,join best,f11bfc356350391d0ed88a2809100990
2026-09-22T06:42:23.939Z,dry,ETH-USD,7,cancel,buy,2735.2,0.0091,quote-bid,target moved 2735.2 -> 2735.5,f11bfc356350391d0ed88a2809100990
2026-09-22T06:42:24.030Z,dry,ETH-USD,7,place,buy,2735.5,0.0091,quote-bid,rejoin best,c1653f73a3cfee5594b53ae59974fea9
2026-09-22T06:42:37.360Z,dry,ETH-USD,7,cancel,sell,2735.6,0.0091,quote-ask,target moved 2735.6 -> 2735.4,9d2173075ece39d637c298ecd910d32d
2026-09-22T06:42:37.452Z,dry,ETH-USD,7,place,sell,2735.4,0.0091,quote-ask,rejoin best,2c58158217dd66fac4f827d72be5ec03
2026-09-22T06:42:39.891Z,dry,ETH-USD,7,place,buy,2735.5,0.0091,quote-bid,join best,d318b21fa51e74f1fe256c594d80bf15
2026-09-22T06:42:39.982Z,dry,ETH-USD,7,place,sell,2735.9,0.0091,quote-ask,join best,0721b15b22f5f5f0a63052f471c6bd84
2026-09-22T06:42:40.529Z,dry,ETH-USD,7,cancel,buy,2735.5,0.0091,quote-bid,target moved 2735.5 -> 2735.8,d318b21fa51e74f1fe256c594d80bf15
2026-09-22T06:42:40.623Z,dry,ETH-USD,7,place,buy,2735.8,0.0091,quote-bid,rejoin best,91053ff73f46dfc1c1a0a9f2cc930919
2026-09-22T06:42:50.762Z,dry,ETH-USD,7,cancel,sell,2735.9,0.0091,quote-ask,target moved 2735.9 -> 2735.8,0721b15b22f5f5f0a63052f471c6bd84
2026-09-22T06:42:50.858Z,dry,ETH-USD,7,place,sell,2735.8,0.0091,quote-ask,rejoin best,1325346d781792dcacd2fc8a6813046e
2026-09-22T06:42:56.594Z,dry,ETH-USD,7,cancel,sell,2735.8,0.0091,quote-ask,target moved 2735.8 -> 2735.3,1325346d781792dcacd2fc8a6813046e
2026-09-22T06:42:56.687Z,dry,ETH-USD,7,place,sell,2735.3,0.0091,quote-ask,rejoin best,3f6bac74f316a087abfae249b3c2bd77
2026-09-22T06:43:01.016Z,dry,BTC-USD,6,place,buy,85510,0.00029,quote-bid,join best,f7cd91f0d85bff37b94bd25ab53ed687
2026-09-22T06:43:01.653Z,dry,BTC-USD,6,cancel,sell,85522,0.00029,quote-ask,target moved 85522 -> 85511,58dde3715501b8743fa2e8718065e4a9
2026-09-22T06:43:01.762Z,dry,BTC-USD,6,place,sell,85511,0.00029,quote-ask,rejoin best,13f97c7be2228acab1891e5bcf4dd4bf
2026-09-22T06:43:01.852Z,dry,ETH-USD,7,cancel,sell,2735.3,0.0091,quote-ask,target moved 2735.3 -> 2735,3f6bac74f316a087abfae249b3c2bd77
2026-09-22T06:43:01.959Z,dry,ETH-USD,7,place,sell,2735,0.0091,quote-ask,rejoin best,00d5582aa72cf965432e4af84bad8c88
2026-09-22T06:43:03.763Z,dry,ETH-USD,7,place,buy,2735,0.0091,quote-bid,join best,ba6d4d660f4a04e86a1ab0d83e4f277a
2026-09-22T06:43:03.859Z,dry,ETH-USD,7,place,sell,2735.1,0.0091,quote-ask,join best,db55624c92c4f82f06eacef5b2bd3f5e
2026-09-22T06:43:04.574Z,dry,BTC-USD,6,place,buy,85494,0.00029,quote-bid,join best,82c03ac8fac463023d9112652d8c37b2
2026-09-22T06:43:04.675Z,dry,ETH-USD,7,cancel,buy,2735,0.0091,quote-bid,target moved 2735 -> 2735.1,ba6d4d660f4a04e86a1ab0d83e4f277a
2026-09-22T06:43:04.786Z,dry,ETH-USD,7,place,buy,2735.1,0.0091,quote-bid,rejoin best,24c62ae4bf0d14805dea166990671599
2026-09-22T06:43:04.893Z,dry,ETH-USD,7,place,sell,2735.2,0.0091,quote-ask,join best,b33095102d5a21de926119bc30c680da
2026-09-22T06:43:05.199Z,dry,ETH-USD,7,place,buy,2734.4,0.0091,quote-bid,join best,577e9ebcde9b4eeefbf1163d5513b967
2026-09-22T06:43:05.819Z,dry,ETH-USD,7,cancel,sell,2735.2,0.0091,quote-ask,target moved 2735.2 -> 2734.5,b33095102d5a21de926119bc30c680da
2026-09-22T06:43:05.930Z,dry,ETH-USD,7,place,sell,2734.5,0.0091,quote-ask,rejoin best,6016c96b6c7d7cb8d696cfd2826dc281
2026-09-22T06:43:06.235Z,dry,BTC-USD,6,cancel,sell,85511,0.00029,quote-ask,target moved 85511 -> 85477,13f97c7be2228acab1891e5bcf4dd4bf
2026-09-22T06:43:06.334Z,dry,BTC-USD,6,place,sell,85477,0.00029,quote-ask,rejoin best,27709d7f94be1ce474aee994c1b4f066
2026-09-22T06:43:06.647Z,dry,BTC-USD,6,place,buy,85483,0.00029,quote-bid,join best,95ca0473f95fa8b9d3948435c4dbe48e
2026-09-22T06:43:06.752Z,dry,BTC-USD,6,place,sell,85486,0.00029,quote-ask,join best,1b3c55bb9ae18484e7fc5ca1558b4074
2026-09-22T06:43:06.858Z,dry,ETH-USD,7,place,sell,2734.9,0.0091,quote-ask,join best,cd8e99c8c91d0f15f084daee60f5ece8
2026-09-22T06:43:07.058Z,dry,ETH-USD,7,cancel,buy,2734.4,0.0091,quote-bid,target moved 2734.4 -> 2734.8,577e9ebcde9b4eeefbf1163d5513b967
2026-09-22T06:43:07.152Z,dry,ETH-USD,7,place,buy,2734.8,0.0091,quote-bid,rejoin best,49c45e6728bbe25a9dfb3e22f73e865a
2026-09-22T06:43:07.468Z,dry,BTC-USD,6,cancel,buy,85483,0.00029,quote-bid,target moved 85483 -> 85485,95ca0473f95fa8b9d3948435c4dbe48e
2026-09-22T06:43:07.577Z,dry,BTC-USD,6,place,buy,85485,0.00029,quote-bid,rejoin best,b0bd50b954b6a99becbf55e8b9473be5
2026-09-22T06:43:07.897Z,dry,ETH-USD,7,place,buy,2734.5,0.0091,quote-bid,join best,8e5cb805233d15f4cdb2c597da731435
2026-09-22T06:43:08.313Z,dry,BTC-USD,6,cancel,sell,85486,0.00029,quote-ask,target moved 85486 -> 85482,1b3c55bb9ae18484e7fc5ca1558b4074
2026-09-22T06:43:08.426Z,dry,BTC-USD,6,place,sell,85482,0.00029,quote-ask,rejoin best,0a43ae77dbcb4fdeec0f6cda9cc12dff
2026-09-22T06:43:08.530Z,dry,ETH-USD,7,cancel,sell,2734.9,0.0091,quote-ask,target moved 2734.9 -> 2734.6,cd8e99c8c91d0f15f084daee60f5ece8
2026-09-22T06:43:08.639Z,dry,ETH-USD,7,place,sell,2734.6,0.0091,quote-ask,rejoin best,e74f5354bedab508dfcf463310b9904c
2026-09-22T06:43:08.955Z,dry,ETH-USD,7,place,sell,2734.7,0.0091,quote-ask,join best,881540f39839d534b5f43b1811cc359a
2026-09-22T06:43:09.364Z,dry,ETH-USD,7,cancel,buy,2734.5,0.0091,quote-bid,target moved 2734.5 -> 2734.6,8e5cb805233d15f4cdb2c597da731435
2026-09-22T06:43:09.460Z,dry,ETH-USD,7,place,buy,2734.6,0.0091,quote-bid,rejoin best,bbc070a4224049769c0945783a6de492
2026-09-22T06:43:17.933Z,dry,ETH-USD,7,place,sell,2734.8,0.0091,quote-ask,join best,df71145d391206b6f79955d25be03377
2026-09-22T06:43:18.021Z,dry,ETH-USD,7,reject,sell,2734.8,0.0091,quote-ask,post only order would cross,df71145d391206b6f79955d25be03377
2026-09-22T06:43:18.145Z,dry,ETH-USD,7,place,sell,2735,0.0091,quote-ask,join best,28f52ba7ac41531f2ba82bbf41e6d078
2026-09-22T06:43:18.557Z,dry,ETH-USD,7,cancel,buy,2734.6,0.0091,quote-bid,target moved 2734.6 -> 2734.9,bbc070a4224049769c0945783a6de492
2026-09-22T06:43:18.649Z,dry,ETH-USD,7,place,buy,2734.9,0.0091,quote-bid,rejoin best,9cfbe86f1cbb366382cf2efc8b2d7c64
2026-09-22T06:43:18.763Z,dry,ETH-USD,7,place,sell,2735.2,0.0091,quote-ask,join best,749c1d05173ca2ba9cd6101d9392306d
2026-09-22T06:43:19.180Z,dry,ETH-USD,7,cancel,buy,2734.9,0.0091,quote-bid,target moved 2734.9 -> 2735.1,9cfbe86f1cbb366382cf2efc8b2d7c64
2026-09-22T06:43:19.289Z,dry,ETH-USD,7,place,buy,2735.1,0.0091,quote-bid,rejoin best,8764527058c5bef7cee35e2059065028
2026-09-22T06:43:20.639Z,dry,ETH-USD,7,place,buy,2735,0.0091,quote-bid,join best,b77cf3280b408c5c80fd15079f84f96f
2026-09-22T06:43:21.060Z,dry,ETH-USD,7,cancel,sell,2735.2,0.0091,quote-ask,target moved 2735.2 -> 2735.1,749c1d05173ca2ba9cd6101d9392306d
2026-09-22T06:43:21.155Z,dry,ETH-USD,7,place,sell,2735.1,0.0091,quote-ask,rejoin best,4461c0a65eafa8e28342b0cdfff23cd7
2026-09-22T06:43:26.673Z,dry,ETH-USD,7,place,buy,2734.9,0.0091,quote-bid,join best,0001b6c6d473955abc56175562c4778e
2026-09-22T06:43:27.092Z,dry,ETH-USD,7,cancel,sell,2735.1,0.0091,quote-ask,target moved 2735.1 -> 2735,4461c0a65eafa8e28342b0cdfff23cd7
2026-09-22T06:43:27.199Z,dry,ETH-USD,7,place,sell,2735,0.0091,quote-ask,rejoin best,444e711dc9e7f7469a50c1a1cf27bb5b
2026-09-22T06:43:27.728Z,dry,ETH-USD,7,place,buy,2734.3,0.0091,quote-bid,join best,3ef65c7f3e9452bef76d46eb895b83b9
2026-09-22T06:43:28.152Z,dry,ETH-USD,7,cancel,sell,2735,0.0091,quote-ask,target moved 2735 -> 2734.5,444e711dc9e7f7469a50c1a1cf27bb5b
2026-09-22T06:43:28.260Z,dry,ETH-USD,7,place,sell,2734.5,0.0091,quote-ask,rejoin best,bca96d9926e46b7c3de0f22dee80a450
2026-09-22T06:43:28.564Z,dry,ETH-USD,7,cancel,buy,2734.3,0.0091,quote-bid,target moved 2734.3 -> 2734.4,3ef65c7f3e9452bef76d46eb895b83b9
2026-09-22T06:43:28.671Z,dry,ETH-USD,7,place,buy,2734.4,0.0091,quote-bid,rejoin best,da68a662140dec4f192d8e5ae5202edf
2026-09-22T06:43:29.195Z,dry,ETH-USD,7,place,sell,2734.7,0.0091,quote-ask,join best,08e59abb5ff6343961365cf103edba55
2026-09-22T06:43:29.822Z,dry,ETH-USD,7,cancel,buy,2734.4,0.0091,quote-bid,target moved 2734.4 -> 2734.6,da68a662140dec4f192d8e5ae5202edf
2026-09-22T06:43:29.930Z,dry,ETH-USD,7,place,buy,2734.6,0.0091,quote-bid,rejoin best,b55707ad3a0ac6c754ec45559460cd27
2026-09-22T06:43:32.358Z,dry,ETH-USD,7,place,sell,2735.2,0.0091,quote-ask,join best,93c4f561f44c67cd9c631f6b80b61587
2026-09-22T06:43:33.384Z,dry,ETH-USD,7,cancel,sell,2735.2,0.0091,quote-ask,target moved 2735.2 -> 2734.8,93c4f561f44c67cd9c631f6b80b61587
2026-09-22T06:43:33.487Z,dry,ETH-USD,7,place,sell,2734.8,0.0091,quote-ask,rejoin best,173dfb6635a800b39d5124f03147e366
2026-09-22T06:43:33.805Z,dry,ETH-USD,7,place,buy,2734.4,0.0091,quote-bid,join best,2650f7a004d254d26fa7b0d4fcc529f6
2026-09-22T06:43:34.229Z,dry,ETH-USD,7,cancel,sell,2734.8,0.0091,quote-ask,target moved 2734.8 -> 2734.5,173dfb6635a800b39d5124f03147e366
2026-09-22T06:43:34.338Z,dry,ETH-USD,7,place,sell,2734.5,0.0091,quote-ask,rejoin best,08e7898f676c6e6df90defa0e4899509
2026-09-22T06:43:37.775Z,dry,ETH-USD,7,place,sell,2734.8,0.0091,quote-ask,join best,30482155f2dc1dbb6f5253aba5ee07db
2026-09-22T06:43:38.403Z,dry,ETH-USD,7,cancel,buy,2734.4,0.0091,quote-bid,target moved 2734.4 -> 2734.7,2650f7a004d254d26fa7b0d4fcc529f6
2026-09-22T06:43:38.498Z,dry,ETH-USD,7,place,buy,2734.7,0.0091,quote-bid,rejoin best,5cc7927def0289c1990bd2afba9f665e
2026-09-22T06:43:40.517Z,dry,ETH-USD,7,place,buy,2734.6,0.0091,quote-bid,join best,662237bb662bc12723ed561d961344b0
2026-09-22T06:43:40.931Z,dry,ETH-USD,7,cancel,sell,2734.8,0.0091,quote-ask,target moved 2734.8 -> 2734.7,30482155f2dc1dbb6f5253aba5ee07db
2026-09-22T06:43:41.016Z,dry,ETH-USD,7,place,sell,2734.7,0.0091,quote-ask,rejoin best,a6883caf571d92fb4014dcff7627e841
2026-09-22T06:43:44.240Z,dry,ETH-USD,7,place,sell,2734.9,0.0091,quote-ask,join best,b49f3c2462b752470c608abf1f797d2a
2026-09-22T06:43:44.862Z,dry,ETH-USD,7,cancel,buy,2734.6,0.0091,quote-bid,target moved 2734.6 -> 2734.7,662237bb662bc12723ed561d961344b0
2026-09-22T06:43:44.972Z,dry,ETH-USD,7,place,buy,2734.7,0.0091,quote-bid,rejoin best,34443ebb2f274dcad47acb1126754994
2026-09-22T06:43:45.290Z,dry,ETH-USD,7,cancel,sell,2734.9,0.0091,quote-ask,target moved 2734.9 -> 2734.8,b49f3c2462b752470c608abf1f797d2a
2026-09-22T06:43:45.399Z,dry,ETH-USD,7,place,sell,2734.8,0.0091,quote-ask,rejoin best,68d4e54eabb2151c1a07ebeda02f4095
2026-09-22T06:43:45.702Z,dry,BTC-USD,6,place,buy,85494,0.00029,quote-bid,join best,f8dde6c232ad495b4fa642d07a66ec09
2026-09-22T06:43:45.794Z,dry,BTC-USD,6,place,sell,85495,0.00029,quote-ask,join best,37f55dc4cbb8faec54d7321ad159579e
2026-09-22T06:43:46.553Z,dry,ETH-USD,7,place,buy,2734.6,0.0091,quote-bid,join best,467647290b3e2b0c7b1bf6aa98c16a47
2026-09-22T06:43:46.977Z,dry,ETH-USD,7,cancel,sell,2734.8,0.0091,quote-ask,target moved 2734.8 -> 2734.7,68d4e54eabb2151c1a07ebeda02f4095
2026-09-22T06:43:47.087Z,dry,ETH-USD,7,place,sell,2734.7,0.0091,quote-ask,rejoin best,22831cdd245980d5b935e280eb7d01ae
2026-09-22T06:43:47.388Z,dry,BTC-USD,6,cancel,sell,85495,0.00029,quote-ask,target moved 85495 -> 85483,37f55dc4cbb8faec54d7321ad159579e
2026-09-22T06:43:47.496Z,dry,BTC-USD,6,place,sell,85483,0.00029,quote-ask,rejoin best,7f4ebe9bc4807d92d75a7398cc5aa25a
2026-09-22T06:43:48.243Z,dry,ETH-USD,7,place,buy,2734.5,0.0091,quote-bid,join best,20cc5c7c42deab7cd934b6335f06c4fe
2026-09-22T06:43:48.648Z,dry,ETH-USD,7,cancel,sell,2734.7,0.0091,quote-ask,target moved 2734.7 -> 2734.6,22831cdd245980d5b935e280eb7d01ae
2026-09-22T06:43:48.742Z,dry,ETH-USD,7,place,sell,2734.6,0.0091,quote-ask,rejoin best,e21da2c8804f2131a74c0850c738f4c4
2026-09-22T06:43:57.794Z,dry,BTC-USD,6,cancel,sell,85483,0.00029,quote-ask,target moved 85483 -> 85482,7f4ebe9bc4807d92d75a7398cc5aa25a
2026-09-22T06:43:57.886Z,dry,BTC-USD,6,place,sell,85482,0.00029,quote-ask,rejoin best,e5139ba7f1a6a8b8671e7a4bcf48e362
2026-09-22T06:44:01.180Z,dry,BTC-USD,6,cancel,sell,85482,0.00029,quote-ask,flatten owns instrument,e5139ba7f1a6a8b8671e7a4bcf48e362
2026-09-22T06:44:01.287Z,dry,BTC-USD,6,place,sell,85482,0.00087,flatten-post,passive exit,0be06887aee52f5d8879d92bfcf731bb
2026-09-22T06:44:03.710Z,dry,BTC-USD,6,cancel,sell,85482,0.00087,flatten-post,re-peg flatten,0be06887aee52f5d8879d92bfcf731bb
2026-09-22T06:44:03.925Z,dry,BTC-USD,6,place,sell,85480,0.00087,flatten-post,passive exit,12e584be8d19159bda78e25e942c0ebe
2026-09-22T06:44:05.411Z,dry,BTC-USD,6,cancel,sell,85480,0.00087,flatten-post,re-peg flatten,12e584be8d19159bda78e25e942c0ebe
2026-09-22T06:44:05.614Z,dry,BTC-USD,6,place,sell,85475,0.00087,flatten-post,passive exit,cc8c11eee67e809b3ad5a41c0f979bfe
2026-09-22T06:44:05.828Z,dry,BTC-USD,6,cancel,sell,85475,0.00087,flatten-post,re-peg flatten,cc8c11eee67e809b3ad5a41c0f979bfe
2026-09-22T06:44:06.043Z,dry,BTC-USD,6,place,sell,85469,0.00087,flatten-post,passive exit,6f1d5a91d039fe3b87049d78440829f3
2026-09-22T06:44:06.146Z,dry,ETH-USD,7,cancel,sell,2734.6,0.0091,quote-ask,target moved 2734.6 -> 2734,e21da2c8804f2131a74c0850c738f4c4
2026-09-22T06:44:06.253Z,dry,ETH-USD,7,place,sell,2734,0.0091,quote-ask,rejoin best,5667371bdca118b7f556b7d7fceaee9f
2026-09-22T06:44:07.086Z,dry,ETH-USD,7,place,buy,2734.2,0.0091,quote-bid,join best,b6fde5746ba72de1fe232adc7558a7a1
2026-09-22T06:44:07.176Z,dry,ETH-USD,7,place,sell,2734.3,0.0091,quote-ask,join best,4e8c5e2e9e907c5ef0feb50ffbdeb90d
2026-09-22T06:44:16.350Z,dry,BTC-USD,6,cancel,sell,85469,0.00087,flatten-post,flatten escalating to taker,6f1d5a91d039fe3b87049d78440829f3
2026-09-22T06:44:17.420Z,dry,BTC-USD,6,place,sell,85426,0.00087,flatten-ioc,taker exit (passive window elapsed),974f1d8518dbcdb96bba6899aadf40ff
2026-09-22T06:44:17.629Z,dry,BTC-USD,6,place,buy,85468,0.00029,quote-bid,join best,c9a7b1db4c5b3ad715e677461dc2f012
2026-09-22T06:44:17.737Z,dry,BTC-USD,6,place,sell,85469,0.00029,quote-ask,join best,9ac5b68967775926591d3ba299127716
2026-09-22T06:44:21.861Z,dry,ETH-USD,7,cancel,sell,2734.3,0.0091,quote-ask,target moved 2734.3 -> 2734.1,4e8c5e2e9e907c5ef0feb50ffbdeb90d
2026-09-22T06:44:21.958Z,dry,ETH-USD,7,place,sell,2734.1,0.0091,quote-ask,rejoin best,eb5f88e475cae74fe3f096ff0ea9efcb
2026-09-22T06:44:22.701Z,dry,BTC-USD,6,place,buy,85466,0.00029,quote-bid,join best,f2f4e5a5c3e3b3b005df6e1d6525b6e5
2026-09-22T06:44:23.102Z,dry,BTC-USD,6,cancel,sell,85469,0.00029,quote-ask,target moved 85469 -> 85467,9ac5b68967775926591d3ba299127716
2026-09-22T06:44:23.215Z,dry,BTC-USD,6,place,sell,85467,0.00029,quote-ask,rejoin best,5725922c7e556fe5a8c4e9b0b3103384
2026-09-22T06:44:23.529Z,dry,BTC-USD,6,place,buy,85459,0.00029,quote-bid,join best,cb8b3b1b1fae8404afb8ae723922968d
2026-09-22T06:44:23.619Z,dry,ETH-USD,7,cancel,sell,2734.1,0.0091,quote-ask,target moved 2734.1 -> 2733.5,eb5f88e475cae74fe3f096ff0ea9efcb
2026-09-22T06:44:23.726Z,dry,ETH-USD,7,place,sell,2733.5,0.0091,quote-ask,rejoin best,abe029fff30aecda2c93e1a94575afb6
2026-09-22T06:44:23.952Z,dry,BTC-USD,6,cancel,sell,85467,0.00029,quote-ask,target moved 85467 -> 85460,5725922c7e556fe5a8c4e9b0b3103384
2026-09-22T06:44:24.060Z,dry,BTC-USD,6,place,sell,85460,0.00029,quote-ask,rejoin best,befc046bec648701ea9b1417846c707a
2026-09-22T06:44:25.427Z,dry,ETH-USD,7,place,buy,2733.5,0.0091,quote-bid,join best,98c9f42b5bba83047e96251c7566615b
2026-09-22T06:44:25.534Z,dry,ETH-USD,7,place,sell,2733.6,0.0091,quote-ask,join best,604fbe40bfdb66d85d63317f51bc3161
2026-09-22T06:44:25.840Z,dry,ETH-USD,7,place,sell,2734.1,0.0091,quote-ask,join best,528305309ee93a11c39c1897f0d625f8
2026-09-22T06:44:26.262Z,dry,ETH-USD,7,cancel,buy,2733.5,0.0091,quote-bid,target moved 2733.5 -> 2734,98c9f42b5bba83047e96251c7566615b
2026-09-22T06:44:26.372Z,dry,ETH-USD,7,place,buy,2734,0.0091,quote-bid,rejoin best,3e0cd4bd0ea4477d401af543eff1e1d9
2026-09-22T06:44:26.670Z,dry,ETH-USD,7,place,sell,2734.2,0.0091,quote-ask,join best,1624e713471595d450bda74005a6de06
2026-09-22T06:44:27.085Z,dry,ETH-USD,7,cancel,buy,2734,0.0091,quote-bid,target moved 2734 -> 2734.1,3e0cd4bd0ea4477d401af543eff1e1d9
2026-09-22T06:44:27.179Z,dry,ETH-USD,7,place,buy,2734.1,0.0091,quote-bid,rejoin best,b3db66d1c4dc263f1ba69b834bb61b77
2026-09-22T06:44:28.564Z,dry,ETH-USD,7,place,sell,2734.3,0.0091,quote-ask,join best,219a27faa9a267d730ca1ab0bdcc6477
2026-09-22T06:44:28.976Z,dry,ETH-USD,7,cancel,buy,2734.1,0.0091,quote-bid,target moved 2734.1 -> 2734.2,b3db66d1c4dc263f1ba69b834bb61b77
2026-09-22T06:44:29.079Z,dry,ETH-USD,7,place,buy,2734.2,0.0091,quote-bid,rejoin best,bb61e7be4815530a93103865a08519cf
2026-09-22T06:44:29.615Z,dry,ETH-USD,7,place,sell,2734.4,0.0091,quote-ask,join best,1e1b57b22af0551b05eb0615618181a6
2026-09-22T06:44:30.041Z,dry,ETH-USD,7,cancel,buy,2734.2,0.0091,quote-bid,target moved 2734.2 -> 2734.3,bb61e7be4815530a93103865a08519cf
2026-09-22T06:44:30.134Z,dry,ETH-USD,7,place,buy,2734.3,0.0091,quote-bid,rejoin best,a69a24d73d347c3093be058a86e50f89
2026-09-22T06:44:36.086Z,dry,BTC-USD,6,place,sell,85469,0.00029,quote-ask,join best,a1aedab212667ae77ae9d2cd62327c87
2026-09-22T06:44:36.171Z,dry,ETH-USD,7,cancel,buy,2734.3,0.0091,quote-bid,target moved 2734.3 -> 2734.7,a69a24d73d347c3093be058a86e50f89
2026-09-22T06:44:36.279Z,dry,ETH-USD,7,place,buy,2734.7,0.0091,quote-bid,rejoin best,a6886a4b540fd5200c5485ad93e964f1
2026-09-22T06:44:36.490Z,dry,BTC-USD,6,cancel,buy,85459,0.00029,quote-bid,target moved 85459 -> 85468,cb8b3b1b1fae8404afb8ae723922968d
2026-09-22T06:44:36.583Z,dry,BTC-USD,6,place,buy,85468,0.00029,quote-bid,rejoin best,a607cf79ecdeb77480ff3409ddaf717e
2026-09-22T06:44:37.113Z,dry,ETH-USD,7,cancel,buy,2734.7,0.0091,quote-bid,target moved 2734.7 -> 2734.8,a6886a4b540fd5200c5485ad93e964f1
2026-09-22T06:44:37.222Z,dry,ETH-USD,7,place,buy,2734.8,0.0091,quote-bid,rejoin best,c0db186176d50c7aa1c735b379590e20
2026-09-22T06:44:39.860Z,dry,ETH-USD,7,place,buy,2734.6,0.0091,quote-bid,join best,1d5d8cad420c2e216f5f1175ab6594ab
2026-09-22T06:44:39.950Z,dry,ETH-USD,7,place,sell,2734.7,0.0091,quote-ask,join best,f8c1fc1c3301d04b44acc4d717140b89
2026-09-22T06:44:45.477Z,dry,BTC-USD,6,place,buy,85464,0.00029,quote-bid,join best,ad5cf5bb978a3621df06b6de80ea6bc3
2026-09-22T06:44:45.562Z,dry,ETH-USD,7,place,buy,2734.5,0.0091,quote-bid,join best,2b2c5f126b2faeacc815865c03e38045
2026-09-22T06:44:45.892Z,dry,BTC-USD,6,cancel,sell,85469,0.00029,quote-ask,target moved 85469 -> 85465,a1aedab212667ae77ae9d2cd62327c87
2026-09-22T06:44:45.987Z,dry,BTC-USD,6,place,sell,85465,0.00029,quote-ask,rejoin best,7a4e9c79c8db5b30812291da8abc67b6
2026-09-22T06:44:46.092Z,dry,ETH-USD,7,cancel,sell,2734.7,0.0091,quote-ask,target moved 2734.7 -> 2734.6,f8c1fc1c3301d04b44acc4d717140b89
2026-09-22T06:44:46.185Z,dry,ETH-USD,7,place,sell,2734.6,0.0091,quote-ask,rejoin best,e3616bc629e95db3f70d75c890db415b
2026-09-22T06:44:48.010Z,dry,BTC-USD,6,cancel,sell,85465,0.00029,quote-ask,target moved 85465 -> 85464,7a4e9c79c8db5b30812291da8abc67b6
2026-09-22T06:44:48.104Z,dry,BTC-USD,6,place,sell,85464,0.00029,quote-ask,rejoin best,d19820c1965dc5e867e9bf7f59f7e1e0
2026-09-22T06:44:51.964Z,dry,ETH-USD,7,place,buy,2734.4,0.0091,quote-bid,join best,76bd1956aa173ee4ea3967c5fbabfb24
2026-09-22T06:44:52.373Z,dry,ETH-USD,7,cancel,sell,2734.6,0.0091,quote-ask,target moved 2734.6 -> 2734.5,e3616bc629e95db3f70d75c890db415b
2026-09-22T06:44:52.481Z,dry,ETH-USD,7,place,sell,2734.5,0.0091,quote-ask,rejoin best,c3ffab02411d8d3d49a226a3d1713baa
2026-09-22T06:44:59.500Z,dry,ETH-USD,7,place,sell,2734.6,0.0091,quote-ask,join best,bd95981d13e7913f1f879e381031a72b
2026-09-22T06:44:59.923Z,dry,ETH-USD,7,cancel,buy,2734.4,0.0091,quote-bid,target moved 2734.4 -> 2734.5,76bd1956aa173ee4ea3967c5fbabfb24
2026-09-22T06:45:00.031Z,dry,ETH-USD,7,place,buy,2734.5,0.0091,quote-bid,rejoin best,283224997cfc1d55f91cf2d8e8456ea5
2026-09-22T06:45:01.582Z,dry,ETH-USD,7,place,buy,2734.1,0.0091,quote-bid,join best,670ec44f536efa897224335cb54ad122
2026-09-22T06:45:02.199Z,dry,ETH-USD,7,cancel,sell,2734.6,0.0091,quote-ask,target moved 2734.6 -> 2734.2,bd95981d13e7913f1f879e381031a72b
2026-09-22T06:45:02.281Z,dry,ETH-USD,7,place,sell,2734.2,0.0091,quote-ask,rejoin best,22839f72c6a6786728b4e6966c934dc7
2026-09-22T06:45:06.363Z,dry,ETH-USD,7,place,buy,2733.7,0.0091,quote-bid,join best,94ec3fbccc6ab220a0123bd56d26fd51
2026-09-22T06:45:06.780Z,dry,BTC-USD,6,cancel,sell,85464,0.00029,quote-ask,target moved 85464 -> 85458,d19820c1965dc5e867e9bf7f59f7e1e0
2026-09-22T06:45:06.876Z,dry,BTC-USD,6,place,sell,85458,0.00029,quote-ask,rejoin best,d77f87115a9c1f5915b5e513bd6883de
2026-09-22T06:45:06.980Z,dry,ETH-USD,7,cancel,sell,2734.2,0.0091,quote-ask,target moved 2734.2 -> 2733.8,22839f72c6a6786728b4e6966c934dc7
2026-09-22T06:45:07.075Z,dry,ETH-USD,7,place,sell,2733.8,0.0091,quote-ask,rejoin best,a4a71c24aefa00a470275eaaf7939f49
2026-09-22T06:45:08.875Z,dry,BTC-USD,6,cancel,sell,85458,0.00029,quote-ask,target moved 85458 -> 85456,d77f87115a9c1f5915b5e513bd6883de
2026-09-22T06:45:08.964Z,dry,BTC-USD,6,place,sell,85456,0.00029,quote-ask,rejoin best,248c105973f0146262373f410048d417
2026-09-22T06:45:09.726Z,dry,BTC-USD,6,cancel,sell,85456,0.00029,quote-ask,target moved 85456 -> 85455,248c105973f0146262373f410048d417
2026-09-22T06:45:09.833Z,dry,BTC-USD,6,place,sell,85455,0.00029,quote-ask,rejoin best,063674de775188ba50c35be5f362257d
2026-09-22T06:45:11.174Z,dry,ETH-USD,7,place,sell,2734.1,0.0091,quote-ask,join best,cd40e2e6be60468e7636ebc454dc48e6
2026-09-22T06:45:11.585Z,dry,ETH-USD,7,cancel,buy,2733.7,0.0091,quote-bid,target moved 2733.7 -> 2734,94ec3fbccc6ab220a0123bd56d26fd51
2026-09-22T06:45:11.692Z,dry,ETH-USD,7,place,buy,2734,0.0091,quote-bid,rejoin best,c8eeabc0bf351c6dbb07fe04036ffd92
2026-09-22T06:45:12.650Z,dry,ETH-USD,7,place,buy,2733.9,0.0091,quote-bid,join best,b37b673db9e155c08287d555b1bd3d06
2026-09-22T06:45:13.058Z,dry,ETH-USD,7,cancel,sell,2734.1,0.0091,quote-ask,target moved 2734.1 -> 2734,cd40e2e6be60468e7636ebc454dc48e6
2026-09-22T06:45:13.152Z,dry,ETH-USD,7,place,sell,2734,0.0091,quote-ask,rejoin best,8810efa0293f08448b2d4e6f8aaf42b1
2026-09-22T06:45:13.261Z,dry,BTC-USD,6,cancel,sell,85455,0.00029,quote-ask,target moved 85455 -> 85454,063674de775188ba50c35be5f362257d
2026-09-22T06:45:13.362Z,dry,BTC-USD,6,place,sell,85454,0.00029,quote-ask,rejoin best,f5da4409cb92cd21e19f922b323ca415
2026-09-22T06:45:13.871Z,dry,ETH-USD,7,place,buy,2733.8,0.0091,quote-bid,join best,5dad3941b061e74b633507c01a8ac469
2026-09-22T06:45:14.280Z,dry,ETH-USD,7,cancel,sell,2734,0.0091,quote-ask,target moved 2734 -> 2733.9,8810efa0293f08448b2d4e6f8aaf42b1
2026-09-22T06:45:14.378Z,dry,ETH-USD,7,place,sell,2733.9,0.0091,quote-ask,rejoin best,613e65342cb13e6aed241267e104275a
2026-09-22T06:45:16.363Z,dry,ETH-USD,7,cancel,sell,2733.9,0.0091,quote-ask,target moved 2733.9 -> 2733.8,613e65342cb13e6aed241267e104275a
2026-09-22T06:45:16.460Z,dry,ETH-USD,7,place,sell,2733.8,0.0091,quote-ask,rejoin best,037a6994f09637b8251fb0ec8df26ac9
2026-09-22T06:45:19.090Z,dry,BTC-USD,6,cancel,sell,85454,0.00029,quote-ask,target moved 85454 -> 85445,f5da4409cb92cd21e19f922b323ca415
2026-09-22T06:45:19.185Z,dry,BTC-USD,6,place,sell,85445,0.00029,quote-ask,rejoin best,8031fcd479cfbf44694835e75370bcee
2026-09-22T06:45:19.927Z,dry,BTC-USD,6,cancel,sell,85445,0.00029,quote-ask,target moved 85445 -> 85441,8031fcd479cfbf44694835e75370bcee
2026-09-22T06:45:20.035Z,dry,BTC-USD,6,place,sell,85441,0.00029,quote-ask,rejoin best,5461630d25db728fa2d12dcfa4ae26c5
2026-09-22T06:45:22.679Z,dry,BTC-USD,6,cancel,sell,85441,0.00029,quote-ask,flatten owns instrument,5461630d25db728fa2d12dcfa4ae26c5
2026-09-22T06:45:22.771Z,dry,BTC-USD,6,place,sell,85441,0.00087,flatten-post,passive exit,e800d0121420b29fe287bf6d61878f25
2026-09-22T06:45:37.782Z,dry,BTC-USD,6,cancel,sell,85441,0.00087,flatten-post,flatten escalating to taker,e800d0121420b29fe287bf6d61878f25
2026-09-22T06:45:38.834Z,dry,BTC-USD,6,place,sell,85398,0.00087,flatten-ioc,taker exit (passive window elapsed),0297026be77a4252c171d956ac21e82f
2026-09-22T06:45:39.049Z,dry,BTC-USD,6,place,buy,85440,0.00029,quote-bid,join best,395bf83e3fe39c7a56401548141e7df8
2026-09-22T06:45:39.156Z,dry,BTC-USD,6,place,sell,85441,0.00029,quote-ask,join best,d428527e73e5b25610edf49850663a83
2026-09-22T06:45:41.365Z,dry,BTC-USD,6,place,buy,85436,0.00029,quote-bid,join best,eed5a385829e1d8f200e287ef36be7c5
2026-09-22T06:45:41.778Z,dry,BTC-USD,6,cancel,sell,85441,0.00029,quote-ask,target moved 85441 -> 85440,d428527e73e5b25610edf49850663a83
2026-09-22T06:45:41.871Z,dry,BTC-USD,6,place,sell,85440,0.00029,quote-ask,rejoin best,d45d8e5b1c191580bd4243554af084b5
2026-09-22T06:45:41.991Z,dry,BTC-USD,6,cancel,buy,85436,0.00029,quote-bid,target moved 85436 -> 85439,eed5a385829e1d8f200e287ef36be7c5
2026-09-22T06:45:42.098Z,dry,BTC-USD,6,place,buy,85439,0.00029,quote-bid,rejoin best,5b21c7c6a56f673ffb70a72963f68c20
2026-09-22T06:46:00.661Z,dry,ETH-USD,7,cancel,sell,2733.8,0.0091,quote-ask,target moved 2733.8 -> 2733.6,037a6994f09637b8251fb0ec8df26ac9
2026-09-22T06:46:00.758Z,dry,ETH-USD,7,place,sell,2733.6,0.0091,quote-ask,rejoin best,84f073d668c993f5bb9e225f1fbbc73f
2026-09-22T06:46:01.704Z,dry,ETH-USD,7,place,buy,2733.6,0.0091,quote-bid,join best,302ac0a112c29e21d5ffb63269525832
2026-09-22T06:46:01.791Z,dry,ETH-USD,7,place,sell,2733.7,0.0091,quote-ask,join best,87d5e417c6748267d64d901ec5c8b1a8
2026-09-22T06:46:02.108Z,dry,ETH-USD,7,place,sell,2734.5,0.0091,quote-ask,join best,213952ed1409b46feee75e8ac4ac0377
2026-09-22T06:46:02.530Z,dry,BTC-USD,6,place,sell,85462,0.00029,quote-ask,join best,bc5987d9ff02a9de32a666b2c9e7ddd3
2026-09-22T06:46:03.164Z,dry,ETH-USD,7,cancel,buy,2733.6,0.0091,quote-bid,target moved 2733.6 -> 2734.3,302ac0a112c29e21d5ffb63269525832
2026-09-22T06:46:03.256Z,dry,ETH-USD,7,cancel,sell,2734.5,0.0091,quote-ask,target moved 2734.5 -> 2734.4,213952ed1409b46feee75e8ac4ac0377
2026-09-22T06:46:03.349Z,dry,ETH-USD,7,place,buy,2734.3,0.0091,quote-bid,rejoin best,356c440ca08549b0833e40f29f0d3451
2026-09-22T06:46:03.455Z,dry,ETH-USD,7,place,sell,2734.4,0.0091,quote-ask,rejoin best,db74447245c5fb10f3315fc0d23b6db2
2026-09-22T06:46:03.574Z,dry,BTC-USD,6,cancel,buy,85439,0.00029,quote-bid,target moved 85439 -> 85456,5b21c7c6a56f673ffb70a72963f68c20
2026-09-22T06:46:03.679Z,dry,BTC-USD,6,cancel,sell,85462,0.00029,quote-ask,target moved 85462 -> 85457,bc5987d9ff02a9de32a666b2c9e7ddd3
2026-09-22T06:46:03.786Z,dry,BTC-USD,6,place,buy,85456,0.00029,quote-bid,rejoin best,9957be62d7f39f24c0761ce7227204d3
2026-09-22T06:46:03.893Z,dry,BTC-USD,6,place,sell,85457,0.00029,quote-ask,rejoin best,d51d73eeacfe810a9b0cc84ca756686c
2026-09-22T06:46:06.914Z,dry,ETH-USD,7,place,buy,2734.2,0.0091,quote-bid,join best,1934bee0aa46605fd1c2da0a2ce2a793
2026-09-22T06:46:07.326Z,dry,ETH-USD,7,cancel,sell,2734.4,0.0091,quote-ask,target moved 2734.4 -> 2734.3,db74447245c5fb10f3315fc0d23b6db2
2026-09-22T06:46:07.427Z,dry,ETH-USD,7,place,sell,2734.3,0.0091,quote-ask,rejoin best,3b74dbd36d5255532723da99204d2c20
2026-09-22T06:46:07.530Z,dry,ETH-USD,7,place,sell,2734.4,0.0091,quote-ask,join best,ada63cdc9acba546ac7fe660f26d9231
2026-09-22T06:46:07.933Z,dry,ETH-USD,7,cancel,buy,2734.2,0.0091,quote-bid,target moved 2734.2 -> 2734.3,1934bee0aa46605fd1c2da0a2ce2a793
2026-09-22T06:46:08.026Z,dry,ETH-USD,7,place,buy,2734.3,0.0091,quote-bid,rejoin best,e30d694d54162f3f1000ba11318d4b9b
2026-09-22T06:46:12.299Z,dry,ETH-USD,7,place,buy,2734.2,0.0091,quote-bid,join best,a4abea44f57ded38e89926356f05def7
2026-09-22T06:46:12.509Z,dry,ETH-USD,7,cancel,buy,2734.2,0.0091,quote-bid,flatten owns instrument,a4abea44f57ded38e89926356f05def7
2026-09-22T06:46:12.601Z,dry,ETH-USD,7,cancel,sell,2734.4,0.0091,quote-ask,flatten owns instrument,ada63cdc9acba546ac7fe660f26d9231
2026-09-22T06:46:12.708Z,dry,ETH-USD,7,place,sell,2734.3,0.0182,flatten-post,passive exit,17f5399e59cf9e0c37903becd42c60b1
2026-09-22T06:46:27.557Z,dry,ETH-USD,7,cancel,sell,2734.3,0.0182,flatten-post,flatten escalating to taker,17f5399e59cf9e0c37903becd42c60b1
2026-09-22T06:46:28.571Z,dry,ETH-USD,7,place,sell,2732.9,0.0182,flatten-ioc,taker exit (passive window elapsed),cdbdc4707427dd5f4cbf39c0b9cf6db8
2026-09-22T06:46:28.772Z,dry,ETH-USD,7,place,buy,2734.2,0.0091,quote-bid,join best,d3da6bd42404d9ee48fc32bb3855f87b
2026-09-22T06:46:28.883Z,dry,ETH-USD,7,place,sell,2734.3,0.0091,quote-ask,join best,f42f065319ce4e27ed5d533dd348a0e2
2026-09-22T06:46:30.434Z,dry,BTC-USD,6,place,buy,85445,0.00029,quote-bid,join best,c460bea31430f3f7beeffcbe749d6a72
2026-09-22T06:46:30.539Z,dry,ETH-USD,7,place,buy,2733.4,0.0091,quote-bid,join best,f3652810ad426f1d408f5dfcc52a9796
2026-09-22T06:46:30.856Z,dry,BTC-USD,6,cancel,sell,85457,0.00029,quote-ask,target moved 85457 -> 85446,d51d73eeacfe810a9b0cc84ca756686c
2026-09-22T06:46:30.964Z,dry,BTC-USD,6,place,sell,85446,0.00029,quote-ask,rejoin best,a6290edb8d2d9178d04662ac4a9e728e
2026-09-22T06:46:31.264Z,dry,ETH-USD,7,cancel,buy,2733.4,0.0091,quote-bid,target moved 2733.4 -> 2733.6,f3652810ad426f1d408f5dfcc52a9796
2026-09-22T06:46:31.370Z,dry,ETH-USD,7,cancel,sell,2734.3,0.0091,quote-ask,target moved 2734.3 -> 2733.7,f42f065319ce4e27ed5d533dd348a0e2
2026-09-22T06:46:31.478Z,dry,ETH-USD,7,place,buy,2733.6,0.0091,quote-bid,rejoin best,73f2896805b765d39cebe2c66c36c15e
2026-09-22T06:46:31.577Z,dry,ETH-USD,7,place,sell,2733.7,0.0091,quote-ask,rejoin best,05726ca90eea9e61f6a5d323e73f272c
2026-09-22T06:46:36.493Z,dry,ETH-USD,7,place,sell,2733.9,0.0091,quote-ask,join best,407353c876aff093a81dc66a7d7178d9
2026-09-22T06:46:36.911Z,dry,ETH-USD,7,cancel,buy,2733.6,0.0091,quote-bid,target moved 2733.6 -> 2733.8,73f2896805b765d39cebe2c66c36c15e
2026-09-22T06:46:37.020Z,dry,ETH-USD,7,place,buy,2733.8,0.0091,quote-bid,rejoin best,009739b04eef75188eac686b40ecc562
2026-09-22T06:46:40.867Z,dry,ETH-USD,7,place,sell,2734.2,0.0091,quote-ask,join best,c7b8b7d1f3c67acd269b617c92758b6c
2026-09-22T06:46:41.277Z,dry,ETH-USD,7,cancel,buy,2733.8,0.0091,quote-bid,target moved 2733.8 -> 2734.1,009739b04eef75188eac686b40ecc562
2026-09-22T06:46:41.371Z,dry,ETH-USD,7,place,buy,2734.1,0.0091,quote-bid,rejoin best,0193f466e539d264bc0e605a7a9d660e
2026-09-22T06:46:44.619Z,dry,ETH-USD,7,place,buy,2733.5,0.0091,quote-bid,join best,5029194c525ac0b4d2bbd76f1de81bba
2026-09-22T06:46:44.829Z,dry,BTC-USD,6,place,buy,85444,0.00029,quote-bid,join best,e8092037361ddf20853fd8a291ed89b2
2026-09-22T06:46:45.434Z,dry,ETH-USD,7,cancel,buy,2733.5,0.0091,quote-bid,target moved 2733.5 -> 2733.6,5029194c525ac0b4d2bbd76f1de81bba
2026-09-22T06:46:45.542Z,dry,ETH-USD,7,place,buy,2733.6,0.0091,quote-bid,rejoin best,0c6a9d87458c0c3a8dd2e3d392c819ad
2026-09-22T06:46:45.859Z,dry,BTC-USD,6,cancel,sell,85446,0.00029,quote-ask,target moved 85446 -> 85436,a6290edb8d2d9178d04662ac4a9e728e
2026-09-22T06:46:45.960Z,dry,BTC-USD,6,place,sell,85436,0.00029,quote-ask,rejoin best,7c39bc5e132082b2fdb38832deaacf03
2026-09-22T06:46:46.055Z,dry,ETH-USD,7,cancel,sell,2734.2,0.0091,quote-ask,target moved 2734.2 -> 2733.7,c7b8b7d1f3c67acd269b617c92758b6c
2026-09-22T06:46:46.163Z,dry,ETH-USD,7,place,sell,2733.7,0.0091,quote-ask,rejoin best,dd49b52086caddf1f4c6de56acbb2b16
2026-09-22T06:46:55.732Z,dry,ETH-USD,7,place,sell,2733.9,0.0091,quote-ask,join best,b8dc41cc0e667f17c967125f13ade02f
2026-09-22T06:46:56.145Z,dry,ETH-USD,7,cancel,buy,2733.6,0.0091,quote-bid,target moved 2733.6 -> 2733.8,0c6a9d87458c0c3a8dd2e3d392c819ad
2026-09-22T06:46:56.253Z,dry,ETH-USD,7,place,buy,2733.8,0.0091,quote-bid,rejoin best,9afa64e0a0245990230ed73770b320f0
2026-09-22T06:47:04.683Z,dry,ETH-USD,7,place,sell,2734.1,0.0091,quote-ask,join best,4821593aa5cfd5e8b888f21648cbcf24
2026-09-22T06:47:05.106Z,dry,ETH-USD,7,cancel,buy,2733.8,0.0091,quote-bid,target moved 2733.8 -> 2734,9afa64e0a0245990230ed73770b320f0
2026-09-22T06:47:05.215Z,dry,ETH-USD,7,place,buy,2734,0.0091,quote-bid,rejoin best,fa89320bc2956a2f708b9150aba15424
2026-09-22T06:47:06.987Z,dry,ETH-USD,7,place,buy,2733.8,0.0091,quote-bid,join best,26c8c46f8e2cebf5aefb57030d900709
2026-09-22T06:47:07.409Z,dry,ETH-USD,7,cancel,sell,2734.1,0.0091,quote-ask,target moved 2734.1 -> 2733.9,4821593aa5cfd5e8b888f21648cbcf24
2026-09-22T06:47:07.501Z,dry,ETH-USD,7,place,sell,2733.9,0.0091,quote-ask,rejoin best,8e222374cfd04c22cfb248e1534b588c
2026-09-22T06:47:08.456Z,dry,ETH-USD,7,place,buy,2733.6,0.0091,quote-bid,join best,ff05561e6ea631337aaf3db45301d6d8
2026-09-22T06:47:08.865Z,dry,ETH-USD,7,cancel,sell,2733.9,0.0091,quote-ask,target moved 2733.9 -> 2733.7,8e222374cfd04c22cfb248e1534b588c
2026-09-22T06:47:08.957Z,dry,ETH-USD,7,place,sell,2733.7,0.0091,quote-ask,rejoin best,b664eb3ef7f2077fe91ff57670537eed
2026-09-22T06:47:09.293Z,dry,ETH-USD,7,place,buy,2733.5,0.0091,quote-bid,join best,2f7f4a1149e9369395274f18a6f5a7b1
2026-09-22T06:47:09.715Z,dry,ETH-USD,7,cancel,sell,2733.7,0.0091,quote-ask,target moved 2733.7 -> 2733.6,b664eb3ef7f2077fe91ff57670537eed
2026-09-22T06:47:09.823Z,dry,ETH-USD,7,place,sell,2733.6,0.0091,quote-ask,rejoin best,52753ec84057e956ec188f8573b34f11
2026-09-22T06:47:10.139Z,dry,ETH-USD,7,place,buy,2733.2,0.0091,quote-bid,join best,4c045a32f8a650536fdbe3e8a0669b65
2026-09-22T06:47:10.562Z,dry,ETH-USD,7,cancel,sell,2733.6,0.0091,quote-ask,target moved 2733.6 -> 2733.3,52753ec84057e956ec188f8573b34f11
2026-09-22T06:47:10.673Z,dry,ETH-USD,7,place,sell,2733.3,0.0091,quote-ask,rejoin best,82c22feaf877ce46bce8f8525761f8b2
2026-09-22T06:47:11.386Z,dry,BTC-USD,6,cancel,sell,85436,0.00029,quote-ask,target moved 85436 -> 85429,7c39bc5e132082b2fdb38832deaacf03
2026-09-22T06:47:11.492Z,dry,BTC-USD,6,place,sell,85429,0.00029,quote-ask,rejoin best,b0e656e795eff319ebaa10b2117487f2
2026-09-22T06:47:11.599Z,dry,ETH-USD,7,cancel,sell,2733.3,0.0091,quote-ask,target moved 2733.3 -> 2733.2,82c22feaf877ce46bce8f8525761f8b2
2026-09-22T06:47:11.706Z,dry,ETH-USD,7,place,sell,2733.2,0.0091,quote-ask,rejoin best,37e91b6bfc0aa1a978bbb9ae6a3799aa
2026-09-22T06:47:16.010Z,dry,ETH-USD,7,place,buy,2733.2,0.0091,quote-bid,join best,9be0dc1954ecee5e501fcf06a677d1d6
2026-09-22T06:47:16.098Z,dry,ETH-USD,7,place,sell,2733.3,0.0091,quote-ask,join best,1f40702e881c36128993f2ead233fbc1
2026-09-22T06:47:27.359Z,dry,BTC-USD,6,place,buy,85434,0.00029,quote-bid,join best,e077f5668f0a8c08c01a2b615b6d0ca1
2026-09-22T06:47:27.473Z,dry,BTC-USD,6,place,sell,85435,0.00029,quote-ask,join best,07bc75291be196da7f6ca2243d28fc4b
2026-09-22T06:47:27.580Z,dry,ETH-USD,7,place,sell,2733.5,0.0091,quote-ask,join best,a813f2dd1d91ef1971540fc8266fa530
2026-09-22T06:47:27.761Z,dry,ETH-USD,7,cancel,buy,2733.2,0.0091,quote-bid,target moved 2733.2 -> 2733.4,9be0dc1954ecee5e501fcf06a677d1d6
2026-09-22T06:47:27.865Z,dry,ETH-USD,7,place,buy,2733.4,0.0091,quote-bid,rejoin best,8524c5579710cc7253e028dc48fdfe46
2026-09-22T06:47:29.230Z,dry,ETH-USD,7,place,sell,2733.7,0.0091,quote-ask,join best,86b00e1c1c651feecad7aec0fcb7e998
2026-09-22T06:47:29.652Z,dry,ETH-USD,7,cancel,buy,2733.4,0.0091,quote-bid,target moved 2733.4 -> 2733.6,8524c5579710cc7253e028dc48fdfe46
2026-09-22T06:47:29.760Z,dry,ETH-USD,7,place,buy,2733.6,0.0091,quote-bid,rejoin best,c940d9992f89915aee0afd32e7503b56
2026-09-22T06:47:30.473Z,dry,BTC-USD,6,cancel,buy,85434,0.00029,quote-bid,flatten owns instrument,e077f5668f0a8c08c01a2b615b6d0ca1
2026-09-22T06:47:30.560Z,dry,BTC-USD,6,cancel,sell,85435,0.00029,quote-ask,flatten owns instrument,07bc75291be196da7f6ca2243d28fc4b
2026-09-22T06:47:30.671Z,dry,BTC-USD,6,place,sell,85435,0.00058,flatten-post,passive exit,f3e455b5ea1be1cec7e78d61664420a0
2026-09-22T06:47:34.662Z,dry,ETH-USD,7,place,buy,2733.1,0.0091,quote-bid,join best,841700d0903bbcb1f099bf4433024c05
2026-09-22T06:47:35.511Z,dry,ETH-USD,7,cancel,buy,2733.1,0.0091,quote-bid,target moved 2733.1 -> 2733.3,841700d0903bbcb1f099bf4433024c05
2026-09-22T06:47:35.618Z,dry,ETH-USD,7,cancel,sell,2733.7,0.0091,quote-ask,target moved 2733.7 -> 2733.4,86b00e1c1c651feecad7aec0fcb7e998
2026-09-22T06:47:35.726Z,dry,ETH-USD,7,place,buy,2733.3,0.0091,quote-bid,rejoin best,3ded0be7846b649e42db852991729a0f
2026-09-22T06:47:35.832Z,dry,ETH-USD,7,place,sell,2733.4,0.0091,quote-ask,rejoin best,aab7fc8c4ba7f4636fbc8e3dbb4a337e
2026-09-22T06:47:38.034Z,dry,BTC-USD,6,cancel,sell,85435,0.00058,flatten-post,re-peg flatten,f3e455b5ea1be1cec7e78d61664420a0
2026-09-22T06:47:38.242Z,dry,BTC-USD,6,place,sell,85429,0.00058,flatten-post,passive exit,4482f54c1d696d79b70cb0b59f4d8ae8
2026-09-22T06:47:40.566Z,dry,ETH-USD,7,place,buy,2733.2,0.0091,quote-bid,join best,f37853a522b0c2b0cd4272cbdbb81a25
2026-09-22T06:47:40.966Z,dry,ETH-USD,7,cancel,sell,2733.4,0.0091,quote-ask,target moved 2733.4 -> 2733.3,aab7fc8c4ba7f4636fbc8e3dbb4a337e
2026-09-22T06:47:41.072Z,dry,ETH-USD,7,place,sell,2733.3,0.0091,quote-ask,rejoin best,63baeac5517639a5bd9e12891bfb4606
2026-09-22T06:47:41.600Z,dry,BTC-USD,6,cancel,sell,85429,0.00058,flatten-post,re-peg flatten,4482f54c1d696d79b70cb0b59f4d8ae8
2026-09-22T06:47:41.691Z,dry,ETH-USD,7,cancel,sell,2733.3,0.0091,quote-ask,target moved 2733.3 -> 2733.2,63baeac5517639a5bd9e12891bfb4606
2026-09-22T06:47:41.784Z,dry,ETH-USD,7,place,sell,2733.2,0.0091,quote-ask,rejoin best,3b290efceeb5e1f8647822475719ffcd
2026-09-22T06:47:42.028Z,dry,BTC-USD,6,place,sell,85417,0.00058,flatten-post,passive exit,7ea53a2c77b0b1e9057fbdc576de0b94
2026-09-22T06:47:45.598Z,dry,BTC-USD,6,cancel,sell,85417,0.00058,flatten-post,flatten escalating to taker,7ea53a2c77b0b1e9057fbdc576de0b94
2026-09-22T06:47:46.667Z,dry,BTC-USD,6,place,sell,85374,0.00058,flatten-ioc,taker exit (passive window elapsed),26ee8aa183641e1c7d27d06c106a7bfc
2026-09-22T06:47:46.859Z,dry,BTC-USD,6,place,buy,85416,0.00029,quote-bid,join best,7bdbfcb1c7f68a72a1202a452eecd92a
2026-09-22T06:47:46.952Z,dry,BTC-USD,6,place,sell,85417,0.00029,quote-ask,join best,bc95edf9852b4fdb3fe0bf7a42eec4bf
2026-09-22T06:47:48.081Z,dry,ETH-USD,7,place,buy,2733.2,0.0091,quote-bid,join best,2a1887cecaf3c8f726e8c72d2788225d
2026-09-22T06:47:48.187Z,dry,ETH-USD,7,place,sell,2733.3,0.0091,quote-ask,join best,b862827650f0f4930249dccd8d234369
2026-09-22T06:48:02.122Z,dry,ETH-USD,7,cancel,sell,2733.3,0.0091,quote-ask,target moved 2733.3 -> 2733.1,b862827650f0f4930249dccd8d234369
2026-09-22T06:48:02.216Z,dry,ETH-USD,7,place,sell,2733.1,0.0091,quote-ask,rejoin best,a2f6a38f33c6b6698cf961a2a0977e0d
2026-09-22T06:48:05.892Z,dry,ETH-USD,7,place,buy,2733.1,0.0091,quote-bid,join best,532a68208ddb84fd2f3a07ccae9101bd
2026-09-22T06:48:05.983Z,dry,ETH-USD,7,place,sell,2733.2,0.0091,quote-ask,join best,e7122f840be40d9fb1771efe492130cc
2026-09-22T06:48:08.603Z,dry,ETH-USD,7,place,sell,2733.3,0.0091,quote-ask,join best,dfe6cd05c3d77eeed24ea2f4d5c4c37d
2026-09-22T06:48:09.027Z,dry,ETH-USD,7,cancel,buy,2733.1,0.0091,quote-bid,target moved 2733.1 -> 2733.2,532a68208ddb84fd2f3a07ccae9101bd
2026-09-22T06:48:09.137Z,dry,ETH-USD,7,place,buy,2733.2,0.0091,quote-bid,rejoin best,e870158669b1107787ebbae93222b7b9
2026-09-22T06:48:11.980Z,dry,BTC-USD,6,place,buy,85408,0.00029,quote-bid,join best,160524347b8314d6cac9a9ef1757d881
2026-09-22T06:48:12.404Z,dry,BTC-USD,6,cancel,sell,85417,0.00029,quote-ask,target moved 85417 -> 85409,bc95edf9852b4fdb3fe0bf7a42eec4bf
2026-09-22T06:48:12.498Z,dry,BTC-USD,6,place,sell,85409,0.00029,quote-ask,rejoin best,50dfc116f9d19d406843b97842c9dd7b
2026-09-22T06:48:13.472Z,dry,ETH-USD,7,place,buy,2733.1,0.0091,quote-bid,join best,9a184f7a8edb8ccf4027bba2290f7ea5
2026-09-22T06:48:13.881Z,dry,ETH-USD,7,cancel,sell,2733.3,0.0091,quote-ask,target moved 2733.3 -> 2733.2,dfe6cd05c3d77eeed24ea2f4d5c4c37d
2026-09-22T06:48:13.987Z,dry,ETH-USD,7,place,sell,2733.2,0.0091,quote-ask,rejoin best,f14f3306ee9a84b6ccc8047b7ed943fe
2026-09-22T06:48:30.447Z,dry,ETH-USD,7,place,sell,2733.4,0.0091,quote-ask,join best,ec404b59b5cd39d2abd48389c8d706ad
2026-09-22T06:48:30.858Z,dry,ETH-USD,7,cancel,buy,2733.1,0.0091,quote-bid,target moved 2733.1 -> 2733.3,9a184f7a8edb8ccf4027bba2290f7ea5
2026-09-22T06:48:30.946Z,dry,ETH-USD,7,place,buy,2733.3,0.0091,quote-bid,rejoin best,c0904000c34c7f46c465771e98159825
2026-09-22T06:48:32.909Z,dry,ETH-USD,7,place,buy,2733.2,0.0091,quote-bid,join best,10589f285703fc4808c1396892ad8ffe
2026-09-22T06:48:33.333Z,dry,ETH-USD,7,cancel,sell,2733.4,0.0091,quote-ask,target moved 2733.4 -> 2733.3,ec404b59b5cd39d2abd48389c8d706ad
2026-09-22T06:48:33.426Z,dry,ETH-USD,7,place,sell,2733.3,0.0091,quote-ask,rejoin best,2e6ca5a0978ae2e5603205ccc3d86acc
2026-09-22T06:48:34.592Z,dry,ETH-USD,7,cancel,buy,2733.2,0.0091,quote-bid,flatten owns instrument,10589f285703fc4808c1396892ad8ffe
2026-09-22T06:48:34.698Z,dry,ETH-USD,7,cancel,sell,2733.3,0.0091,quote-ask,flatten owns instrument,2e6ca5a0978ae2e5603205ccc3d86acc
2026-09-22T06:48:34.807Z,dry,ETH-USD,7,place,sell,2733.3,0.0182,flatten-post,passive exit,0f659465998cfb3214315eff721341b0
2026-09-22T06:48:49.697Z,dry,ETH-USD,7,cancel,sell,2733.3,0.0182,flatten-post,flatten escalating to taker,0f659465998cfb3214315eff721341b0
2026-09-22T06:48:50.734Z,dry,BTC-USD,6,place,sell,85417,0.00029,quote-ask,join best,8b9276f929af7f6cb3e5593fc3de640c
2026-09-22T06:48:50.844Z,dry,ETH-USD,7,place,sell,2731.9,0.0182,flatten-ioc,taker exit (passive window elapsed),0ddfbea6a9344ad2b0a983fe23ba167d
2026-09-22T06:48:51.139Z,dry,BTC-USD,6,cancel,buy,85408,0.00029,quote-bid,target moved 85408 -> 85416,160524347b8314d6cac9a9ef1757d881
2026-09-22T06:48:51.248Z,dry,BTC-USD,6,place,buy,85416,0.00029,quote-bid,rejoin best,05eef0aee0611ca990be874678444ac2
2026-09-22T06:48:51.353Z,dry,ETH-USD,7,place,buy,2733.2,0.0091,quote-bid,join best,66c6856ce6bb72d43d652d1effa72dcd
2026-09-22T06:48:51.461Z,dry,ETH-USD,7,place,sell,2733.3,0.0091,quote-ask,join best,29763b32ddd9372518de83a44fbc5dd4
2026-09-22T06:48:53.595Z,dry,BTC-USD,6,place,sell,85427,0.00029,quote-ask,join best,b09e3a16a7f69bd1b3869829541e642c
2026-09-22T06:48:54.018Z,dry,BTC-USD,6,cancel,buy,85416,0.00029,quote-bid,target moved 85416 -> 85426,05eef0aee0611ca990be874678444ac2
2026-09-22T06:48:54.126Z,dry,BTC-USD,6,place,buy,85426,0.00029,quote-bid,rejoin best,f0030a58e528a8caa695289550dc8d98
2026-09-22T06:48:56.080Z,dry,ETH-USD,7,place,sell,2733.7,0.0091,quote-ask,join best,8475f4a660db77c14ee1beb6fd11e806
2026-09-22T06:48:56.501Z,dry,ETH-USD,7,cancel,buy,2733.2,0.0091,quote-bid,target moved 2733.2 -> 2733.6,66c6856ce6bb72d43d652d1effa72dcd
2026-09-22T06:48:56.609Z,dry,ETH-USD,7,place,buy,2733.6,0.0091,quote-bid,rejoin best,afe618d773c170d5d6342874e3276590
2026-09-22T06:48:56.916Z,dry,BTC-USD,6,place,sell,85436,0.00029,quote-ask,join best,6b3fdd7dc70cc513a4a328d42b5b6b4d
2026-09-22T06:48:57.021Z,dry,ETH-USD,7,place,sell,2734.2,0.0091,quote-ask,join best,b206dd0ff7e18a03e528e9a0d48f8d17
2026-09-22T06:48:57.126Z,dry,ETH-USD,7,reject,sell,2734.2,0.0091,quote-ask,post only order would cross,b206dd0ff7e18a03e528e9a0d48f8d17
2026-09-22T06:48:57.334Z,dry,ETH-USD,7,place,sell,2734.4,0.0091,quote-ask,join best,f28bc554b4946e24ec15f64d77e60352
2026-09-22T06:48:57.745Z,dry,BTC-USD,6,cancel,buy,85426,0.00029,quote-bid,target moved 85426 -> 85443,f0030a58e528a8caa695289550dc8d98
2026-09-22T06:48:57.852Z,dry,BTC-USD,6,place,buy,85443,0.00029,quote-bid,rejoin best,80052f3d6e35ee954a03ed9a421a64d7
2026-09-22T06:48:57.956Z,dry,ETH-USD,7,cancel,buy,2733.6,0.0091,quote-bid,target moved 2733.6 -> 2734.3,afe618d773c170d5d6342874e3276590
2026-09-22T06:48:58.061Z,dry,ETH-USD,7,place,buy,2734.3,0.0091,quote-bid,rejoin best,cee91aa97191693dba79224024b9eecc
2026-09-22T06:49:02.762Z,dry,ETH-USD,7,place,buy,2733.9,0.0091,quote-bid,join best,6878dfde82480ce920bda4972edb26b4
2026-09-22T06:49:03.597Z,dry,ETH-USD,7,cancel,sell,2734.4,0.0091,quote-ask,target moved 2734.4 -> 2734,f28bc554b4946e24ec15f64d77e60352
2026-09-22T06:49:03.690Z,dry,ETH-USD,7,place,sell,2734,0.0091,quote-ask,rejoin best,0bd1d38a981f5c598e389d1ccf21f032
2026-09-22T06:49:08.992Z,dry,BTC-USD,6,place,buy,85418,0.00029,quote-bid,join best,b632185f3312bad77f047ff03dbad61c
2026-09-22T06:49:09.082Z,dry,BTC-USD,6,place,sell,85439,0.00029,quote-ask,join best,d102eb36f6df63ecfdc072be0c2f3f8a
2026-09-22T06:49:09.175Z,dry,ETH-USD,7,place,buy,2733.6,0.0091,quote-bid,join best,8c860a1e854ccb1ab86bca526f06de34
2026-09-22T06:49:09.830Z,dry,BTC-USD,6,cancel,buy,85418,0.00029,quote-bid,target moved 85418 -> 85433,b632185f3312bad77f047ff03dbad61c
2026-09-22T06:49:09.937Z,dry,BTC-USD,6,cancel,sell,85439,0.00029,quote-ask,target moved 85439 -> 85434,d102eb36f6df63ecfdc072be0c2f3f8a
2026-09-22T06:49:10.029Z,dry,BTC-USD,6,place,buy,85433,0.00029,quote-bid,rejoin best,bd2f0175b028c739d3561effa5b7d61d
2026-09-22T06:49:10.135Z,dry,BTC-USD,6,place,sell,85434,0.00029,quote-ask,rejoin best,2d6bb923a280653581598ddd2dac14d0
2026-09-22T06:49:10.241Z,dry,ETH-USD,7,cancel,sell,2734,0.0091,quote-ask,target moved 2734 -> 2733.7,0bd1d38a981f5c598e389d1ccf21f032
2026-09-22T06:49:10.350Z,dry,ETH-USD,7,place,sell,2733.7,0.0091,quote-ask,rejoin best,233e01ae05ff4b08d916d1eeda7d4600
2026-09-22T06:49:14.870Z,dry,BTC-USD,6,place,buy,85431,0.00029,quote-bid,join best,bd04be9e0b4127abf066b905e846bd48
2026-09-22T06:49:14.959Z,dry,ETH-USD,7,place,buy,2733.5,0.0091,quote-bid,join best,b4bc69f8179f8c24eb8d2a0f7f6443e3
2026-09-22T06:49:15.298Z,dry,BTC-USD,6,cancel,sell,85434,0.00029,quote-ask,target moved 85434 -> 85432,2d6bb923a280653581598ddd2dac14d0
2026-09-22T06:49:15.407Z,dry,BTC-USD,6,place,sell,85432,0.00029,quote-ask,rejoin best,ea384be8db6819dcb8691a98fc6afb6f
2026-09-22T06:49:15.509Z,dry,ETH-USD,7,cancel,sell,2733.7,0.0091,quote-ask,target moved 2733.7 -> 2733.6,233e01ae05ff4b08d916d1eeda7d4600
2026-09-22T06:49:15.614Z,dry,ETH-USD,7,place,sell,2733.6,0.0091,quote-ask,rejoin best,aa2c96f8ad19f0c746b16fcc27498240
2026-09-22T06:49:15.712Z,dry,BTC-USD,6,place,buy,85419,0.00029,quote-bid,join best,08c5d8604799af73ff918cf0c048ab43
2026-09-22T06:49:15.814Z,dry,ETH-USD,7,place,buy,2733,0.0091,quote-bid,join best,bef24b5a7722340eec122f1cf975fff8
2026-09-22T06:49:16.130Z,dry,ETH-USD,7,cancel,sell,2733.6,0.0091,quote-ask,target moved 2733.6 -> 2733.1,aa2c96f8ad19f0c746b16fcc27498240
2026-09-22T06:49:16.255Z,dry,ETH-USD,7,place,sell,2733.1,0.0091,quote-ask,rejoin best,051eb64181c49fac3eb5d147bf9976f2
2026-09-22T06:49:16.555Z,dry,BTC-USD,6,cancel,sell,85432,0.00029,quote-ask,target moved 85432 -> 85420,ea384be8db6819dcb8691a98fc6afb6f
2026-09-22T06:49:16.661Z,dry,BTC-USD,6,place,sell,85420,0.00029,quote-ask,rejoin best,1e3976a4131fb8a540b349a2822a8463
2026-09-22T06:49:17.575Z,dry,ETH-USD,7,place,sell,2733.2,0.0091,quote-ask,join best,f6db5743f2e19cd1d4ca01b1a7923889
2026-09-22T06:49:18.003Z,dry,ETH-USD,7,cancel,buy,2733,0.0091,quote-bid,target moved 2733 -> 2733.1,bef24b5a7722340eec122f1cf975fff8
2026-09-22T06:49:18.113Z,dry,ETH-USD,7,place,buy,2733.1,0.0091,quote-bid,rejoin best,68edf1385f17b4feebf9b0d4b8067426
2026-09-22T06:49:18.432Z,dry,ETH-USD,7,place,sell,2733.6,0.0091,quote-ask,join best,e2d53016c18ff0172682d7ad69b710a0
2026-09-22T06:49:18.857Z,dry,ETH-USD,7,cancel,buy,2733.1,0.0091,quote-bid,target moved 2733.1 -> 2733.5,68edf1385f17b4feebf9b0d4b8067426
2026-09-22T06:49:18.965Z,dry,ETH-USD,7,place,buy,2733.5,0.0091,quote-bid,rejoin best,d18af9d8c37ff7c18f2c8fad5653c17f
2026-09-22T06:49:19.267Z,dry,BTC-USD,6,place,buy,85418,0.00029,quote-bid,join best,6547929e346c185a5e129f2b3017162a
2026-09-22T06:49:19.895Z,dry,BTC-USD,6,cancel,buy,85418,0.00029,quote-bid,target moved 85418 -> 85419,6547929e346c185a5e129f2b3017162a
2026-09-22T06:49:20.003Z,dry,BTC-USD,6,place,buy,85419,0.00029,quote-bid,rejoin best,38ac5d6ea4787ffb3bef1618ef50b34a
2026-09-22T06:49:21.778Z,dry,ETH-USD,7,place,buy,2733.3,0.0091,quote-bid,join best,8e3b0f116ab60d4ffe9fbedd5ee4ffc6
2026-09-22T06:49:22.199Z,dry,ETH-USD,7,cancel,sell,2733.6,0.0091,quote-ask,target moved 2733.6 -> 2733.4,e2d53016c18ff0172682d7ad69b710a0
2026-09-22T06:49:22.308Z,dry,ETH-USD,7,place,sell,2733.4,0.0091,quote-ask,rejoin best,12a64ec371a5d180b2df32c6a5b34920
2026-09-22T06:49:25.360Z,dry,ETH-USD,7,place,sell,2733.8,0.0091,quote-ask,join best,49918f5b8edbf37a2498c42f4325b781
2026-09-22T06:49:25.771Z,dry,ETH-USD,7,place,sell,2733.9,0.0091,quote-ask,join best,43aa2b8f7f77d747aff50205eef1e7e2
2026-09-22T06:49:25.971Z,dry,BTC-USD,6,place,sell,85425,0.00029,quote-ask,join best,f7093be238f94633cefd37a878fd60fe
2026-09-22T06:49:26.188Z,dry,ETH-USD,7,cancel,buy,2733.3,0.0091,quote-bid,target moved 2733.3 -> 2733.8,8e3b0f116ab60d4ffe9fbedd5ee4ffc6
2026-09-22T06:49:26.334Z,dry,ETH-USD,7,place,buy,2733.8,0.0091,quote-bid,rejoin best,bbf8ec6de9260806f54845acfc27be57
2026-09-22T06:49:26.621Z,dry,BTC-USD,6,cancel,buy,85419,0.00029,quote-bid,target moved 85419 -> 85424,38ac5d6ea4787ffb3bef1618ef50b34a
2026-09-22T06:49:26.742Z,dry,BTC-USD,6,place,buy,85424,0.00029,quote-bid,rejoin best,0cc981c738301b5a8c2440b3b323b5d2
2026-09-22T06:49:26.847Z,dry,ETH-USD,7,cancel,buy,2733.8,0.0091,quote-bid,target moved 2733.8 -> 2733.9,bbf8ec6de9260806f54845acfc27be57
2026-09-22T06:49:26.956Z,dry,ETH-USD,7,place,buy,2733.9,0.0091,quote-bid,rejoin best,cada6866e25c131016175ceb802e23e2
2026-09-22T06:49:27.062Z,dry,ETH-USD,7,place,sell,2734,0.0091,quote-ask,join best,bc1c304f951eaba22eac692717316801
2026-09-22T06:49:31.052Z,dry,ETH-USD,7,place,buy,2733.8,0.0091,quote-bid,join best,887d06f256739544dcc1f58a8d22d407
2026-09-22T06:49:31.472Z,dry,ETH-USD,7,cancel,sell,2734,0.0091,quote-ask,target moved 2734 -> 2733.9,bc1c304f951eaba22eac692717316801
2026-09-22T06:49:31.583Z,dry,ETH-USD,7,place,sell,2733.9,0.0091,quote-ask,rejoin best,06bde675f2396e6de1fe9fc6336150d7
2026-09-22T06:49:36.965Z,dry,ETH-USD,7,place,buy,2733.6,0.0091,quote-bid,join best,919e4cb5db1d741f73618e2afe877d1b
2026-09-22T06:49:37.570Z,dry,ETH-USD,7,cancel,sell,2733.9,0.0091,quote-ask,target moved 2733.9 -> 2733.7,06bde675f2396e6de1fe9fc6336150d7
2026-09-22T06:49:37.678Z,dry,ETH-USD,7,place,sell,2733.7,0.0091,quote-ask,rejoin best,3a98354cf3d25f06c630644db1d53dbe
2026-09-22T06:49:37.980Z,dry,ETH-USD,7,place,buy,2733.4,0.0091,quote-bid,join best,5a5d9ec53a7339fb44dca1a03cea02a3
2026-09-22T06:49:38.403Z,dry,ETH-USD,7,place,buy,2733.3,0.0091,quote-bid,join best,65af5f6961a4e079f0d37bad9bbccf3f
2026-09-22T06:49:38.825Z,dry,ETH-USD,7,cancel,sell,2733.7,0.0091,quote-ask,target moved 2733.7 -> 2733.4,3a98354cf3d25f06c630644db1d53dbe
2026-09-22T06:49:38.935Z,dry,ETH-USD,7,place,sell,2733.4,0.0091,quote-ask,rejoin best,83bbd1a6e21312f79e91a686ac24950f
2026-09-22T06:49:48.659Z,dry,ETH-USD,7,cancel,sell,2733.4,0.0091,quote-ask,target moved 2733.4 -> 2733.2,83bbd1a6e21312f79e91a686ac24950f
2026-09-22T06:49:48.758Z,dry,ETH-USD,7,place,sell,2733.2,0.0091,quote-ask,rejoin best,7ed7fe010e8f14e7a3e2d8f943a4053e
2026-09-22T06:49:49.710Z,dry,ETH-USD,7,cancel,sell,2733.2,0.0091,quote-ask,target moved 2733.2 -> 2733.1,7ed7fe010e8f14e7a3e2d8f943a4053e
2026-09-22T06:49:49.818Z,dry,ETH-USD,7,place,sell,2733.1,0.0091,quote-ask,rejoin best,f38017e3740c6da24d029eff6358e556
2026-09-22T06:49:54.927Z,dry,ETH-USD,7,place,buy,2733.2,0.0091,quote-bid,join best,0ad16250f503a28b60fd12a453a7d511
2026-09-22T06:49:55.017Z,dry,ETH-USD,7,place,sell,2733.3,0.0091,quote-ask,join best,16d91028c6b844df3be83c70f0882842
2026-09-22T06:49:55.965Z,dry,ETH-USD,7,place,sell,2733.5,0.0091,quote-ask,join best,390bc69e613f88ba28e516a977e71a99
2026-09-22T06:49:56.380Z,dry,ETH-USD,7,cancel,buy,2733.2,0.0091,quote-bid,target moved 2733.2 -> 2733.4,0ad16250f503a28b60fd12a453a7d511
2026-09-22T06:49:56.489Z,dry,ETH-USD,7,place,buy,2733.4,0.0091,quote-bid,rejoin best,51c18bf08793b204da56f4642b7b5391
2026-09-22T06:50:00.160Z,dry,ETH-USD,7,place,buy,2732.4,0.0091,quote-bid,join best,9af12989277cb4b0a46a26d68398db8f
2026-09-22T06:50:00.585Z,dry,ETH-USD,7,cancel,sell,2733.5,0.0091,quote-ask,target moved 2733.5 -> 2732.8,390bc69e613f88ba28e516a977e71a99
2026-09-22T06:50:00.693Z,dry,ETH-USD,7,place,sell,2732.8,0.0091,quote-ask,rejoin best,a01ae3ce97267826c1591578f1d14126
2026-09-22T06:50:01.009Z,dry,ETH-USD,7,cancel,buy,2732.4,0.0091,quote-bid,target moved 2732.4 -> 2732.7,9af12989277cb4b0a46a26d68398db8f
2026-09-22T06:50:01.118Z,dry,ETH-USD,7,place,buy,2732.7,0.0091,quote-bid,rejoin best,fa854f50fc1c9e549fb9e6fba8c24140
2026-09-22T06:50:01.859Z,dry,ETH-USD,7,cancel,sell,2732.8,0.0091,quote-ask,target moved 2732.8 -> 2732.2,a01ae3ce97267826c1591578f1d14126
2026-09-22T06:50:01.964Z,dry,ETH-USD,7,place,sell,2732.2,0.0091,quote-ask,rejoin best,2fe977a94280312f94d48d2482c7ca38
2026-09-22T06:50:02.272Z,dry,BTC-USD,6,place,buy,85421,0.00029,quote-bid,join best,94ad9904c52771377a9611ff5ff8e18b
2026-09-22T06:50:02.487Z,dry,BTC-USD,6,place,buy,85418,0.00029,quote-bid,join best,aa6187f4fe29a37bd4d2b3aa94f01cb6
2026-09-22T06:50:02.908Z,dry,BTC-USD,6,cancel,sell,85425,0.00029,quote-ask,target moved 85425 -> 85419,f7093be238f94633cefd37a878fd60fe
2026-09-22T06:50:03.016Z,dry,BTC-USD,6,place,sell,85419,0.00029,quote-ask,rejoin best,2693482ea78c9dfd9ca38ba8eb9c7bf3
2026-09-22T06:50:11.273Z,dry,ETH-USD,7,place,buy,2732.5,0.0091,quote-bid,join best,4a12e1f4a67e99dcd960987fa33a7a4b
2026-09-22T06:50:11.366Z,dry,ETH-USD,7,place,sell,2732.6,0.0091,quote-ask,join best,acf71dffaa702c4d39c1a6a0a574e350
2026-09-22T06:50:11.686Z,dry,ETH-USD,7,place,sell,2732.7,0.0091,quote-ask,join best,38b795aaef790bdd24210b37d3f0e0a0
2026-09-22T06:50:12.108Z,dry,ETH-USD,7,cancel,buy,2732.5,0.0091,quote-bid,target moved 2732.5 -> 2732.6,4a12e1f4a67e99dcd960987fa33a7a4b
2026-09-22T06:50:12.293Z,dry,ETH-USD,7,place,buy,2732.6,0.0091,quote-bid,rejoin best,c035f4970e781ae94a2e06f703f47e9a
2026-09-22T06:50:12.550Z,dry,ETH-USD,7,place,sell,2733.1,0.0091,quote-ask,join best,bfff0139e9ed384fa012e80d15d28c0e
2026-09-22T06:50:12.761Z,dry,BTC-USD,6,place,sell,85442,0.00029,quote-ask,join best,30895cd2dac93fbb700ddb0f8b64200d
2026-09-22T06:50:12.868Z,dry,ETH-USD,7,place,sell,2733.8,0.0091,quote-ask,join best,1a0388d75129aa3e23a9a52cf4aaaff0
2026-09-22T06:50:13.174Z,dry,BTC-USD,6,cancel,buy,85418,0.00029,quote-bid,target moved 85418 -> 85441,aa6187f4fe29a37bd4d2b3aa94f01cb6
2026-09-22T06:50:13.290Z,dry,BTC-USD,6,place,buy,85441,0.00029,quote-bid,rejoin best,f4dcd54f00964d5ef62a283aac11131a
2026-09-22T06:50:13.396Z,dry,ETH-USD,7,place,sell,2734,0.0091,quote-ask,join best,b22a66a3974f8d5e303ff6984f253a45
2026-09-22T06:50:13.589Z,dry,ETH-USD,7,cancel,buy,2732.6,0.0091,quote-bid,target moved 2732.6 -> 2733.9,c035f4970e781ae94a2e06f703f47e9a
2026-09-22T06:50:13.698Z,dry,ETH-USD,7,place,buy,2733.9,0.0091,quote-bid,rejoin best,fc92006e6fe4147a68f5713d08e56911
2026-09-22T06:50:14.000Z,dry,ETH-USD,7,place,buy,2733.8,0.0091,quote-bid,join best,33638f61f40f7f7ec53d99f96b13f326
2026-09-22T06:50:14.423Z,dry,ETH-USD,7,cancel,sell,2734,0.0091,quote-ask,target moved 2734 -> 2733.9,b22a66a3974f8d5e303ff6984f253a45
2026-09-22T06:50:14.572Z,dry,ETH-USD,7,place,sell,2733.9,0.0091,quote-ask,rejoin best,dc68b4b6c68b2f4db741db51744139ad
2026-09-22T06:50:17.361Z,dry,ETH-USD,7,place,buy,2733.3,0.0091,quote-bid,join best,44e3d4007132aa7cabe01f9f8888e25c
2026-09-22T06:50:17.986Z,dry,ETH-USD,7,cancel,buy,2733.3,0.0091,quote-bid,target moved 2733.3 -> 2733.4,44e3d4007132aa7cabe01f9f8888e25c
2026-09-22T06:50:18.093Z,dry,ETH-USD,7,cancel,sell,2733.9,0.0091,quote-ask,target moved 2733.9 -> 2733.5,dc68b4b6c68b2f4db741db51744139ad
2026-09-22T06:50:18.201Z,dry,ETH-USD,7,place,buy,2733.4,0.0091,quote-bid,rejoin best,5b04abee4bdc842547390ea84b3bf6b6
2026-09-22T06:50:18.308Z,dry,ETH-USD,7,place,sell,2733.5,0.0091,quote-ask,rejoin best,fad87564d0667475eb9cbd30f6c5caf4
2026-09-22T06:50:20.957Z,dry,ETH-USD,7,place,sell,2733.8,0.0091,quote-ask,join best,30f1265dbea6b9435833555f25e5faf9
2026-09-22T06:50:21.375Z,dry,ETH-USD,7,cancel,buy,2733.4,0.0091,quote-bid,target moved 2733.4 -> 2733.7,5b04abee4bdc842547390ea84b3bf6b6
2026-09-22T06:50:21.484Z,dry,ETH-USD,7,place,buy,2733.7,0.0091,quote-bid,rejoin best,e958d178bcbedbb0bcd24d5122e7187a
2026-09-22T06:50:22.851Z,dry,ETH-USD,7,place,sell,2734.1,0.0091,quote-ask,join best,465328fb3c944a1a583c37baa4669569
2026-09-22T06:50:24.308Z,dry,ETH-USD,7,cancel,buy,2733.7,0.0091,quote-bid,target moved 2733.7 -> 2733.9,e958d178bcbedbb0bcd24d5122e7187a
2026-09-22T06:50:24.417Z,dry,ETH-USD,7,place,buy,2733.9,0.0091,quote-bid,rejoin best,61d4985ee85b90631f726655e1debb91
2026-09-22T06:50:30.974Z,dry,ETH-USD,7,place,buy,2733.7,0.0091,quote-bid,join best,d74de5d84221753c0e7f9f950cb6832e
2026-09-22T06:50:31.067Z,dry,ETH-USD,7,place,sell,2733.8,0.0091,quote-ask,join best,90df79c841c4e67752554e4fd485c87d
2026-09-22T06:50:31.613Z,dry,BTC-USD,6,place,buy,85439,0.00029,quote-bid,join best,9571681b9ca4d2d438b8c9ee486ab98b
2026-09-22T06:50:32.034Z,dry,BTC-USD,6,cancel,sell,85442,0.00029,quote-ask,target moved 85442 -> 85440,30895cd2dac93fbb700ddb0f8b64200d
2026-09-22T06:50:32.129Z,dry,BTC-USD,6,place,sell,85440,0.00029,quote-ask,rejoin best,8d02a245b1b2b7bf22e880eada5ec55c
2026-09-22T06:50:33.281Z,dry,ETH-USD,7,place,buy,2733.4,0.0091,quote-bid,join best,0c36cfc7d12ba35fef6bb93f99ff8b31
2026-09-22T06:50:33.692Z,dry,BTC-USD,6,cancel,sell,85440,0.00029,quote-ask,target moved 85440 -> 85437,8d02a245b1b2b7bf22e880eada5ec55c
2026-09-22T06:50:33.798Z,dry,BTC-USD,6,place,sell,85437,0.00029,quote-ask,rejoin best,213f339a19c45789155cc42553ab1549
2026-09-22T06:50:33.901Z,dry,ETH-USD,7,cancel,sell,2733.8,0.0091,quote-ask,target moved 2733.8 -> 2733.5,90df79c841c4e67752554e4fd485c87d
2026-09-22T06:50:34.010Z,dry,ETH-USD,7,place,sell,2733.5,0.0091,quote-ask,rejoin best,8fe7b3ef1990c0a93125d5422a73fe00
2026-09-22T06:50:34.321Z,dry,ETH-USD,7,place,sell,2733.7,0.0091,quote-ask,join best,970ea09cd3350dd9e052582e52c6ec12
2026-09-22T06:50:34.740Z,dry,ETH-USD,7,cancel,buy,2733.4,0.0091,quote-bid,target moved 2733.4 -> 2733.6,0c36cfc7d12ba35fef6bb93f99ff8b31
2026-09-22T06:50:34.849Z,dry,ETH-USD,7,place,buy,2733.6,0.0091,quote-bid,rejoin best,9e54ef34cbfaede1c31a6d53ee1101ec
2026-09-22T06:50:39.499Z,dry,BTC-USD,6,cancel,sell,85437,0.00029,quote-ask,target moved 85437 -> 85425,213f339a19c45789155cc42553ab1549
2026-09-22T06:50:39.605Z,dry,BTC-USD,6,place,sell,85425,0.00029,quote-ask,rejoin best,a57ab675390c7de922c3f9eda509fc2e
2026-09-22T06:50:41.171Z,dry,ETH-USD,7,place,buy,2733.4,0.0091,quote-bid,join best,0c73a6deb572c2c6d6def687ec255773
2026-09-22T06:50:41.383Z,dry,ETH-USD,7,place,buy,2733,0.0091,quote-bid,join best,05f052fdb316e07f9b4457d6703ddefd
2026-09-22T06:50:41.793Z,dry,ETH-USD,7,cancel,sell,2733.7,0.0091,quote-ask,target moved 2733.7 -> 2733.1,970ea09cd3350dd9e052582e52c6ec12
2026-09-22T06:50:41.902Z,dry,ETH-USD,7,place,sell,2733.1,0.0091,quote-ask,rejoin best,f8f33fb145fe0fe112c18ccf10493dac
2026-09-22T06:50:42.418Z,dry,ETH-USD,7,place,buy,2732.9,0.0091,quote-bid,join best,b9563a555379df221df8b86c81192276
2026-09-22T06:50:42.616Z,dry,BTC-USD,6,cancel,sell,85425,0.00029,quote-ask,target moved 85425 -> 85417,a57ab675390c7de922c3f9eda509fc2e
2026-09-22T06:50:42.728Z,dry,BTC-USD,6,place,sell,85417,0.00029,quote-ask,rejoin best,b693565aeb1d4fc27370e9572fcda1ff
2026-09-22T06:50:43.041Z,dry,ETH-USD,7,cancel,sell,2733.1,0.0091,quote-ask,target moved 2733.1 -> 2733,f8f33fb145fe0fe112c18ccf10493dac
2026-09-22T06:50:43.150Z,dry,ETH-USD,7,place,sell,2733,0.0091,quote-ask,rejoin best,9f8b2a0d19ba7b819818ae9229aeaaa2
2026-09-22T06:50:44.467Z,dry,ETH-USD,7,place,sell,2733.1,0.0091,quote-ask,join best,8bde088bebb2a066553d66ded167b092
2026-09-22T06:50:44.884Z,dry,ETH-USD,7,cancel,buy,2732.9,0.0091,quote-bid,target moved 2732.9 -> 2733,b9563a555379df221df8b86c81192276
2026-09-22T06:50:44.992Z,dry,ETH-USD,7,place,buy,2733,0.0091,quote-bid,rejoin best,eb6bf1b05b6a0d1d11748a3ca6352289
2026-09-22T06:50:49.087Z,dry,ETH-USD,7,place,sell,2733.3,0.0091,quote-ask,join best,d03668257952ed77db726838269ac289
2026-09-22T06:50:49.502Z,dry,ETH-USD,7,cancel,buy,2733,0.0091,quote-bid,target moved 2733 -> 2733.2,eb6bf1b05b6a0d1d11748a3ca6352289
2026-09-22T06:50:49.614Z,dry,ETH-USD,7,place,buy,2733.2,0.0091,quote-bid,rejoin best,f3d862021a7ce8a91495204d94a88728
2026-09-22T06:50:50.112Z,dry,ETH-USD,7,place,buy,2733.1,0.0091,quote-bid,join best,eccb0bba3f5da34546c822aea985d328
2026-09-22T06:50:50.535Z,dry,ETH-USD,7,cancel,sell,2733.3,0.0091,quote-ask,target moved 2733.3 -> 2733.2,d03668257952ed77db726838269ac289
2026-09-22T06:50:50.655Z,dry,ETH-USD,7,place,sell,2733.2,0.0091,quote-ask,rejoin best,975d3f37985dcc7e4ecf103d3244f2b4
2026-09-22T06:50:52.620Z,dry,ETH-USD,7,place,sell,2733.4,0.0091,quote-ask,join best,0dc69c7a5667aed0cb21bf0a3abbec7b
2026-09-22T06:50:53.044Z,dry,ETH-USD,7,cancel,buy,2733.1,0.0091,quote-bid,target moved 2733.1 -> 2733.3,eccb0bba3f5da34546c822aea985d328
2026-09-22T06:50:53.152Z,dry,ETH-USD,7,place,buy,2733.3,0.0091,quote-bid,rejoin best,6ce097a90f6dfe9902bfd77497ce4bdd
2026-09-22T06:50:53.684Z,dry,ETH-USD,7,place,buy,2733.2,0.0091,quote-bid,join best,156661e558861c289125331d5dd9e57e
2026-09-22T06:50:54.107Z,dry,ETH-USD,7,cancel,sell,2733.4,0.0091,quote-ask,target moved 2733.4 -> 2733.3,0dc69c7a5667aed0cb21bf0a3abbec7b
2026-09-22T06:50:54.217Z,dry,ETH-USD,7,place,sell,2733.3,0.0091,quote-ask,rejoin best,0741573b3d346c49df6cacefc491beb3
2026-09-22T06:50:58.513Z,dry,ETH-USD,7,place,buy,2732.4,0.0091,quote-bid,join best,60ed757f23ee1c87886cfe378d11f996
2026-09-22T06:50:58.937Z,dry,BTC-USD,6,cancel,sell,85417,0.00029,quote-ask,target moved 85417 -> 85408,b693565aeb1d4fc27370e9572fcda1ff
2026-09-22T06:50:59.044Z,dry,BTC-USD,6,place,sell,85408,0.00029,quote-ask,rejoin best,63f0a5b7764fa161dbecf05a3824499e
2026-09-22T06:50:59.148Z,dry,ETH-USD,7,cancel,sell,2733.3,0.0091,quote-ask,target moved 2733.3 -> 2732.8,0741573b3d346c49df6cacefc491beb3
2026-09-22T06:50:59.257Z,dry,ETH-USD,7,place,sell,2732.8,0.0091,quote-ask,rejoin best,20f24081490644ea9ce72f6f3923ed27
2026-09-22T06:50:59.556Z,dry,ETH-USD,7,cancel,buy,2732.4,0.0091,quote-bid,target moved 2732.4 -> 2732.7,60ed757f23ee1c87886cfe378d11f996
2026-09-22T06:50:59.668Z,dry,ETH-USD,7,place,buy,2732.7,0.0091,quote-bid,rejoin best,801262bee4271328139e0d7a635632e4
2026-09-22T06:50:59.958Z,dry,ETH-USD,7,place,sell,2732.9,0.0091,quote-ask,join best,1f3187a6297fa696b17e4bcb0657daaf
2026-09-22T06:51:00.369Z,dry,ETH-USD,7,cancel,buy,2732.7,0.0091,quote-bid,target moved 2732.7 -> 2732.8,801262bee4271328139e0d7a635632e4
2026-09-22T06:51:00.476Z,dry,ETH-USD,7,place,buy,2732.8,0.0091,quote-bid,rejoin best,efdd2155e8134431a2b414905424cec8
2026-09-22T06:51:02.257Z,dry,BTC-USD,6,cancel,sell,85408,0.00029,quote-ask,flatten owns instrument,63f0a5b7764fa161dbecf05a3824499e
2026-09-22T06:51:02.351Z,dry,BTC-USD,6,place,sell,85408,0.00087,flatten-post,passive exit,8d88781cb981b2cae89b58e6735ce7af
2026-09-22T06:51:08.554Z,dry,ETH-USD,7,place,sell,2733,0.0091,quote-ask,join best,d724d065d963118b80b7c87cb6223946
2026-09-22T06:51:08.957Z,dry,ETH-USD,7,cancel,buy,2732.8,0.0091,quote-bid,target moved 2732.8 -> 2732.9,efdd2155e8134431a2b414905424cec8
2026-09-22T06:51:09.071Z,dry,ETH-USD,7,place,buy,2732.9,0.0091,quote-bid,rejoin best,8c21046779376089e9ea036f63f4a9c7
2026-09-22T06:51:15.033Z,dry,ETH-USD,7,place,sell,2733.1,0.0091,quote-ask,join best,ea0d6858d0aceade7c6e08695c988581
2026-09-22T06:51:15.453Z,dry,ETH-USD,7,cancel,buy,2732.9,0.0091,quote-bid,target moved 2732.9 -> 2733,8c21046779376089e9ea036f63f4a9c7
2026-09-22T06:51:15.561Z,dry,ETH-USD,7,place,buy,2733,0.0091,quote-bid,rejoin best,18f55b451264eec4bb65a2f3102d2ba8
2026-09-22T06:51:16.289Z,dry,ETH-USD,7,cancel,buy,2733,0.0091,quote-bid,target moved 2733 -> 2733.1,18f55b451264eec4bb65a2f3102d2ba8
2026-09-22T06:51:16.400Z,dry,ETH-USD,7,place,buy,2733.1,0.0091,quote-bid,rejoin best,2916394b9f1237f7586e713339e6f7b9
2026-09-22T06:51:17.357Z,dry,BTC-USD,6,cancel,sell,85408,0.00087,flatten-post,flatten escalating to taker,8d88781cb981b2cae89b58e6735ce7af
2026-09-22T06:51:18.388Z,dry,BTC-USD,6,place,sell,85372,0.00087,flatten-ioc,taker exit (passive window elapsed),e910d0d40ab8352048bbf1e873d1a26b
2026-09-22T06:51:18.604Z,dry,BTC-USD,6,place,buy,85414,0.00029,quote-bid,join best,8f913bd4bb54bbd0e73b0e2628b979ee
2026-09-22T06:51:18.723Z,dry,BTC-USD,6,place,sell,85415,0.00029,quote-ask,join best,46c079f08795e26477d927c81c20172c
2026-09-22T06:51:19.029Z,dry,ETH-USD,7,cancel,buy,2733.1,0.0091,quote-bid,target moved 2733.1 -> 2733.6,2916394b9f1237f7586e713339e6f7b9
2026-09-22T06:51:19.137Z,dry,ETH-USD,7,place,buy,2733.6,0.0091,quote-bid,rejoin best,44adb4125cc03d9fbc76af62cd032e47
2026-09-22T06:51:19.453Z,dry,BTC-USD,6,place,sell,85421,0.00029,quote-ask,join best,9b6b647da67eeac0dc94ecb36dc4f035
2026-09-22T06:51:19.857Z,dry,BTC-USD,6,cancel,buy,85414,0.00029,quote-bid,target moved 85414 -> 85420,8f913bd4bb54bbd0e73b0e2628b979ee
2026-09-22T06:51:19.953Z,dry,BTC-USD,6,place,buy,85420,0.00029,quote-bid,rejoin best,30538645c9170827808d30f7155682bc
2026-09-22T06:51:23.423Z,dry,ETH-USD,7,place,buy,2733.3,0.0091,quote-bid,join best,5d8f3ede5584fbf86d1bd18015f3a6a0
2026-09-22T06:51:23.517Z,dry,ETH-USD,7,place,sell,2733.5,0.0091,quote-ask,join best,5be892a48ef2a13eacc52c1ec252cde9
2026-09-22T06:51:24.048Z,dry,ETH-USD,7,cancel,buy,2733.3,0.0091,quote-bid,target moved 2733.3 -> 2733.4,5d8f3ede5584fbf86d1bd18015f3a6a0
2026-09-22T06:51:24.156Z,dry,ETH-USD,7,place,buy,2733.4,0.0091,quote-bid,rejoin best,bceebb0d681108f11e9aed079d1f6066
2026-09-22T06:51:24.885Z,dry,ETH-USD,7,cancel,buy,2733.4,0.0091,quote-bid,target moved 2733.4 -> 2733.7,bceebb0d681108f11e9aed079d1f6066
2026-09-22T06:51:24.978Z,dry,ETH-USD,7,place,buy,2733.7,0.0091,quote-bid,rejoin best,8162492dd7b71b2c998d5adf28c9d988
2026-09-22T06:51:33.657Z,dry,ETH-USD,7,cancel,buy,2733.7,0.0091,quote-bid,target moved 2733.7 -> 2734,8162492dd7b71b2c998d5adf28c9d988
2026-09-22T06:51:33.746Z,dry,ETH-USD,7,place,buy,2734,0.0091,quote-bid,rejoin best,ec019e9b6676f44591c8ec519fa32e64
2026-09-22T06:51:46.793Z,dry,ETH-USD,7,place,buy,2733.8,0.0091,quote-bid,join best,18f399b7dc095f25c3226eaa71d46396
2026-09-22T06:51:46.881Z,dry,ETH-USD,7,place,sell,2733.9,0.0091,quote-ask,join best,9c5649ed3eb808b903d855f6dbb012ec
2026-09-22T06:51:49.313Z,dry,ETH-USD,7,place,buy,2733.7,0.0091,quote-bid,join best,85659e3932a7164dff636d0547e59d4e
2026-09-22T06:51:49.737Z,dry,ETH-USD,7,cancel,sell,2733.9,0.0091,quote-ask,target moved 2733.9 -> 2733.8,9c5649ed3eb808b903d855f6dbb012ec
2026-09-22T06:51:49.836Z,dry,ETH-USD,7,place,sell,2733.8,0.0091,quote-ask,rejoin best,a2423482758a185793dd8a3ff3a17cee
2026-09-22T06:51:50.148Z,dry,ETH-USD,7,place,buy,2733.5,0.0091,quote-bid,join best,e43957eb8e1af1a158ffe167eb7d1a90
2026-09-22T06:51:50.556Z,dry,ETH-USD,7,place,buy,2733.4,0.0091,quote-bid,join best,e28a422ee46c4a3c57850b6a0a6d80e2
2026-09-22T06:51:50.956Z,dry,ETH-USD,7,cancel,sell,2733.8,0.0091,quote-ask,target moved 2733.8 -> 2733.5,a2423482758a185793dd8a3ff3a17cee
2026-09-22T06:51:51.045Z,dry,ETH-USD,7,place,sell,2733.5,0.0091,quote-ask,rejoin best,41c08dead48aeceabea95b3ee428fb03
2026-09-22T06:52:02.265Z,dry,ETH-USD,7,place,buy,2733.3,0.0091,quote-bid,join best,a90aa1c1ce8eb0baaafab1b3bd6175f5
2026-09-22T06:52:02.669Z,dry,ETH-USD,7,cancel,sell,2733.5,0.0091,quote-ask,target moved 2733.5 -> 2733.4,41c08dead48aeceabea95b3ee428fb03
2026-09-22T06:52:02.781Z,dry,ETH-USD,7,place,sell,2733.4,0.0091,quote-ask,rejoin best,f09f6fe88313926f1307710a55d6e606
2026-09-22T06:52:03.682Z,dry,ETH-USD,7,cancel,sell,2733.4,0.0091,quote-ask,target moved 2733.4 -> 2732.8,f09f6fe88313926f1307710a55d6e606
2026-09-22T06:52:03.768Z,dry,ETH-USD,7,place,sell,2732.8,0.0091,quote-ask,rejoin best,330205d84c7135f8bca7970982dc1483
