ts,mode,symbol,iid,action,side,price,qty,intent,reason,coid
2026-09-22T06:27:59.445Z,dry,BTC-USD,6,place,buy,85270,0.00029,quote-bid,join best,c2b7715b6564be82ae30cc1c5c4ff1ab
2026-09-22T06:27:59.534Z,dry,BTC-USD,6,place,sell,85271,0.00029,quote-ask,join best,f2c5fa6bf030e96a0dc993a088239493
2026-09-22T06:27:59.629Z,dry,ETH-USD,7,place,buy,2728.3,0.0091,quote-bid,back off: book leaning down,06d7d076ccd556d663fb9e652ec834c0
2026-09-22T06:27:59.721Z,dry,ETH-USD,7,place,sell,2728.5,0.0091,quote-ask,join best,8760d5e4474a8bc44e774bb244cd4c01
2026-09-22T06:28:00.452Z,dry,BTC-USD,6,cancel,sell,85271,0.00029,quote-ask,target moved 85271 -> 85272,f2c5fa6bf030e96a0dc993a088239493
2026-09-22T06:28:00.546Z,dry,BTC-USD,6,place,sell,85272,0.00029,quote-ask,back off: book leaning up,c558f835b3aa1d0d0ab89e37017a7f7e
2026-09-22T06:28:01.671Z,dry,BTC-USD,6,cancel,sell,85272,0.00029,quote-ask,target moved 85272 -> 85271,c558f835b3aa1d0d0ab89e37017a7f7e
2026-09-22T06:28:01.760Z,dry,BTC-USD,6,place,sell,85271,0.00029,quote-ask,rejoin best,3690eb2c6dac9547ea963649b4469d69
2026-09-22T06:28:01.853Z,dry,BTC-USD,6,reject,sell,85271,0.00029,quote-ask,post only order would cross,3690eb2c6dac9547ea963649b4469d69
2026-09-22T06:28:01.855Z,dry,ETH-USD,7,cancel,sell,2728.5,0.0091,quote-ask,target moved 2728.5 -> 2728.9,8760d5e4474a8bc44e774bb244cd4c01
2026-09-22T06:28:01.953Z,dry,ETH-USD,7,place,sell,2728.9,0.0091,quote-ask,rejoin best,b887fbc0e8f1ade6c3958c856fa7d0c9
2026-09-22T06:28:02.079Z,dry,BTC-USD,6,place,sell,85284,0.00029,quote-ask,back off: book leaning up,9c740718ab5bd3d678fbba02e8e15295
2026-09-22T06:28:02.478Z,dry,BTC-USD,6,cancel,buy,85270,0.00029,quote-bid,target moved 85270 -> 85282,c2b7715b6564be82ae30cc1c5c4ff1ab
2026-09-22T06:28:02.578Z,dry,BTC-USD,6,place,buy,85282,0.00029,quote-bid,rejoin best,b29182cbf486cf08936f18594002e630
2026-09-22T06:28:02.669Z,dry,ETH-USD,7,cancel,buy,2728.3,0.0091,quote-bid,target moved 2728.3 -> 2728.7,06d7d076ccd556d663fb9e652ec834c0
2026-09-22T06:28:02.762Z,dry,ETH-USD,7,place,buy,2728.7,0.0091,quote-bid,back off: holding back-off,85669143c4d6e521629ce8e74965a01e
2026-09-22T06:28:03.294Z,dry,ETH-USD,7,cancel,buy,2728.7,0.0091,quote-bid,target moved 2728.7 -> 2728.8,85669143c4d6e521629ce8e74965a01e
2026-09-22T06:28:03.390Z,dry,ETH-USD,7,place,buy,2728.8,0.0091,quote-bid,rejoin best,3ab43a48234d50cc845f2f3186b974fb
2026-09-22T06:28:03.497Z,dry,ETH-USD,7,cancel,sell,2728.9,0.0091,quote-ask,target moved 2728.9 -> 2729,b887fbc0e8f1ade6c3958c856fa7d0c9
2026-09-22T06:28:03.591Z,dry,ETH-USD,7,place,sell,2729,0.0091,quote-ask,back off: book leaning up,56369347a1b070d3ea388dd023de0bda
2026-09-22T06:28:04.514Z,dry,ETH-USD,7,cancel,buy,2728.8,0.0091,quote-bid,target moved 2728.8 -> 2728.9,3ab43a48234d50cc845f2f3186b974fb
2026-09-22T06:28:04.608Z,dry,ETH-USD,7,cancel,sell,2729,0.0091,quote-ask,target moved 2729 -> 2729.1,56369347a1b070d3ea388dd023de0bda
2026-09-22T06:28:04.704Z,dry,ETH-USD,7,place,buy,2728.9,0.0091,quote-bid,rejoin best,0366288ec0a6742e415cdc9fd3e8391d
2026-09-22T06:28:04.797Z,dry,ETH-USD,7,place,sell,2729.1,0.0091,quote-ask,back off: thin ask queue,5adfcae7affe6441e9d1f9466f3917f3
2026-09-22T06:28:04.922Z,dry,BTC-USD,6,place,sell,85305,0.00029,quote-ask,back off: holding inventory,07ba407d4a8b3df01c1b2a084427773b
2026-09-22T06:28:05.528Z,dry,BTC-USD,6,cancel,buy,85282,0.00029,quote-bid,target moved 85282 -> 85297,b29182cbf486cf08936f18594002e630
2026-09-22T06:28:05.623Z,dry,BTC-USD,6,cancel,sell,85305,0.00029,quote-ask,target moved 85305 -> 85299,07ba407d4a8b3df01c1b2a084427773b
2026-09-22T06:28:05.718Z,dry,BTC-USD,6,place,buy,85297,0.00029,quote-bid,rejoin best,cb8436a9fafcaa6bedceb360542f45a6
2026-09-22T06:28:05.812Z,dry,BTC-USD,6,place,sell,85299,0.00029,quote-ask,back off: book leaning up,cd1c86f838c1ad11a069782060ed0b70
2026-09-22T06:28:09.383Z,dry,BTC-USD,6,cancel,buy,85297,0.00029,quote-bid,target moved 85297 -> 85296,cb8436a9fafcaa6bedceb360542f45a6
2026-09-22T06:28:09.480Z,dry,BTC-USD,6,place,buy,85296,0.00029,quote-bid,back off: book leaning down,045ebbc4797cdee2d6b8959f30dbb987
2026-09-22T06:28:09.789Z,dry,ETH-USD,7,cancel,buy,2728.9,0.0091,quote-bid,target moved 2728.9 -> 2728.8,0366288ec0a6742e415cdc9fd3e8391d
2026-09-22T06:28:09.885Z,dry,ETH-USD,7,place,buy,2728.8,0.0091,quote-bid,back off: book leaning down,f66b188d60ca8d429323a089aa47ef31
2026-09-22T06:28:10.600Z,dry,ETH-USD,7,cancel,sell,2729.1,0.0091,quote-ask,target moved 2729.1 -> 2729,5adfcae7affe6441e9d1f9466f3917f3
2026-09-22T06:28:10.700Z,dry,ETH-USD,7,place,sell,2729,0.0091,quote-ask,rejoin best,7df5eb0ae647008d63da11cb77944d52
2026-09-22T06:28:11.004Z,dry,ETH-USD,7,cancel,sell,2729,0.0091,quote-ask,target moved 2729 -> 2729.1,7df5eb0ae647008d63da11cb77944d52
2026-09-22T06:28:11.100Z,dry,ETH-USD,7,place,sell,2729.1,0.0091,quote-ask,back off: thin ask queue,425dd6e23b7ff79c51ed744d83f0cc09
2026-09-22T06:28:11.615Z,dry,ETH-USD,7,cancel,buy,2728.8,0.0091,quote-bid,target moved 2728.8 -> 2728.9,f66b188d60ca8d429323a089aa47ef31
2026-09-22T06:28:11.709Z,dry,ETH-USD,7,place,buy,2728.9,0.0091,quote-bid,rejoin best,b3abfdb9884c54d553c3120fd7ed7669
2026-09-22T06:28:17.285Z,dry,BTC-USD,6,cancel,buy,85296,0.00029,quote-bid,target moved 85296 -> 85297,045ebbc4797cdee2d6b8959f30dbb987
2026-09-22T06:28:17.380Z,dry,BTC-USD,6,place,buy,85297,0.00029,quote-bid,rejoin best,b2922839e979295a44f3d37c7d19a749
2026-09-22T06:28:19.717Z,dry,BTC-USD,6,cancel,buy,85297,0.00029,quote-bid,target moved 85297 -> 85296,b2922839e979295a44f3d37c7d19a749
2026-09-22T06:28:19.811Z,dry,BTC-USD,6,place,buy,85296,0.00029,quote-bid,back off: book leaning down,c609f9c46d124c393f96db841b6c92e3
2026-09-22T06:28:20.724Z,dry,BTC-USD,6,cancel,buy,85296,0.00029,quote-bid,target moved 85296 -> 85297,c609f9c46d124c393f96db841b6c92e3
2026-09-22T06:28:20.822Z,dry,BTC-USD,6,place,buy,85297,0.00029,quote-bid,rejoin best,ff6a4d2f9a5c475cc747220a24723e82
2026-09-22T06:28:22.751Z,dry,BTC-USD,6,cancel,buy,85297,0.00029,quote-bid,target moved 85297 -> 85296,ff6a4d2f9a5c475cc747220a24723e82
2026-09-22T06:28:22.839Z,dry,BTC-USD,6,place,buy,85296,0.00029,quote-bid,back off: book leaning down,17e59003ec2f85887082ca631df5fce0
2026-09-22T06:28:23.763Z,dry,BTC-USD,6,cancel,buy,85296,0.00029,quote-bid,target moved 85296 -> 85297,17e59003ec2f85887082ca631df5fce0
2026-09-22T06:28:23.858Z,dry,BTC-USD,6,place,buy,85297,0.00029,quote-bid,rejoin best,500d19f4f3c7c86299cbdf58be6195fa
2026-09-22T06:28:25.990Z,dry,BTC-USD,6,place,sell,85301,0.00029,quote-ask,back off: holding inventory,65f7aa3c7d38452ed3b3c21d95a6814c
2026-09-22T06:28:26.393Z,dry,BTC-USD,6,cancel,buy,85297,0.00029,quote-bid,target moved 85297 -> 85299,500d19f4f3c7c86299cbdf58be6195fa
2026-09-22T06:28:26.488Z,dry,BTC-USD,6,place,buy,85299,0.00029,quote-bid,rejoin best,1ca61ff3357e0e131947e1dad5e95bcc
2026-09-22T06:28:27.211Z,dry,BTC-USD,6,cancel,buy,85299,0.00029,quote-bid,target moved 85299 -> 85303,1ca61ff3357e0e131947e1dad5e95bcc
2026-09-22T06:28:27.306Z,dry,BTC-USD,6,place,buy,85303,0.00029,quote-bid,rejoin best,f5e346c4cee6506edc7d289aa0d69e97
2026-09-22T06:28:29.651Z,dry,BTC-USD,6,cancel,buy,85303,0.00029,quote-bid,target moved 85303 -> 85302,f5e346c4cee6506edc7d289aa0d69e97
2026-09-22T06:28:29.747Z,dry,BTC-USD,6,place,buy,85302,0.00029,quote-bid,back off: book leaning down,ee6cd08f85650ba192bc562ae14a49fb
2026-09-22T06:28:37.987Z,dry,BTC-USD,6,cancel,buy,85302,0.00029,quote-bid,target moved 85302 -> 85303,ee6cd08f85650ba192bc562ae14a49fb
2026-09-22T06:28:38.082Z,dry,BTC-USD,6,place,buy,85303,0.00029,quote-bid,rejoin best,067fb72a32735dade04d9bce62ad4bf9
2026-09-22T06:28:42.249Z,dry,BTC-USD,6,cancel,buy,85303,0.00029,quote-bid,target moved 85303 -> 85302,067fb72a32735dade04d9bce62ad4bf9
2026-09-22T06:28:42.348Z,dry,BTC-USD,6,place,buy,85302,0.00029,quote-bid,back off: aggressive selling,f584282765b196fd8217f1a25bb6a3e4
2026-09-22T06:28:58.869Z,dry,ETH-USD,7,cancel,buy,2728.9,0.0091,quote-bid,target moved 2728.9 -> 2728.8,b3abfdb9884c54d553c3120fd7ed7669
2026-09-22T06:28:58.963Z,dry,ETH-USD,7,place,buy,2728.8,0.0091,quote-bid,back off: book leaning down,9ba17f1c601a526604cccc119f9bf25c
2026-09-22T06:28:59.086Z,dry,BTC-USD,6,place,buy,85289,0.00029,quote-bid,back off: holding back-off,c6cee06a051e7b3933dba3a8cb0b65e5
2026-09-22T06:28:59.179Z,dry,BTC-USD,6,place,sell,85297,0.00029,quote-ask,back off: holding inventory,88afcb7c427b69839dba68d07ea67d21
2026-09-22T06:28:59.265Z,dry,ETH-USD,7,cancel,sell,2729.1,0.0091,quote-ask,target moved 2729.1 -> 2728.9,425dd6e23b7ff79c51ed744d83f0cc09
2026-09-22T06:28:59.351Z,dry,ETH-USD,7,place,buy,2728.2,0.0091,quote-bid,back off: holding inventory,d22d612715bfc0166cb9a5b3b23e2d66
2026-09-22T06:28:59.440Z,dry,ETH-USD,7,place,sell,2728.9,0.0091,quote-ask,back off: book leaning up,3af0d14b8c373f52aaabe8f10925576d
2026-09-22T06:28:59.694Z,dry,BTC-USD,6,place,buy,85280,0.00029,quote-bid,back off: book leaning down,274e2ab7af7a9be5eb5fcba3e565492a
2026-09-22T06:29:00.100Z,dry,BTC-USD,6,cancel,sell,85297,0.00029,quote-ask,target moved 85297 -> 85283,88afcb7c427b69839dba68d07ea67d21
2026-09-22T06:29:00.197Z,dry,BTC-USD,6,place,sell,85283,0.00029,quote-ask,back off: holding inventory,32b51fb57a6691dcc1bd0fa49bbe72ed
2026-09-22T06:29:00.287Z,dry,ETH-USD,7,cancel,buy,2728.2,0.0091,quote-bid,target moved 2728.2 -> 2728.6,d22d612715bfc0166cb9a5b3b23e2d66
2026-09-22T06:29:00.388Z,dry,ETH-USD,7,place,buy,2728.6,0.0091,quote-bid,back off: holding inventory,604dd50758d9a26ebaf2ec1e5c38f807
2026-09-22T06:29:00.505Z,dry,ETH-USD,7,cancel,sell,2728.9,0.0091,quote-ask,target moved 2728.9 -> 2728.8,3af0d14b8c373f52aaabe8f10925576d
2026-09-22T06:29:00.600Z,dry,ETH-USD,7,place,sell,2728.8,0.0091,quote-ask,rejoin best,e13ddccf686286fa6afcfd71f321b859
2026-09-22T06:29:01.320Z,dry,ETH-USD,7,place,sell,2728.9,0.0091,quote-ask,join best,f0c4cb99336bda703754e3053b0c42be
2026-09-22T06:29:01.520Z,dry,ETH-USD,7,cancel,sell,2728.9,0.0091,quote-ask,target moved 2728.9 -> 2729,f0c4cb99336bda703754e3053b0c42be
2026-09-22T06:29:01.617Z,dry,ETH-USD,7,place,sell,2729,0.0091,quote-ask,back off: book leaning up,e5307f8706b48d087e2cd884891d88df
2026-09-22T06:29:02.124Z,dry,ETH-USD,7,cancel,buy,2728.6,0.0091,quote-bid,target moved 2728.6 -> 2728.5,604dd50758d9a26ebaf2ec1e5c38f807
2026-09-22T06:29:02.216Z,dry,ETH-USD,7,cancel,sell,2729,0.0091,quote-ask,target moved 2729 -> 2728.8,e5307f8706b48d087e2cd884891d88df
2026-09-22T06:29:02.310Z,dry,ETH-USD,7,place,buy,2728.5,0.0091,quote-bid,back off: book leaning down,3078cbb075a4c539cd79ee230d225cb2
2026-09-22T06:29:02.406Z,dry,ETH-USD,7,place,sell,2728.8,0.0091,quote-ask,back off: holding back-off,1592900ae4f45cabc1c047a0bdfb6beb
2026-09-22T06:29:02.734Z,dry,BTC-USD,6,cancel,buy,85280,0.00029,quote-bid,target moved 85280 -> 85281,274e2ab7af7a9be5eb5fcba3e565492a
2026-09-22T06:29:02.827Z,dry,BTC-USD,6,place,buy,85281,0.00029,quote-bid,rejoin best,d5f4573664b874eeb384bc0866496e0a
2026-09-22T06:29:02.920Z,dry,ETH-USD,7,place,sell,2729.1,0.0091,quote-ask,back off: holding inventory,c45d3ee19d799f8f389ea8bcb43e9977
2026-09-22T06:29:03.138Z,dry,BTC-USD,6,place,sell,85292,0.00029,quote-ask,back off: holding inventory,8cec1e7d8928f4f673b581b7155dbf27
2026-09-22T06:29:03.225Z,dry,ETH-USD,7,cancel,buy,2728.5,0.0091,quote-bid,target moved 2728.5 -> 2728.8,3078cbb075a4c539cd79ee230d225cb2
2026-09-22T06:29:03.311Z,dry,ETH-USD,7,place,buy,2728.8,0.0091,quote-bid,back off: book leaning down,265a1b13c37bb5528c985bb00596a6ef
2026-09-22T06:29:03.543Z,dry,BTC-USD,6,cancel,buy,85281,0.00029,quote-bid,target moved 85281 -> 85290,d5f4573664b874eeb384bc0866496e0a
2026-09-22T06:29:03.638Z,dry,BTC-USD,6,place,buy,85290,0.00029,quote-bid,rejoin best,8f2e61b4039f6f847fef5165b22fd296
2026-09-22T06:29:04.759Z,dry,BTC-USD,6,cancel,buy,85290,0.00029,quote-bid,flatten owns instrument,8f2e61b4039f6f847fef5165b22fd296
2026-09-22T06:29:04.850Z,dry,BTC-USD,6,cancel,sell,85292,0.00029,quote-ask,flatten owns instrument,8cec1e7d8928f4f673b581b7155dbf27
2026-09-22T06:29:04.945Z,dry,BTC-USD,6,place,buy,85290,0.00058,flatten-post,passive exit,a254aa61e3645daee7a34dcfae86bbf3
2026-09-22T06:29:05.158Z,dry,ETH-USD,7,cancel,buy,2728.8,0.0091,quote-bid,target moved 2728.8 -> 2728.9,265a1b13c37bb5528c985bb00596a6ef
2026-09-22T06:29:05.254Z,dry,ETH-USD,7,place,buy,2728.9,0.0091,quote-bid,rejoin best,b8293ea952af099a5c8976568ec8cace
2026-09-22T06:29:09.215Z,dry,ETH-USD,7,cancel,buy,2728.9,0.0091,quote-bid,target moved 2728.9 -> 2728.8,b8293ea952af099a5c8976568ec8cace
2026-09-22T06:29:09.311Z,dry,ETH-USD,7,place,buy,2728.8,0.0091,quote-bid,back off: book leaning down,9e2786a9274db815ac880cdd8e0c4bbb
2026-09-22T06:29:14.492Z,dry,ETH-USD,7,cancel,buy,2728.8,0.0091,quote-bid,target moved 2728.8 -> 2728.9,9e2786a9274db815ac880cdd8e0c4bbb
2026-09-22T06:29:14.587Z,dry,ETH-USD,7,place,buy,2728.9,0.0091,quote-bid,rejoin best,d992e044886acc1027e078a2907e4941
2026-09-22T06:29:15.908Z,dry,ETH-USD,7,cancel,buy,2728.9,0.0091,quote-bid,target moved 2728.9 -> 2728.8,d992e044886acc1027e078a2907e4941
2026-09-22T06:29:16.003Z,dry,ETH-USD,7,place,buy,2728.8,0.0091,quote-bid,back off: book leaning down,0596d1be560dc72e2873eee7e0495465
2026-09-22T06:29:17.329Z,dry,BTC-USD,6,cancel,buy,85290,0.00058,flatten-post,re-peg flatten,a254aa61e3645daee7a34dcfae86bbf3
2026-09-22T06:29:17.535Z,dry,BTC-USD,6,place,buy,85297,0.00058,flatten-post,passive exit,64f0b198c54f170ff817a049f9a7406d
2026-09-22T06:29:18.137Z,dry,ETH-USD,7,cancel,buy,2728.8,0.0091,quote-bid,target moved 2728.8 -> 2728.9,0596d1be560dc72e2873eee7e0495465
2026-09-22T06:29:18.231Z,dry,ETH-USD,7,place,buy,2728.9,0.0091,quote-bid,rejoin best,57f0973d699f4c52f734da5f2c62d8cf
2026-09-22T06:29:18.942Z,dry,BTC-USD,6,cancel,buy,85297,0.00058,flatten-post,re-peg flatten,64f0b198c54f170ff817a049f9a7406d
2026-09-22T06:29:19.146Z,dry,BTC-USD,6,place,buy,85304,0.00058,flatten-post,passive exit,765b1000cf717c2bde35d49c744838c8
2026-09-22T06:29:19.958Z,dry,BTC-USD,6,cancel,buy,85304,0.00058,flatten-post,flatten escalating to taker,765b1000cf717c2bde35d49c744838c8
2026-09-22T06:29:20.975Z,dry,BTC-USD,6,place,buy,85347,0.00058,flatten-ioc,taker exit (passive window elapsed),9310ab1ce22ec6384c983aa2d70bf572
2026-09-22T06:29:21.178Z,dry,BTC-USD,6,place,buy,85304,0.00029,quote-bid,join best,a0f062c14e4f7d9021236bd4ab56ac61
2026-09-22T06:29:21.270Z,dry,BTC-USD,6,place,sell,85305,0.00029,quote-ask,join best,f5a09a81a2c8e3cae85ebda34ba241c6
2026-09-22T06:29:24.216Z,dry,BTC-USD,6,place,sell,85322,0.00029,quote-ask,back off: aggressive buying,4ab58e874b9cc328c1f15151711e26ba
2026-09-22T06:29:24.306Z,dry,ETH-USD,7,place,sell,2730.2,0.0091,quote-ask,back off: holding inventory,623472f4122545d0cb0fba6e376fe477
2026-09-22T06:29:24.820Z,dry,BTC-USD,6,cancel,buy,85304,0.00029,quote-bid,target moved 85304 -> 85318,a0f062c14e4f7d9021236bd4ab56ac61
2026-09-22T06:29:24.914Z,dry,BTC-USD,6,cancel,sell,85322,0.00029,quote-ask,target moved 85322 -> 85321,4ab58e874b9cc328c1f15151711e26ba
2026-09-22T06:29:25.011Z,dry,BTC-USD,6,place,buy,85318,0.00029,quote-bid,back off: book leaning down,cb640b46e77ae9d92ef2c1e4f5f56931
2026-09-22T06:29:25.120Z,dry,BTC-USD,6,place,sell,85321,0.00029,quote-ask,back off: aggressive buying,06f71ecd4403d84fe65170c6f40a990c
2026-09-22T06:29:25.212Z,dry,ETH-USD,7,cancel,sell,2730.2,0.0091,quote-ask,target moved 2730.2 -> 2730.1,623472f4122545d0cb0fba6e376fe477
2026-09-22T06:29:25.300Z,dry,ETH-USD,7,place,sell,2730.1,0.0091,quote-ask,back off: holding inventory,0f2e981efcfa4a1f2e2c5fd4f649c0ef
2026-09-22T06:29:25.432Z,dry,BTC-USD,6,place,buy,85311,0.00029,quote-bid,back off: holding back-off,65381c43f16fc77995bd5e195a2e8e16
2026-09-22T06:29:25.838Z,dry,BTC-USD,6,cancel,buy,85311,0.00029,quote-bid,target moved 85311 -> 85312,65381c43f16fc77995bd5e195a2e8e16
2026-09-22T06:29:25.931Z,dry,BTC-USD,6,cancel,sell,85321,0.00029,quote-ask,target moved 85321 -> 85314,06f71ecd4403d84fe65170c6f40a990c
2026-09-22T06:29:26.027Z,dry,BTC-USD,6,place,buy,85312,0.00029,quote-bid,rejoin best,bf179904c5b4a99808c33f54071d1d4a
2026-09-22T06:29:26.120Z,dry,BTC-USD,6,place,sell,85314,0.00029,quote-ask,back off: aggressive buying,895895cedf4eaf73645c4b814961dc78
2026-09-22T06:29:26.211Z,dry,ETH-USD,7,cancel,buy,2728.9,0.0091,quote-bid,target moved 2728.9 -> 2729.6,57f0973d699f4c52f734da5f2c62d8cf
2026-09-22T06:29:26.303Z,dry,ETH-USD,7,cancel,sell,2730.1,0.0091,quote-ask,target moved 2730.1 -> 2729.9,0f2e981efcfa4a1f2e2c5fd4f649c0ef
2026-09-22T06:29:26.399Z,dry,ETH-USD,7,place,buy,2729.6,0.0091,quote-bid,back off: book leaning down,7287c1e95a8ee5945d103d8fc4f8bf8f
2026-09-22T06:29:26.493Z,dry,ETH-USD,7,place,sell,2729.9,0.0091,quote-ask,back off: holding inventory,897edf9836a7cdf578f7b7fd83cfed8a
2026-09-22T06:29:28.263Z,dry,ETH-USD,7,cancel,buy,2729.6,0.0091,quote-bid,target moved 2729.6 -> 2729.8,7287c1e95a8ee5945d103d8fc4f8bf8f
2026-09-22T06:29:28.346Z,dry,ETH-USD,7,place,buy,2729.8,0.0091,quote-bid,back off: holding back-off,ffb15da682cf8f6d0e758875dcf6f91c
2026-09-22T06:29:28.671Z,dry,ETH-USD,7,cancel,buy,2729.8,0.0091,quote-bid,target moved 2729.8 -> 2729.9,ffb15da682cf8f6d0e758875dcf6f91c
2026-09-22T06:29:28.767Z,dry,ETH-USD,7,place,buy,2729.9,0.0091,quote-bid,rejoin best,8ba21517bd6ae7adccb9bde9ab503e2b
2026-09-22T06:29:31.708Z,dry,ETH-USD,7,cancel,buy,2729.9,0.0091,quote-bid,target moved 2729.9 -> 2730,8ba21517bd6ae7adccb9bde9ab503e2b
2026-09-22T06:29:31.802Z,dry,ETH-USD,7,place,buy,2730,0.0091,quote-bid,back off: book leaning down,09a8b36ce3f890b6d3da4f00fe56920d
2026-09-22T06:29:32.727Z,dry,BTC-USD,6,place,sell,85317,0.00029,quote-ask,back off: book leaning up,6787d768aa3d87fa549bf80487cd6269
2026-09-22T06:29:33.130Z,dry,BTC-USD,6,cancel,buy,85312,0.00029,quote-bid,target moved 85312 -> 85315,bf179904c5b4a99808c33f54071d1d4a
2026-09-22T06:29:33.225Z,dry,BTC-USD,6,place,buy,85315,0.00029,quote-bid,rejoin best,02c8147960d8dac7b3ab4cf1e028f91b
2026-09-22T06:29:44.484Z,dry,BTC-USD,6,place,sell,85322,0.00029,quote-ask,back off: book leaning up,dd94e7c5289320501d84b69651cc43f2
2026-09-22T06:29:44.889Z,dry,BTC-USD,6,cancel,buy,85315,0.00029,quote-bid,target moved 85315 -> 85320,02c8147960d8dac7b3ab4cf1e028f91b
2026-09-22T06:29:44.984Z,dry,BTC-USD,6,place,buy,85320,0.00029,quote-bid,rejoin best,a8c7719d356339454ef8fb9b0fc8e988
2026-09-22T06:29:45.912Z,dry,BTC-USD,6,cancel,buy,85320,0.00029,quote-bid,target moved 85320 -> 85327,a8c7719d356339454ef8fb9b0fc8e988
2026-09-22T06:29:46.007Z,dry,BTC-USD,6,place,buy,85327,0.00029,quote-bid,back off: book leaning down,c01c02a43f172fb7ce93e582a199c511
2026-09-22T06:29:46.319Z,dry,ETH-USD,7,place,buy,2729.6,0.0091,quote-bid,back off: holding back-off,dc1b416433d65f0a0d42874ba2c6167e
2026-09-22T06:29:46.413Z,dry,ETH-USD,7,place,sell,2730.1,0.0091,quote-ask,back off: book leaning up,5fb9640fd6532844088f13f6b742cd32
2026-09-22T06:29:46.928Z,dry,ETH-USD,7,cancel,buy,2729.6,0.0091,quote-bid,target moved 2729.6 -> 2729.8,dc1b416433d65f0a0d42874ba2c6167e
2026-09-22T06:29:47.023Z,dry,ETH-USD,7,place,buy,2729.8,0.0091,quote-bid,back off: holding back-off,796f703e3589a5dd1b89c79ca173cb26
2026-09-22T06:29:47.747Z,dry,ETH-USD,7,cancel,buy,2729.8,0.0091,quote-bid,target moved 2729.8 -> 2729.9,796f703e3589a5dd1b89c79ca173cb26
2026-09-22T06:29:47.843Z,dry,ETH-USD,7,place,buy,2729.9,0.0091,quote-bid,rejoin best,ff4aaee46680fbca1c48b508bc3a8d9a
2026-09-22T06:29:48.359Z,dry,ETH-USD,7,cancel,buy,2729.9,0.0091,quote-bid,target moved 2729.9 -> 2729.8,ff4aaee46680fbca1c48b508bc3a8d9a
2026-09-22T06:29:48.454Z,dry,ETH-USD,7,place,buy,2729.8,0.0091,quote-bid,back off: book leaning down,2a26f8cfdaae55f873084ce3e0036c8a
2026-09-22T06:29:50.397Z,dry,BTC-USD,6,cancel,buy,85327,0.00029,quote-bid,target moved 85327 -> 85328,c01c02a43f172fb7ce93e582a199c511
2026-09-22T06:29:50.496Z,dry,BTC-USD,6,place,buy,85328,0.00029,quote-bid,rejoin best,33f9e6425f3a83f0560961ebbe82042e
2026-09-22T06:29:50.604Z,dry,ETH-USD,7,cancel,buy,2729.8,0.0091,quote-bid,target moved 2729.8 -> 2730,2a26f8cfdaae55f873084ce3e0036c8a
2026-09-22T06:29:50.701Z,dry,ETH-USD,7,place,buy,2730,0.0091,quote-bid,back off: book leaning down,799eca2ece2c974a04d70819e7dcf74e
2026-09-22T06:29:52.233Z,dry,ETH-USD,7,cancel,buy,2730,0.0091,quote-bid,target moved 2730 -> 2730.1,799eca2ece2c974a04d70819e7dcf74e
2026-09-22T06:29:52.328Z,dry,ETH-USD,7,place,buy,2730.1,0.0091,quote-bid,rejoin best,f2c1296d2187859698e7e026d8e14d1e
2026-09-22T06:29:54.478Z,dry,BTC-USD,6,cancel,buy,85328,0.00029,quote-bid,target moved 85328 -> 85336,33f9e6425f3a83f0560961ebbe82042e
2026-09-22T06:29:54.573Z,dry,BTC-USD,6,place,buy,85336,0.00029,quote-bid,rejoin best,52a85698889aa34db890d4a5a44f64bb
2026-09-22T06:29:56.101Z,dry,BTC-USD,6,cancel,buy,85336,0.00029,quote-bid,target moved 85336 -> 85341,52a85698889aa34db890d4a5a44f64bb
2026-09-22T06:29:56.195Z,dry,BTC-USD,6,place,buy,85341,0.00029,quote-bid,rejoin best,c8239b63f69eb854e182a570b9b88939
2026-09-22T06:29:56.707Z,dry,ETH-USD,7,cancel,buy,2730.1,0.0091,quote-bid,target moved 2730.1 -> 2730,f2c1296d2187859698e7e026d8e14d1e
2026-09-22T06:29:56.802Z,dry,ETH-USD,7,place,buy,2730,0.0091,quote-bid,back off: book leaning down,b44ef29132231abc6aee11d40f15331e
2026-09-22T06:29:58.528Z,dry,ETH-USD,7,cancel,buy,2730,0.0091,quote-bid,target moved 2730 -> 2730.1,b44ef29132231abc6aee11d40f15331e
2026-09-22T06:29:58.623Z,dry,ETH-USD,7,place,buy,2730.1,0.0091,quote-bid,rejoin best,06ae65b8347a8836a4b7fd3f1aad9c4d
2026-09-22T06:29:59.137Z,dry,ETH-USD,7,cancel,buy,2730.1,0.0091,quote-bid,target moved 2730.1 -> 2730,06ae65b8347a8836a4b7fd3f1aad9c4d
2026-09-22T06:29:59.247Z,dry,ETH-USD,7,place,buy,2730,0.0091,quote-bid,back off: book leaning down,f7cb338ee4e8b7b098595b8d6dfbe2b3
2026-09-22T06:30:00.958Z,dry,BTC-USD,6,cancel,buy,85341,0.00029,quote-bid,target moved 85341 -> 85340,c8239b63f69eb854e182a570b9b88939
2026-09-22T06:30:01.043Z,dry,BTC-USD,6,place,buy,85340,0.00029,quote-bid,back off: book leaning down,0e53bcfa13bc8cf01f52f6fa096926f8
2026-09-22T06:30:01.369Z,dry,ETH-USD,7,place,buy,2729.6,0.0091,quote-bid,back off: holding back-off,daa00b3715c7194ac7886cd86f778b66
2026-09-22T06:30:01.461Z,dry,ETH-USD,7,place,sell,2729.9,0.0091,quote-ask,back off: book leaning up,07898485d904c00852529f15a0cc02da
2026-09-22T06:30:01.980Z,dry,BTC-USD,6,place,buy,85335,0.00029,quote-bid,back off: book leaning down,3a30fe28caa0fae97a17ef6ba864320d
2026-09-22T06:30:02.074Z,dry,BTC-USD,6,place,sell,85338,0.00029,quote-ask,back off: holding inventory,e2ca63962884a440b94a3e50f3ad2083
2026-09-22T06:30:02.166Z,dry,ETH-USD,7,cancel,buy,2729.6,0.0091,quote-bid,target moved 2729.6 -> 2729.7,daa00b3715c7194ac7886cd86f778b66
2026-09-22T06:30:02.260Z,dry,ETH-USD,7,place,buy,2729.7,0.0091,quote-bid,rejoin best,54a77fa0bfc868e7e1680e22a2ea8651
2026-09-22T06:30:02.352Z,dry,ETH-USD,7,reject,buy,2729.7,0.0091,quote-bid,post only order would cross,54a77fa0bfc868e7e1680e22a2ea8651
2026-09-22T06:30:02.386Z,dry,ETH-USD,7,place,buy,2729.5,0.0091,quote-bid,join best,73f095bfd55f582b6c39b0b95126b28b
2026-09-22T06:30:02.588Z,dry,ETH-USD,7,place,buy,2729.2,0.0091,quote-bid,back off: book leaning down,18d657e38758b1bfee64e3a4fd2b942c
2026-09-22T06:30:02.790Z,dry,ETH-USD,7,cancel,buy,2729.2,0.0091,quote-bid,flatten owns instrument,18d657e38758b1bfee64e3a4fd2b942c
2026-09-22T06:30:02.883Z,dry,ETH-USD,7,cancel,sell,2729.9,0.0091,quote-ask,flatten owns instrument,07898485d904c00852529f15a0cc02da
2026-09-22T06:30:02.972Z,dry,ETH-USD,7,place,buy,2729.3,0.0091,flatten-post,passive exit,d02c5e6d7983f5faee595a30b156ce06
2026-09-22T06:30:05.429Z,dry,ETH-USD,7,cancel,buy,2729.3,0.0091,flatten-post,re-peg flatten,d02c5e6d7983f5faee595a30b156ce06
2026-09-22T06:30:05.636Z,dry,ETH-USD,7,place,buy,2729.7,0.0091,flatten-post,passive exit,ea67bf864127c57565901e8956580665
2026-09-22T06:30:06.448Z,dry,ETH-USD,7,place,buy,2729.4,0.0091,quote-bid,back off: book leaning down,3c82f39efb0aa3d273e9fef78c206d13
2026-09-22T06:30:06.539Z,dry,ETH-USD,7,place,sell,2729.6,0.0091,quote-ask,join best,4609595eadaa83aaaddc610a0526847c
2026-09-22T06:30:07.260Z,dry,ETH-USD,7,place,sell,2729.9,0.0091,quote-ask,back off: holding inventory,a738aedf27467275aaeaa9b3c8ffe7c2
2026-09-22T06:30:07.661Z,dry,ETH-USD,7,cancel,buy,2729.4,0.0091,quote-bid,target moved 2729.4 -> 2729.6,3c82f39efb0aa3d273e9fef78c206d13
2026-09-22T06:30:07.745Z,dry,ETH-USD,7,place,buy,2729.6,0.0091,quote-bid,back off: book leaning down,583946afa1948b80914ee7255c6c82dc
2026-09-22T06:30:07.866Z,dry,BTC-USD,6,cancel,buy,85335,0.00029,quote-bid,target moved 85335 -> 85336,3a30fe28caa0fae97a17ef6ba864320d
2026-09-22T06:30:07.959Z,dry,BTC-USD,6,place,buy,85336,0.00029,quote-bid,rejoin best,27afc24ffd50fd322b5820cfb701910d
2026-09-22T06:30:08.057Z,dry,ETH-USD,7,cancel,sell,2729.9,0.0091,quote-ask,target moved 2729.9 -> 2730.1,a738aedf27467275aaeaa9b3c8ffe7c2
2026-09-22T06:30:08.145Z,dry,ETH-USD,7,place,sell,2730.1,0.0091,quote-ask,back off: book leaning up,9d16baae84b5c5d76f8ddac9da6c43e9
2026-09-22T06:30:08.673Z,dry,BTC-USD,6,cancel,buy,85336,0.00029,quote-bid,target moved 85336 -> 85340,27afc24ffd50fd322b5820cfb701910d
2026-09-22T06:30:08.769Z,dry,BTC-USD,6,place,buy,85340,0.00029,quote-bid,rejoin best,04bd1eaacde5dd82f0135e6bc98da258
2026-09-22T06:30:08.862Z,dry,ETH-USD,7,cancel,buy,2729.6,0.0091,quote-bid,target moved 2729.6 -> 2729.8,583946afa1948b80914ee7255c6c82dc
2026-09-22T06:30:08.959Z,dry,ETH-USD,7,place,buy,2729.8,0.0091,quote-bid,back off: book leaning down,7328265e7c97569bdecedda0e4cda33a
2026-09-22T06:30:10.914Z,dry,ETH-USD,7,place,buy,2729.6,0.0091,quote-bid,back off: holding back-off,b01404cbedddf0e9554009e742ecddcd
2026-09-22T06:30:11.319Z,dry,ETH-USD,7,cancel,sell,2730.1,0.0091,quote-ask,target moved 2730.1 -> 2729.9,9d16baae84b5c5d76f8ddac9da6c43e9
2026-09-22T06:30:11.414Z,dry,ETH-USD,7,place,sell,2729.9,0.0091,quote-ask,back off: holding inventory,7436c9c2418a424f6c9b54329998d81d
2026-09-22T06:30:11.934Z,dry,ETH-USD,7,cancel,sell,2729.9,0.0091,quote-ask,target moved 2729.9 -> 2729.8,7436c9c2418a424f6c9b54329998d81d
2026-09-22T06:30:12.030Z,dry,ETH-USD,7,place,sell,2729.8,0.0091,quote-ask,back off: holding inventory,36ca88f5fefdb96ef64531f07195c613
2026-09-22T06:30:12.137Z,dry,ETH-USD,7,cancel,buy,2729.6,0.0091,quote-bid,target moved 2729.6 -> 2729.5,b01404cbedddf0e9554009e742ecddcd
2026-09-22T06:30:12.234Z,dry,ETH-USD,7,place,buy,2729.5,0.0091,quote-bid,back off: book leaning down,b1340eb74587a77fec4e1334015f19d3
2026-09-22T06:30:13.156Z,dry,BTC-USD,6,place,buy,85336,0.00029,quote-bid,back off: book leaning down,f8315a97f325191f56666fae317934dd
2026-09-22T06:30:13.251Z,dry,BTC-USD,6,place,sell,85339,0.00029,quote-ask,back off: holding inventory,d68227dc3025d1954e54882641c6a3e0
2026-09-22T06:30:13.564Z,dry,ETH-USD,7,cancel,buy,2729.5,0.0091,quote-bid,target moved 2729.5 -> 2729.4,b1340eb74587a77fec4e1334015f19d3
2026-09-22T06:30:13.656Z,dry,ETH-USD,7,cancel,sell,2729.8,0.0091,quote-ask,target moved 2729.8 -> 2729.7,36ca88f5fefdb96ef64531f07195c613
2026-09-22T06:30:13.750Z,dry,ETH-USD,7,place,buy,2729.4,0.0091,quote-bid,back off: book leaning down,c384e6884aee78003194785ac8282d48
2026-09-22T06:30:13.843Z,dry,ETH-USD,7,place,sell,2729.7,0.0091,quote-ask,back off: holding inventory,480ee91dce67ef3c82d8557d61ef28c1
2026-09-22T06:30:14.168Z,dry,BTC-USD,6,cancel,buy,85336,0.00029,quote-bid,target moved 85336 -> 85337,f8315a97f325191f56666fae317934dd
2026-09-22T06:30:14.258Z,dry,BTC-USD,6,place,buy,85337,0.00029,quote-bid,rejoin best,3bcf3f4f8f726fff1ba091b8dd3707f3
2026-09-22T06:30:14.984Z,dry,BTC-USD,6,place,buy,85329,0.00029,quote-bid,back off: book leaning down,df2af4822128ba4c00f2c383de44c568
2026-09-22T06:30:15.080Z,dry,ETH-USD,7,place,buy,2728.9,0.0091,quote-bid,back off: book leaning down,2ea98447ef6439960309758db35ce105
2026-09-22T06:30:15.389Z,dry,BTC-USD,6,cancel,sell,85339,0.00029,quote-ask,target moved 85339 -> 85332,d68227dc3025d1954e54882641c6a3e0
2026-09-22T06:30:15.483Z,dry,BTC-USD,6,place,sell,85332,0.00029,quote-ask,back off: holding inventory,0ff7e06b3e1c2ce8f3f680fda47ba2fa
2026-09-22T06:30:15.575Z,dry,ETH-USD,7,cancel,sell,2729.7,0.0091,quote-ask,target moved 2729.7 -> 2729.2,480ee91dce67ef3c82d8557d61ef28c1
2026-09-22T06:30:15.671Z,dry,ETH-USD,7,place,sell,2729.2,0.0091,quote-ask,back off: holding back-off,5698cbd2bf31a982e136a6910d64d365
2026-09-22T06:30:15.797Z,dry,ETH-USD,7,cancel,sell,2729.2,0.0091,quote-ask,target moved 2729.2 -> 2729.1,5698cbd2bf31a982e136a6910d64d365
2026-09-22T06:30:15.892Z,dry,ETH-USD,7,place,sell,2729.1,0.0091,quote-ask,rejoin best,1ea00726df2a808e7602a32778b1513e
2026-09-22T06:30:16.000Z,dry,BTC-USD,6,cancel,buy,85329,0.00029,quote-bid,target moved 85329 -> 85330,df2af4822128ba4c00f2c383de44c568
2026-09-22T06:30:16.097Z,dry,BTC-USD,6,place,buy,85330,0.00029,quote-bid,rejoin best,8cf2adf796a120df9f573e317970f88d
2026-09-22T06:30:16.610Z,dry,BTC-USD,6,cancel,buy,85330,0.00029,quote-bid,target moved 85330 -> 85329,8cf2adf796a120df9f573e317970f88d
2026-09-22T06:30:16.705Z,dry,BTC-USD,6,place,buy,85329,0.00029,quote-bid,back off: book leaning down,56eb4d4d4e1078fa91d73d236279ed2b
2026-09-22T06:30:17.829Z,dry,BTC-USD,6,cancel,buy,85329,0.00029,quote-bid,target moved 85329 -> 85330,56eb4d4d4e1078fa91d73d236279ed2b
2026-09-22T06:30:17.921Z,dry,BTC-USD,6,place,buy,85330,0.00029,quote-bid,rejoin best,58001b41f7cbd017c7da4b36a0e469ac
2026-09-22T06:30:18.014Z,dry,BTC-USD,6,reject,buy,85330,0.00029,quote-bid,post only order would cross,58001b41f7cbd017c7da4b36a0e469ac
2026-09-22T06:30:18.018Z,dry,ETH-USD,7,cancel,sell,2729.1,0.0091,quote-ask,target moved 2729.1 -> 2729,1ea00726df2a808e7602a32778b1513e
2026-09-22T06:30:18.107Z,dry,ETH-USD,7,place,buy,2728.7,0.0091,quote-bid,back off: holding inventory,aa24fc8c1cfa525e9a89b17a87636bf0
2026-09-22T06:30:18.202Z,dry,ETH-USD,7,place,sell,2729,0.0091,quote-ask,back off: book leaning up,bc383a3e17d8d1c0f0f5476723a419ac
2026-09-22T06:30:18.435Z,dry,BTC-USD,6,place,buy,85321,0.00029,quote-bid,join best,8fa3c007c1d972a54f5e6e9f5f387bf4
2026-09-22T06:30:18.838Z,dry,BTC-USD,6,cancel,sell,85332,0.00029,quote-ask,target moved 85332 -> 85323,0ff7e06b3e1c2ce8f3f680fda47ba2fa
2026-09-22T06:30:18.933Z,dry,BTC-USD,6,place,sell,85323,0.00029,quote-ask,back off: holding inventory,4013f82cafdcc0027317224a7a0ac624
2026-09-22T06:30:19.448Z,dry,BTC-USD,6,cancel,buy,85321,0.00029,quote-bid,target moved 85321 -> 85320,8fa3c007c1d972a54f5e6e9f5f387bf4
2026-09-22T06:30:19.545Z,dry,BTC-USD,6,place,buy,85320,0.00029,quote-bid,back off: book leaning down,990c6c22652dff08f887fd92007c80c3
2026-09-22T06:30:20.061Z,dry,ETH-USD,7,place,buy,2728.3,0.0091,quote-bid,back off: book leaning down,ba78be75a0edaed9c23b1db862e39d5a
2026-09-22T06:30:20.261Z,dry,BTC-USD,6,place,buy,85315,0.00029,quote-bid,back off: book leaning down,551b2c08b15284a3f24793042102c6ad
2026-09-22T06:30:20.667Z,dry,BTC-USD,6,cancel,sell,85323,0.00029,quote-ask,target moved 85323 -> 85318,4013f82cafdcc0027317224a7a0ac624
2026-09-22T06:30:20.757Z,dry,BTC-USD,6,place,sell,85318,0.00029,quote-ask,back off: holding back-off,9629018d830c2f5e25f20589fa6f9d75
2026-09-22T06:30:20.838Z,dry,ETH-USD,7,cancel,buy,2728.3,0.0091,quote-bid,target moved 2728.3 -> 2728.4,ba78be75a0edaed9c23b1db862e39d5a
2026-09-22T06:30:20.931Z,dry,ETH-USD,7,cancel,sell,2729,0.0091,quote-ask,target moved 2729 -> 2728.7,bc383a3e17d8d1c0f0f5476723a419ac
2026-09-22T06:30:21.027Z,dry,ETH-USD,7,place,buy,2728.4,0.0091,quote-bid,back off: book leaning down,b0a404d807a7f6b32b3f40b4205a35e1
2026-09-22T06:30:21.120Z,dry,ETH-USD,7,place,sell,2728.7,0.0091,quote-ask,back off: holding back-off,938e86ac9bf2b9d5c981b3ee8ecf37d3
2026-09-22T06:30:21.274Z,dry,BTC-USD,6,cancel,sell,85318,0.00029,quote-ask,target moved 85318 -> 85317,9629018d830c2f5e25f20589fa6f9d75
2026-09-22T06:30:21.369Z,dry,BTC-USD,6,place,sell,85317,0.00029,quote-ask,rejoin best,a3ac80a73c8727a1e7cd8e4bb7d22470
2026-09-22T06:30:21.458Z,dry,ETH-USD,7,cancel,sell,2728.7,0.0091,quote-ask,target moved 2728.7 -> 2728.6,938e86ac9bf2b9d5c981b3ee8ecf37d3
2026-09-22T06:30:21.556Z,dry,ETH-USD,7,place,sell,2728.6,0.0091,quote-ask,rejoin best,006027f7938535e8a30e585a078bfb24
2026-09-22T06:30:22.485Z,dry,ETH-USD,7,cancel,sell,2728.6,0.0091,quote-ask,target moved 2728.6 -> 2728.7,006027f7938535e8a30e585a078bfb24
2026-09-22T06:30:22.582Z,dry,ETH-USD,7,place,sell,2728.7,0.0091,quote-ask,back off: book leaning up,cf2ebbe3e3148b72556eaf1d9a19e175
2026-09-22T06:30:23.096Z,dry,ETH-USD,7,cancel,sell,2728.7,0.0091,quote-ask,target moved 2728.7 -> 2728.8,cf2ebbe3e3148b72556eaf1d9a19e175
2026-09-22T06:30:23.191Z,dry,ETH-USD,7,place,sell,2728.8,0.0091,quote-ask,back off: holding back-off,c59e5efea6c0441e3a497f96617622a8
2026-09-22T06:30:23.299Z,dry,ETH-USD,7,cancel,buy,2728.4,0.0091,quote-bid,target moved 2728.4 -> 2728.5,b0a404d807a7f6b32b3f40b4205a35e1
2026-09-22T06:30:23.397Z,dry,ETH-USD,7,place,buy,2728.5,0.0091,quote-bid,back off: book leaning down,62082ce9105cf8a7968705be4d5dcfba
2026-09-22T06:30:23.503Z,dry,ETH-USD,7,cancel,sell,2728.8,0.0091,quote-ask,target moved 2728.8 -> 2728.7,c59e5efea6c0441e3a497f96617622a8
2026-09-22T06:30:23.600Z,dry,ETH-USD,7,place,sell,2728.7,0.0091,quote-ask,rejoin best,ec015b88eed75a06a01c39f3ff392ce0
2026-09-22T06:30:25.538Z,dry,ETH-USD,7,cancel,sell,2728.7,0.0091,quote-ask,target moved 2728.7 -> 2728.8,ec015b88eed75a06a01c39f3ff392ce0
2026-09-22T06:30:25.634Z,dry,ETH-USD,7,place,sell,2728.8,0.0091,quote-ask,back off: holding back-off,ce9da96938bc864f3ec21a693824ce6c
2026-09-22T06:30:25.942Z,dry,ETH-USD,7,cancel,sell,2728.8,0.0091,quote-ask,target moved 2728.8 -> 2728.7,ce9da96938bc864f3ec21a693824ce6c
2026-09-22T06:30:26.035Z,dry,ETH-USD,7,place,sell,2728.7,0.0091,quote-ask,rejoin best,b6e137e2e429b0b7b2c643ef90a20187
2026-09-22T06:30:26.547Z,dry,ETH-USD,7,cancel,buy,2728.5,0.0091,quote-bid,target moved 2728.5 -> 2728.4,62082ce9105cf8a7968705be4d5dcfba
2026-09-22T06:30:26.642Z,dry,ETH-USD,7,place,buy,2728.4,0.0091,quote-bid,back off: holding inventory,98c43cabb1b564a38a3fb0d7e3b912e4
2026-09-22T06:30:26.750Z,dry,ETH-USD,7,cancel,sell,2728.7,0.0091,quote-ask,target moved 2728.7 -> 2728.6,b6e137e2e429b0b7b2c643ef90a20187
2026-09-22T06:30:26.845Z,dry,ETH-USD,7,place,sell,2728.6,0.0091,quote-ask,rejoin best,0edbdf15a24d19c711d5eaa529e3c198
2026-09-22T06:30:28.566Z,dry,ETH-USD,7,cancel,sell,2728.6,0.0091,quote-ask,target moved 2728.6 -> 2728.7,0edbdf15a24d19c711d5eaa529e3c198
2026-09-22T06:30:28.661Z,dry,ETH-USD,7,place,sell,2728.7,0.0091,quote-ask,back off: book leaning up,9253d2880935a01e5e1e3a1730427045
2026-09-22T06:30:30.200Z,dry,ETH-USD,7,cancel,buy,2728.4,0.0091,quote-bid,target moved 2728.4 -> 2728.3,98c43cabb1b564a38a3fb0d7e3b912e4
2026-09-22T06:30:30.295Z,dry,ETH-USD,7,cancel,sell,2728.7,0.0091,quote-ask,target moved 2728.7 -> 2728.5,9253d2880935a01e5e1e3a1730427045
2026-09-22T06:30:30.391Z,dry,ETH-USD,7,place,buy,2728.3,0.0091,quote-bid,back off: book leaning down,c824bdba21b58b868a5ebb218e44a81b
2026-09-22T06:30:30.484Z,dry,ETH-USD,7,place,sell,2728.5,0.0091,quote-ask,rejoin best,0c00e442eca6d1773b66f290f26f5c13
2026-09-22T06:30:32.635Z,dry,ETH-USD,7,cancel,sell,2728.5,0.0091,quote-ask,target moved 2728.5 -> 2728.6,0c00e442eca6d1773b66f290f26f5c13
2026-09-22T06:30:32.732Z,dry,ETH-USD,7,place,sell,2728.6,0.0091,quote-ask,back off: book leaning up,c9ec62db4888879e7867849a9c3d8729
2026-09-22T06:30:33.041Z,dry,ETH-USD,7,place,sell,2728.8,0.0091,quote-ask,back off: holding back-off,eac9ac64fa12a95e994a9948d213a96c
2026-09-22T06:30:33.445Z,dry,ETH-USD,7,cancel,buy,2728.3,0.0091,quote-bid,target moved 2728.3 -> 2728.5,c824bdba21b58b868a5ebb218e44a81b
2026-09-22T06:30:33.540Z,dry,ETH-USD,7,place,buy,2728.5,0.0091,quote-bid,back off: book leaning down,b9061fd1892326ccdb5c25e1a76c4c31
2026-09-22T06:30:33.850Z,dry,ETH-USD,7,cancel,sell,2728.8,0.0091,quote-ask,target moved 2728.8 -> 2728.7,eac9ac64fa12a95e994a9948d213a96c
2026-09-22T06:30:33.959Z,dry,ETH-USD,7,place,sell,2728.7,0.0091,quote-ask,rejoin best,a6384d14ab58392c42c425d08997013e
2026-09-22T06:30:34.458Z,dry,ETH-USD,7,cancel,buy,2728.5,0.0091,quote-bid,target moved 2728.5 -> 2728.4,b9061fd1892326ccdb5c25e1a76c4c31
2026-09-22T06:30:34.551Z,dry,ETH-USD,7,cancel,sell,2728.7,0.0091,quote-ask,target moved 2728.7 -> 2728.6,a6384d14ab58392c42c425d08997013e
2026-09-22T06:30:34.647Z,dry,ETH-USD,7,place,buy,2728.4,0.0091,quote-bid,back off: holding inventory,7debb2b690afc5977fa9a9e659b15c76
2026-09-22T06:30:34.741Z,dry,ETH-USD,7,place,sell,2728.6,0.0091,quote-ask,rejoin best,fc87a80d00f38c74cadd364c15a88767
2026-09-22T06:30:37.910Z,dry,ETH-USD,7,cancel,sell,2728.6,0.0091,quote-ask,target moved 2728.6 -> 2728.7,fc87a80d00f38c74cadd364c15a88767
2026-09-22T06:30:38.007Z,dry,ETH-USD,7,place,sell,2728.7,0.0091,quote-ask,back off: book leaning up,295e274f3b99cda591e0891a6979c6a5
2026-09-22T06:30:38.921Z,dry,ETH-USD,7,cancel,sell,2728.7,0.0091,quote-ask,target moved 2728.7 -> 2728.6,295e274f3b99cda591e0891a6979c6a5
2026-09-22T06:30:39.017Z,dry,ETH-USD,7,place,sell,2728.6,0.0091,quote-ask,rejoin best,0a65ab032a31afcbcb8754506dfb458b
2026-09-22T06:30:43.987Z,dry,ETH-USD,7,place,sell,2728.8,0.0091,quote-ask,join best,cd380c6e5d0e9bdeac01ce8ff79b6186
2026-09-22T06:30:44.389Z,dry,ETH-USD,7,cancel,buy,2728.4,0.0091,quote-bid,target moved 2728.4 -> 2728.6,7debb2b690afc5977fa9a9e659b15c76
2026-09-22T06:30:44.481Z,dry,ETH-USD,7,place,buy,2728.6,0.0091,quote-bid,back off: book leaning down,a675914faaff97c0ef197d509dacf600
2026-09-22T06:30:48.239Z,dry,ETH-USD,7,place,sell,2729,0.0091,quote-ask,back off: holding inventory,893edc0d40d9af85e1ec892f61379d88
2026-09-22T06:30:48.649Z,dry,BTC-USD,6,cancel,buy,85315,0.00029,quote-bid,target moved 85315 -> 85316,551b2c08b15284a3f24793042102c6ad
2026-09-22T06:30:48.744Z,dry,BTC-USD,6,place,buy,85316,0.00029,quote-bid,rejoin best,1ccee394d5a2b450df248338dfc714b3
2026-09-22T06:30:48.837Z,dry,ETH-USD,7,cancel,buy,2728.6,0.0091,quote-bid,target moved 2728.6 -> 2728.7,a675914faaff97c0ef197d509dacf600
2026-09-22T06:30:48.932Z,dry,ETH-USD,7,place,buy,2728.7,0.0091,quote-bid,back off: holding back-off,0f0cc0aaec3ae636c103d6a0b6167b11
2026-09-22T06:30:49.055Z,dry,ETH-USD,7,cancel,buy,2728.7,0.0091,quote-bid,target moved 2728.7 -> 2728.8,0f0cc0aaec3ae636c103d6a0b6167b11
2026-09-22T06:30:49.149Z,dry,ETH-USD,7,place,buy,2728.8,0.0091,quote-bid,rejoin best,b15c3b717fa185b4d6b089b38c316f9a
2026-09-22T06:30:50.884Z,dry,ETH-USD,7,cancel,buy,2728.8,0.0091,quote-bid,target moved 2728.8 -> 2728.7,b15c3b717fa185b4d6b089b38c316f9a
2026-09-22T06:30:50.979Z,dry,ETH-USD,7,place,buy,2728.7,0.0091,quote-bid,back off: book leaning down,81a01530f3a425d97e716b846aee46fc
2026-09-22T06:30:51.905Z,dry,ETH-USD,7,cancel,buy,2728.7,0.0091,quote-bid,target moved 2728.7 -> 2728.8,81a01530f3a425d97e716b846aee46fc
2026-09-22T06:30:52.000Z,dry,ETH-USD,7,place,buy,2728.8,0.0091,quote-bid,rejoin best,d925478bba87f57b589459e9cf002aea
2026-09-22T06:30:54.144Z,dry,ETH-USD,7,cancel,buy,2728.8,0.0091,quote-bid,target moved 2728.8 -> 2728.7,d925478bba87f57b589459e9cf002aea
2026-09-22T06:30:54.240Z,dry,ETH-USD,7,place,buy,2728.7,0.0091,quote-bid,back off: book leaning down,097742dc2afee06fadaed2d3c4536e42
2026-09-22T06:30:56.789Z,dry,ETH-USD,7,cancel,buy,2728.7,0.0091,quote-bid,target moved 2728.7 -> 2728.6,097742dc2afee06fadaed2d3c4536e42
2026-09-22T06:30:56.883Z,dry,ETH-USD,7,cancel,sell,2729,0.0091,quote-ask,target moved 2729 -> 2728.9,893edc0d40d9af85e1ec892f61379d88
2026-09-22T06:30:56.978Z,dry,ETH-USD,7,place,buy,2728.6,0.0091,quote-bid,back off: book leaning down,0a894134a99d0d5f6e0804af63392f2f
2026-09-22T06:30:57.069Z,dry,ETH-USD,7,place,sell,2728.9,0.0091,quote-ask,back off: holding inventory,c2f2da295355aba51c80d4c01f880f63
2026-09-22T06:30:57.195Z,dry,BTC-USD,6,cancel,sell,85317,0.00029,quote-ask,target moved 85317 -> 85318,a3ac80a73c8727a1e7cd8e4bb7d22470
2026-09-22T06:30:57.288Z,dry,BTC-USD,6,place,sell,85318,0.00029,quote-ask,back off: book leaning up,b19d3a40776ca65c61514313a579e72d
2026-09-22T06:31:00.649Z,dry,BTC-USD,6,place,sell,85328,0.00029,quote-ask,back off: book leaning up,02ac2d5f303e7b471545250d4d2f78e3
2026-09-22T06:31:00.735Z,dry,ETH-USD,7,place,sell,2729.6,0.0091,quote-ask,back off: holding inventory,1b479596111d36b18ccff5335388501f
2026-09-22T06:31:00.850Z,dry,BTC-USD,6,place,sell,85335,0.00029,quote-ask,back off: book leaning up,f979fab7b1f49e91602f5ac0059cf160
2026-09-22T06:31:01.254Z,dry,BTC-USD,6,cancel,buy,85316,0.00029,quote-bid,target moved 85316 -> 85333,1ccee394d5a2b450df248338dfc714b3
2026-09-22T06:31:01.350Z,dry,BTC-USD,6,place,buy,85333,0.00029,quote-bid,rejoin best,cc842d26a8843fdc9854a10561d28605
2026-09-22T06:31:01.443Z,dry,ETH-USD,7,cancel,buy,2728.6,0.0091,quote-bid,target moved 2728.6 -> 2729.3,0a894134a99d0d5f6e0804af63392f2f
2026-09-22T06:31:01.537Z,dry,ETH-USD,7,place,buy,2729.3,0.0091,quote-bid,back off: book leaning down,f50f31daa4d0f1e0017366c4d11e1638
2026-09-22T06:31:02.266Z,dry,ETH-USD,7,place,buy,2729,0.0091,quote-bid,back off: book leaning down,a33312a4fb24b741444867cba07366b7
2026-09-22T06:31:02.671Z,dry,ETH-USD,7,cancel,sell,2729.6,0.0091,quote-ask,target moved 2729.6 -> 2729.3,1b479596111d36b18ccff5335388501f
2026-09-22T06:31:02.766Z,dry,ETH-USD,7,place,sell,2729.3,0.0091,quote-ask,back off: holding inventory,adbf3a2e068f03210cee314da37f3129
2026-09-22T06:31:02.873Z,dry,BTC-USD,6,place,buy,85331,0.00029,quote-bid,join best,06ff0121f47703fcae7c2e46fe5e3ee3
2026-09-22T06:31:02.960Z,dry,BTC-USD,6,reject,buy,85331,0.00029,quote-bid,post only order would cross,06ff0121f47703fcae7c2e46fe5e3ee3
2026-09-22T06:31:02.969Z,dry,ETH-USD,7,place,buy,2728.5,0.0091,quote-bid,back off: book leaning down,50b20e20817045377e1ea4d490fa0844
2026-09-22T06:31:03.076Z,dry,BTC-USD,6,place,buy,85329,0.00029,quote-bid,back off: book leaning down,1c396687ba665e92d64c8ed78305bbcc
2026-09-22T06:31:03.477Z,dry,BTC-USD,6,cancel,sell,85335,0.00029,quote-ask,target moved 85335 -> 85332,f979fab7b1f49e91602f5ac0059cf160
2026-09-22T06:31:03.574Z,dry,BTC-USD,6,place,sell,85332,0.00029,quote-ask,back off: holding inventory,417ba00cba8b0ac1467bc2ca940de50e
2026-09-22T06:31:03.883Z,dry,ETH-USD,7,cancel,buy,2728.5,0.0091,quote-bid,target moved 2728.5 -> 2728.8,50b20e20817045377e1ea4d490fa0844
2026-09-22T06:31:03.980Z,dry,ETH-USD,7,cancel,sell,2729.3,0.0091,quote-ask,target moved 2729.3 -> 2729,adbf3a2e068f03210cee314da37f3129
2026-09-22T06:31:04.105Z,dry,ETH-USD,7,place,buy,2728.8,0.0091,quote-bid,back off: book leaning down,d2f214aa85716fb058a1d02bb9e077e4
2026-09-22T06:31:04.198Z,dry,ETH-USD,7,place,sell,2729,0.0091,quote-ask,rejoin best,a3e1ea95c2049be35ada057567ebdd14
2026-09-22T06:31:05.306Z,dry,BTC-USD,6,cancel,buy,85329,0.00029,quote-bid,target moved 85329 -> 85330,1c396687ba665e92d64c8ed78305bbcc
2026-09-22T06:31:05.401Z,dry,BTC-USD,6,place,buy,85330,0.00029,quote-bid,rejoin best,1d8e77d5762f885be363183c5932e21b
2026-09-22T06:31:06.321Z,dry,BTC-USD,6,cancel,buy,85330,0.00029,quote-bid,target moved 85330 -> 85329,1d8e77d5762f885be363183c5932e21b
2026-09-22T06:31:06.417Z,dry,BTC-USD,6,place,buy,85329,0.00029,quote-bid,back off: book leaning down,0046b6633f5ea47a7366f482b25d4abf
2026-09-22T06:31:06.526Z,dry,BTC-USD,6,place,buy,85327,0.00029,quote-bid,back off: book leaning down,b58f0b279e3cb03efc394d69fdd1de2f
2026-09-22T06:31:06.928Z,dry,BTC-USD,6,cancel,sell,85332,0.00029,quote-ask,target moved 85332 -> 85330,417ba00cba8b0ac1467bc2ca940de50e
2026-09-22T06:31:07.026Z,dry,BTC-USD,6,place,sell,85330,0.00029,quote-ask,back off: holding back-off,c6b235e32a876c71c9a2437a64bd373c
2026-09-22T06:31:07.333Z,dry,BTC-USD,6,cancel,sell,85330,0.00029,quote-ask,target moved 85330 -> 85329,c6b235e32a876c71c9a2437a64bd373c
2026-09-22T06:31:07.428Z,dry,BTC-USD,6,place,sell,85329,0.00029,quote-ask,rejoin best,37a924d7bbcc02a63cfc8feb62358d9d
2026-09-22T06:31:07.537Z,dry,BTC-USD,6,cancel,buy,85327,0.00029,quote-bid,target moved 85327 -> 85328,b58f0b279e3cb03efc394d69fdd1de2f
2026-09-22T06:31:07.632Z,dry,BTC-USD,6,place,buy,85328,0.00029,quote-bid,rejoin best,519434944ba43063e30599edf3321bfc
2026-09-22T06:31:07.741Z,dry,BTC-USD,6,place,buy,85318,0.00029,quote-bid,back off: book leaning down,bce114c7fb2b9fcae9f277d25dc85664
2026-09-22T06:31:07.942Z,dry,ETH-USD,7,cancel,sell,2729,0.0091,quote-ask,target moved 2729 -> 2729.1,a3e1ea95c2049be35ada057567ebdd14
2026-09-22T06:31:08.038Z,dry,ETH-USD,7,place,sell,2729.1,0.0091,quote-ask,back off: book leaning up,8ae01daef223192262917079a962065b
2026-09-22T06:31:08.149Z,dry,ETH-USD,7,place,buy,2728,0.0091,quote-bid,back off: book leaning down,d4e43c6cba322d3e32bee504b95ec60e
2026-09-22T06:31:08.350Z,dry,BTC-USD,6,place,buy,85314,0.00029,quote-bid,back off: holding inventory,1aee53a5fe76ec9455587224a50ddb6b
2026-09-22T06:31:08.753Z,dry,BTC-USD,6,cancel,sell,85329,0.00029,quote-ask,target moved 85329 -> 85316,37a924d7bbcc02a63cfc8feb62358d9d
2026-09-22T06:31:08.849Z,dry,BTC-USD,6,place,sell,85316,0.00029,quote-ask,rejoin best,79fa351adaf55dcef57e0edff32cc513
2026-09-22T06:31:08.941Z,dry,ETH-USD,7,cancel,buy,2728,0.0091,quote-bid,target moved 2728 -> 2728.1,d4e43c6cba322d3e32bee504b95ec60e
2026-09-22T06:31:09.034Z,dry,ETH-USD,7,cancel,sell,2729.1,0.0091,quote-ask,target moved 2729.1 -> 2728.4,8ae01daef223192262917079a962065b
2026-09-22T06:31:09.132Z,dry,ETH-USD,7,place,buy,2728.1,0.0091,quote-bid,back off: book leaning down,d9c509df8c17167c3ac3934499105b6c
2026-09-22T06:31:09.224Z,dry,ETH-USD,7,place,sell,2728.4,0.0091,quote-ask,back off: holding back-off,526a8bb615d00decb00fa26a12862683
2026-09-22T06:31:09.364Z,dry,ETH-USD,7,cancel,sell,2728.4,0.0091,quote-ask,target moved 2728.4 -> 2728.3,526a8bb615d00decb00fa26a12862683
2026-09-22T06:31:09.457Z,dry,ETH-USD,7,place,sell,2728.3,0.0091,quote-ask,rejoin best,392785b34de39cacd3dad34f423c69b9
2026-09-22T06:31:09.975Z,dry,BTC-USD,6,place,sell,85320,0.00029,quote-ask,back off: book leaning up,42047c0d08b13575d7f54d073e0769b3
2026-09-22T06:31:10.070Z,dry,ETH-USD,7,place,sell,2728.8,0.0091,quote-ask,back off: holding back-off,f55016eb0b584ac51aac320e79c0a63e
2026-09-22T06:31:10.174Z,dry,BTC-USD,6,place,sell,85326,0.00029,quote-ask,back off: holding back-off,cdf0fe91137d108e23ded5debd744e5b
2026-09-22T06:31:10.579Z,dry,BTC-USD,6,cancel,buy,85314,0.00029,quote-bid,target moved 85314 -> 85322,1aee53a5fe76ec9455587224a50ddb6b
2026-09-22T06:31:10.674Z,dry,BTC-USD,6,place,buy,85322,0.00029,quote-bid,back off: holding back-off,51b01b3429ee057feda37d309d6dc0c6
2026-09-22T06:31:10.765Z,dry,ETH-USD,7,cancel,buy,2728.1,0.0091,quote-bid,target moved 2728.1 -> 2728.5,d9c509df8c17167c3ac3934499105b6c
2026-09-22T06:31:10.856Z,dry,ETH-USD,7,place,buy,2728.5,0.0091,quote-bid,back off: holding back-off,6ec3bd4c09f6795ca49ebac6ff1220fb
2026-09-22T06:31:10.983Z,dry,BTC-USD,6,cancel,sell,85326,0.00029,quote-ask,target moved 85326 -> 85325,cdf0fe91137d108e23ded5debd744e5b
2026-09-22T06:31:11.079Z,dry,BTC-USD,6,place,sell,85325,0.00029,quote-ask,back off: book leaning up,2adcaf3995b5da440f93afe56d5e1355
2026-09-22T06:31:11.169Z,dry,ETH-USD,7,cancel,buy,2728.5,0.0091,quote-bid,target moved 2728.5 -> 2728.6,6ec3bd4c09f6795ca49ebac6ff1220fb
2026-09-22T06:31:11.260Z,dry,ETH-USD,7,place,buy,2728.6,0.0091,quote-bid,rejoin best,c7b26824236ad40b646ceaefb234e5ae
2026-09-22T06:31:11.389Z,dry,BTC-USD,6,cancel,buy,85322,0.00029,quote-bid,target moved 85322 -> 85323,51b01b3429ee057feda37d309d6dc0c6
2026-09-22T06:31:11.486Z,dry,BTC-USD,6,place,buy,85323,0.00029,quote-bid,rejoin best,f96c129ebec2eaddd1a0b668e98272c4
2026-09-22T06:31:11.579Z,dry,ETH-USD,7,place,sell,2729.3,0.0091,quote-ask,back off: book leaning up,5915037a97af4b5129199d51e2d5b106
2026-09-22T06:31:11.796Z,dry,ETH-USD,7,cancel,sell,2729.3,0.0091,quote-ask,target moved 2729.3 -> 2729.1,5915037a97af4b5129199d51e2d5b106
2026-09-22T06:31:11.887Z,dry,ETH-USD,7,place,sell,2729.1,0.0091,quote-ask,back off: holding inventory,f006e96f5c1d5c1077b17bea595d2788
2026-09-22T06:31:12.199Z,dry,ETH-USD,7,cancel,buy,2728.6,0.0091,quote-bid,target moved 2728.6 -> 2728.9,c7b26824236ad40b646ceaefb234e5ae
2026-09-22T06:31:12.296Z,dry,ETH-USD,7,place,buy,2728.9,0.0091,quote-bid,rejoin best,6d4a68a3062401bbf6e834a331ff065a
2026-09-22T06:31:13.215Z,dry,BTC-USD,6,cancel,sell,85325,0.00029,quote-ask,target moved 85325 -> 85324,2adcaf3995b5da440f93afe56d5e1355
2026-09-22T06:31:13.310Z,dry,BTC-USD,6,place,sell,85324,0.00029,quote-ask,rejoin best,0e100f345210794dc06f84a86aa7f54f
2026-09-22T06:31:13.621Z,dry,BTC-USD,6,cancel,sell,85324,0.00029,quote-ask,target moved 85324 -> 85325,0e100f345210794dc06f84a86aa7f54f
2026-09-22T06:31:13.716Z,dry,BTC-USD,6,place,sell,85325,0.00029,quote-ask,back off: book leaning up,5ca61ca6831ee23304d29cf27d701c26
2026-09-22T06:31:14.838Z,dry,ETH-USD,7,cancel,buy,2728.9,0.0091,quote-bid,target moved 2728.9 -> 2728.8,6d4a68a3062401bbf6e834a331ff065a
2026-09-22T06:31:14.934Z,dry,ETH-USD,7,place,buy,2728.8,0.0091,quote-bid,back off: book leaning down,e78f293ebeadaebd90f1a555c4dd8cff
2026-09-22T06:31:17.064Z,dry,ETH-USD,7,cancel,buy,2728.8,0.0091,quote-bid,target moved 2728.8 -> 2728.9,e78f293ebeadaebd90f1a555c4dd8cff
2026-09-22T06:31:17.158Z,dry,ETH-USD,7,place,buy,2728.9,0.0091,quote-bid,rejoin best,8afaf4ee37f08a03d2c0bb80256fd32f
2026-09-22T06:31:18.083Z,dry,ETH-USD,7,place,sell,2729.7,0.0091,quote-ask,back off: holding inventory,973b70b1a6aa1b44f0d8dbafe9c4e7ea
2026-09-22T06:31:18.286Z,dry,BTC-USD,6,place,sell,85329,0.00029,quote-ask,back off: holding inventory,2c57ce7649bf3a8b7da7f28d7dcfaccd
2026-09-22T06:31:18.687Z,dry,BTC-USD,6,cancel,buy,85323,0.00029,quote-bid,target moved 85323 -> 85327,f96c129ebec2eaddd1a0b668e98272c4
2026-09-22T06:31:18.782Z,dry,BTC-USD,6,place,buy,85327,0.00029,quote-bid,rejoin best,1ca198b25a236401b259cb93b43befbf
2026-09-22T06:31:18.874Z,dry,ETH-USD,7,cancel,sell,2729.7,0.0091,quote-ask,target moved 2729.7 -> 2729.4,973b70b1a6aa1b44f0d8dbafe9c4e7ea
2026-09-22T06:31:18.968Z,dry,ETH-USD,7,place,sell,2729.4,0.0091,quote-ask,back off: holding inventory,61ddb52cdc63332c1c261903baff5b25
2026-09-22T06:31:19.090Z,dry,ETH-USD,7,cancel,buy,2728.9,0.0091,quote-bid,target moved 2728.9 -> 2729.1,8afaf4ee37f08a03d2c0bb80256fd32f
2026-09-22T06:31:19.186Z,dry,ETH-USD,7,place,buy,2729.1,0.0091,quote-bid,back off: book leaning down,d711962fca36165b07655e80fce79f0a
2026-09-22T06:31:19.900Z,dry,ETH-USD,7,cancel,buy,2729.1,0.0091,quote-bid,target moved 2729.1 -> 2729.3,d711962fca36165b07655e80fce79f0a
2026-09-22T06:31:19.996Z,dry,ETH-USD,7,place,buy,2729.3,0.0091,quote-bid,back off: book leaning down,d5e7ec4b262bb4993e8b8ead2618c5b8
2026-09-22T06:31:21.116Z,dry,ETH-USD,7,cancel,buy,2729.3,0.0091,quote-bid,target moved 2729.3 -> 2729.4,d5e7ec4b262bb4993e8b8ead2618c5b8
2026-09-22T06:31:21.212Z,dry,ETH-USD,7,place,buy,2729.4,0.0091,quote-bid,rejoin best,62f9eaeeee85ff960baff876358df392
2026-09-22T06:31:23.148Z,dry,BTC-USD,6,place,sell,85337,0.00029,quote-ask,back off: holding inventory,1f83b38ddd3532b42ccf0e78dbd3a0d3
2026-09-22T06:31:23.552Z,dry,BTC-USD,6,cancel,buy,85327,0.00029,quote-bid,target moved 85327 -> 85335,1ca198b25a236401b259cb93b43befbf
2026-09-22T06:31:23.646Z,dry,BTC-USD,6,place,buy,85335,0.00029,quote-bid,rejoin best,0fed09e61e46d02ebaaf6e23f76e3edd
2026-09-22T06:31:29.256Z,dry,ETH-USD,7,cancel,buy,2729.4,0.0091,quote-bid,target moved 2729.4 -> 2729.5,62f9eaeeee85ff960baff876358df392
2026-09-22T06:31:29.338Z,dry,ETH-USD,7,place,buy,2729.5,0.0091,quote-bid,rejoin best,2e407b74785afd2abddb550a68fbd519
2026-09-22T06:31:30.687Z,dry,BTC-USD,6,cancel,buy,85335,0.00029,quote-bid,target moved 85335 -> 85340,0fed09e61e46d02ebaaf6e23f76e3edd
2026-09-22T06:31:30.782Z,dry,BTC-USD,6,place,buy,85340,0.00029,quote-bid,rejoin best,5bc082b8c6fcec0f49a35713e1819a61
2026-09-22T06:31:30.874Z,dry,ETH-USD,7,cancel,buy,2729.5,0.0091,quote-bid,target moved 2729.5 -> 2729.6,2e407b74785afd2abddb550a68fbd519
2026-09-22T06:31:30.971Z,dry,ETH-USD,7,place,buy,2729.6,0.0091,quote-bid,back off: book leaning down,7f79cb3e359ab6102d507e1a0873db89
2026-09-22T06:31:31.501Z,dry,ETH-USD,7,place,buy,2729.1,0.0091,quote-bid,back off: holding back-off,45913eff08570c84195cc46bb410b3fd
2026-09-22T06:31:31.598Z,dry,ETH-USD,7,place,sell,2729.6,0.0091,quote-ask,back off: book leaning up,5bea64d2e626006b08f6a6a7de8cbac2
2026-09-22T06:31:32.110Z,dry,ETH-USD,7,cancel,buy,2729.1,0.0091,quote-bid,target moved 2729.1 -> 2729.3,45913eff08570c84195cc46bb410b3fd
2026-09-22T06:31:32.205Z,dry,ETH-USD,7,place,buy,2729.3,0.0091,quote-bid,back off: holding back-off,fa5abb2a2bcb6b480bc38408b903e75a
2026-09-22T06:31:32.514Z,dry,ETH-USD,7,cancel,buy,2729.3,0.0091,quote-bid,target moved 2729.3 -> 2729.4,fa5abb2a2bcb6b480bc38408b903e75a
2026-09-22T06:31:32.610Z,dry,ETH-USD,7,place,buy,2729.4,0.0091,quote-bid,rejoin best,e1d84fe565789059b8999b85b0c3f865
2026-09-22T06:31:33.726Z,dry,ETH-USD,7,cancel,buy,2729.4,0.0091,quote-bid,target moved 2729.4 -> 2729.7,e1d84fe565789059b8999b85b0c3f865
2026-09-22T06:31:33.821Z,dry,ETH-USD,7,place,buy,2729.7,0.0091,quote-bid,rejoin best,bcc84d5d4fa33d4d68a1722b009b36da
2026-09-22T06:31:33.928Z,dry,BTC-USD,6,cancel,buy,85340,0.00029,quote-bid,target moved 85340 -> 85349,5bc082b8c6fcec0f49a35713e1819a61
2026-09-22T06:31:34.023Z,dry,BTC-USD,6,place,buy,85349,0.00029,quote-bid,rejoin best,81c3fd22f6ab4e789590e633f6d0ef1d
2026-09-22T06:31:34.536Z,dry,ETH-USD,7,cancel,buy,2729.7,0.0091,quote-bid,target moved 2729.7 -> 2729.6,bcc84d5d4fa33d4d68a1722b009b36da
2026-09-22T06:31:34.632Z,dry,ETH-USD,7,place,buy,2729.6,0.0091,quote-bid,back off: book leaning down,7017c71163c8c34100d1c60c3d41dc39
2026-09-22T06:31:37.973Z,dry,ETH-USD,7,cancel,buy,2729.6,0.0091,quote-bid,target moved 2729.6 -> 2729.8,7017c71163c8c34100d1c60c3d41dc39
2026-09-22T06:31:38.066Z,dry,ETH-USD,7,place,buy,2729.8,0.0091,quote-bid,back off: holding back-off,62b23675de8b3d685047da07e3254329
2026-09-22T06:31:38.785Z,dry,BTC-USD,6,cancel,buy,85349,0.00029,quote-bid,target moved 85349 -> 85370,81c3fd22f6ab4e789590e633f6d0ef1d
2026-09-22T06:31:38.880Z,dry,BTC-USD,6,place,buy,85370,0.00029,quote-bid,rejoin best,6aed50ccf7aba79220584f501aea625c
2026-09-22T06:31:38.972Z,dry,ETH-USD,7,cancel,buy,2729.8,0.0091,quote-bid,target moved 2729.8 -> 2730.3,62b23675de8b3d685047da07e3254329
2026-09-22T06:31:39.082Z,dry,ETH-USD,7,place,buy,2730.3,0.0091,quote-bid,back off: book leaning down,2778c9cf89a90d4fbb430fd472075549
2026-09-22T06:31:40.216Z,dry,BTC-USD,6,cancel,buy,85370,0.00029,quote-bid,target moved 85370 -> 85382,6aed50ccf7aba79220584f501aea625c
2026-09-22T06:31:40.312Z,dry,BTC-USD,6,place,buy,85382,0.00029,quote-bid,rejoin best,47f41fa60799f4afed85f1a36b64d5f3
2026-09-22T06:31:40.402Z,dry,ETH-USD,7,cancel,buy,2730.3,0.0091,quote-bid,target moved 2730.3 -> 2730.7,2778c9cf89a90d4fbb430fd472075549
2026-09-22T06:31:40.499Z,dry,ETH-USD,7,place,buy,2730.7,0.0091,quote-bid,back off: book leaning down,021145614c1a67289f94761567cccc00
2026-09-22T06:31:42.033Z,dry,BTC-USD,6,cancel,buy,85382,0.00029,quote-bid,target moved 85382 -> 85393,47f41fa60799f4afed85f1a36b64d5f3
2026-09-22T06:31:42.129Z,dry,BTC-USD,6,place,buy,85393,0.00029,quote-bid,rejoin best,2ba0147db4b33d6873d736881289a68e
2026-09-22T06:31:43.249Z,dry,ETH-USD,7,cancel,buy,2730.7,0.0091,quote-bid,target moved 2730.7 -> 2730.8,021145614c1a67289f94761567cccc00
2026-09-22T06:31:43.346Z,dry,ETH-USD,7,place,buy,2730.8,0.0091,quote-bid,back off: book leaning down,e5cf3f23e15ba2c038460e9f4a3d3f38
2026-09-22T06:31:44.466Z,dry,BTC-USD,6,place,buy,85390,0.00029,quote-bid,back off: book leaning down,ee49f4fa3a7c23df32c3547a2ebdc94e
2026-09-22T06:31:44.557Z,dry,BTC-USD,6,place,sell,85393,0.00029,quote-ask,back off: holding inventory,30b3aa935ea498f2e4569fc631f99e66
2026-09-22T06:31:44.656Z,dry,ETH-USD,7,place,buy,2730.4,0.0091,quote-bid,back off: book leaning down,8e04c3bffe24726f69bac15681ace901
2026-09-22T06:31:44.749Z,dry,ETH-USD,7,place,sell,2730.7,0.0091,quote-ask,back off: holding inventory,dc81a097e79f156cd90fd1b0cb02f1d0
2026-09-22T06:31:45.479Z,dry,BTC-USD,6,cancel,buy,85390,0.00029,quote-bid,target moved 85390 -> 85391,ee49f4fa3a7c23df32c3547a2ebdc94e
2026-09-22T06:31:45.574Z,dry,BTC-USD,6,place,buy,85391,0.00029,quote-bid,rejoin best,e3cb8967d4f1e58f3ca692f5f09358fc
2026-09-22T06:31:48.111Z,dry,ETH-USD,7,cancel,buy,2730.4,0.0091,quote-bid,target moved 2730.4 -> 2730.5,8e04c3bffe24726f69bac15681ace901
2026-09-22T06:31:48.208Z,dry,ETH-USD,7,place,buy,2730.5,0.0091,quote-bid,rejoin best,e2efd111560c81e5a6a0ca44912ca915
2026-09-22T06:31:49.725Z,dry,BTC-USD,6,cancel,buy,85391,0.00029,quote-bid,target moved 85391 -> 85403,e3cb8967d4f1e58f3ca692f5f09358fc
2026-09-22T06:31:49.821Z,dry,BTC-USD,6,place,buy,85403,0.00029,quote-bid,back off: book leaning down,d4b2f7da2300514f7a9b77008ce62790
2026-09-22T06:31:49.913Z,dry,ETH-USD,7,cancel,buy,2730.5,0.0091,quote-bid,target moved 2730.5 -> 2730.7,e2efd111560c81e5a6a0ca44912ca915
2026-09-22T06:31:50.007Z,dry,ETH-USD,7,place,buy,2730.7,0.0091,quote-bid,back off: book leaning down,cf00e62816f8b93e49a0959f076e5767
2026-09-22T06:31:51.549Z,dry,BTC-USD,6,cancel,buy,85403,0.00029,quote-bid,target moved 85403 -> 85404,d4b2f7da2300514f7a9b77008ce62790
2026-09-22T06:31:51.643Z,dry,BTC-USD,6,place,buy,85404,0.00029,quote-bid,rejoin best,6683771d5f709e452ec63a4c61831407
2026-09-22T06:31:51.952Z,dry,BTC-USD,6,cancel,buy,85404,0.00029,quote-bid,target moved 85404 -> 85403,6683771d5f709e452ec63a4c61831407
2026-09-22T06:31:52.046Z,dry,BTC-USD,6,place,buy,85403,0.00029,quote-bid,back off: book leaning down,4fad50e5894dd21eebc5599c7c10b7c2
2026-09-22T06:31:55.190Z,dry,ETH-USD,7,cancel,buy,2730.7,0.0091,quote-bid,target moved 2730.7 -> 2730.8,cf00e62816f8b93e49a0959f076e5767
2026-09-22T06:31:55.277Z,dry,ETH-USD,7,place,buy,2730.8,0.0091,quote-bid,back off: holding back-off,b53b8267888eba53030d07e73d2dab58
2026-09-22T06:31:55.798Z,dry,BTC-USD,6,cancel,buy,85403,0.00029,quote-bid,target moved 85403 -> 85416,4fad50e5894dd21eebc5599c7c10b7c2
2026-09-22T06:31:55.895Z,dry,BTC-USD,6,place,buy,85416,0.00029,quote-bid,back off: holding back-off,0459ce164e53cbd8398d59b02252562a
2026-09-22T06:31:56.203Z,dry,BTC-USD,6,cancel,buy,85416,0.00029,quote-bid,target moved 85416 -> 85417,0459ce164e53cbd8398d59b02252562a
2026-09-22T06:31:56.298Z,dry,BTC-USD,6,place,buy,85417,0.00029,quote-bid,rejoin best,30d7deeeeb154dea4256d28ca4469f8c
2026-09-22T06:31:57.817Z,dry,ETH-USD,7,cancel,buy,2730.8,0.0091,quote-bid,target moved 2730.8 -> 2731.6,b53b8267888eba53030d07e73d2dab58
2026-09-22T06:31:57.911Z,dry,ETH-USD,7,place,buy,2731.6,0.0091,quote-bid,back off: book leaning down,e14d53190bdaac75b4f3dd559fced2b0
2026-09-22T06:31:58.425Z,dry,BTC-USD,6,cancel,buy,85417,0.00029,quote-bid,target moved 85417 -> 85443,30d7deeeeb154dea4256d28ca4469f8c
2026-09-22T06:31:58.519Z,dry,BTC-USD,6,place,buy,85443,0.00029,quote-bid,back off: book leaning down,0da121500f91301892f4aa14e335b06a
2026-09-22T06:31:58.627Z,dry,ETH-USD,7,cancel,buy,2731.6,0.0091,quote-bid,target moved 2731.6 -> 2731.7,e14d53190bdaac75b4f3dd559fced2b0
2026-09-22T06:31:58.723Z,dry,ETH-USD,7,place,buy,2731.7,0.0091,quote-bid,back off: book leaning down,21bfb65a6b99ff2b19b02ca84f1d2a9b
2026-09-22T06:31:59.639Z,dry,BTC-USD,6,cancel,buy,85443,0.00029,quote-bid,target moved 85443 -> 85444,0da121500f91301892f4aa14e335b06a
2026-09-22T06:31:59.734Z,dry,BTC-USD,6,place,buy,85444,0.00029,quote-bid,rejoin best,d0b2658f4c0f0de63e3dea6a0371107b
2026-09-22T06:32:00.043Z,dry,BTC-USD,6,cancel,buy,85444,0.00029,quote-bid,target moved 85444 -> 85443,d0b2658f4c0f0de63e3dea6a0371107b
2026-09-22T06:32:00.140Z,dry,BTC-USD,6,place,buy,85443,0.00029,quote-bid,back off: book leaning down,a8e577e65a3c1988c3c7537a84f24721
2026-09-22T06:32:00.448Z,dry,ETH-USD,7,place,buy,2731.3,0.0091,quote-bid,back off: book leaning down,69b55f9f701decb67d7568b05af0be1d
2026-09-22T06:32:00.541Z,dry,ETH-USD,7,place,sell,2731.6,0.0091,quote-ask,back off: holding inventory,d8bb030cf834672229f712542e373be8
2026-09-22T06:32:00.651Z,dry,BTC-USD,6,place,buy,85436,0.00029,quote-bid,back off: holding back-off,7ebee66a19f070ecb4b2f6742adb99f3
2026-09-22T06:32:00.745Z,dry,BTC-USD,6,place,sell,85439,0.00029,quote-ask,back off: holding inventory,53cd167ebc100754c42ff3b0eedaa8bc
2026-09-22T06:32:03.896Z,dry,ETH-USD,7,cancel,buy,2731.3,0.0091,quote-bid,target moved 2731.3 -> 2731.4,69b55f9f701decb67d7568b05af0be1d
2026-09-22T06:32:03.992Z,dry,ETH-USD,7,place,buy,2731.4,0.0091,quote-bid,rejoin best,ab75ffe8e179e2223818149bfdb766c5
2026-09-22T06:32:04.100Z,dry,BTC-USD,6,place,buy,85431,0.00029,quote-bid,back off: holding back-off,3becf0d40c1dbdca213d500529cc0a66
2026-09-22T06:32:04.300Z,dry,ETH-USD,7,cancel,buy,2731.4,0.0091,quote-bid,target moved 2731.4 -> 2731.3,ab75ffe8e179e2223818149bfdb766c5
2026-09-22T06:32:04.395Z,dry,ETH-USD,7,place,buy,2731.3,0.0091,quote-bid,back off: book leaning down,97132cf576ef74a9b10c2ffbab1a1e3f
2026-09-22T06:32:04.502Z,dry,BTC-USD,6,cancel,sell,85439,0.00029,quote-ask,target moved 85439 -> 85434,53cd167ebc100754c42ff3b0eedaa8bc
2026-09-22T06:32:04.598Z,dry,BTC-USD,6,place,sell,85434,0.00029,quote-ask,back off: holding inventory,8cdd515c73c35d7c378a0a127d4d5535
2026-09-22T06:32:04.907Z,dry,BTC-USD,6,cancel,buy,85431,0.00029,quote-bid,target moved 85431 -> 85432,3becf0d40c1dbdca213d500529cc0a66
2026-09-22T06:32:05.000Z,dry,BTC-USD,6,place,buy,85432,0.00029,quote-bid,rejoin best,56638e19b5206000531c6d5dd187600c
2026-09-22T06:32:05.312Z,dry,BTC-USD,6,cancel,buy,85432,0.00029,quote-bid,target moved 85432 -> 85431,56638e19b5206000531c6d5dd187600c
2026-09-22T06:32:05.407Z,dry,BTC-USD,6,place,buy,85431,0.00029,quote-bid,back off: book leaning down,172099b0adf5b0a1118be885924c2683
2026-09-22T06:32:05.500Z,dry,ETH-USD,7,cancel,buy,2731.3,0.0091,quote-bid,target moved 2731.3 -> 2731.4,97132cf576ef74a9b10c2ffbab1a1e3f
2026-09-22T06:32:05.596Z,dry,ETH-USD,7,place,buy,2731.4,0.0091,quote-bid,back off: holding back-off,d4b5a22c7e526ab42bb83993c5dc0663
2026-09-22T06:32:05.719Z,dry,ETH-USD,7,cancel,sell,2731.6,0.0091,quote-ask,target moved 2731.6 -> 2731.7,d8bb030cf834672229f712542e373be8
2026-09-22T06:32:05.816Z,dry,ETH-USD,7,place,sell,2731.7,0.0091,quote-ask,back off: holding inventory,a8d7528f55edb0c7870e3b24c370bd5a
2026-09-22T06:32:06.129Z,dry,BTC-USD,6,place,buy,85416,0.00029,quote-bid,back off: holding back-off,7abd428c52134ccce0d1c8a429a0c02b
2026-09-22T06:32:06.222Z,dry,ETH-USD,7,place,buy,2730.7,0.0091,quote-bid,back off: holding back-off,569f11d9ed3f2d3c7be7b2a4f8b04088
2026-09-22T06:32:06.532Z,dry,BTC-USD,6,cancel,sell,85434,0.00029,quote-ask,target moved 85434 -> 85419,8cdd515c73c35d7c378a0a127d4d5535
2026-09-22T06:32:06.626Z,dry,BTC-USD,6,place,sell,85419,0.00029,quote-ask,back off: book leaning up,9bfb76cce683cd8c45ac8122193f992f
2026-09-22T06:32:06.716Z,dry,ETH-USD,7,cancel,sell,2731.7,0.0091,quote-ask,target moved 2731.7 -> 2731.3,a8d7528f55edb0c7870e3b24c370bd5a
2026-09-22T06:32:06.806Z,dry,ETH-USD,7,place,sell,2731.3,0.0091,quote-ask,back off: holding inventory,096fb0481c15b7118a52e9143ac79cb5
2026-09-22T06:32:06.934Z,dry,ETH-USD,7,cancel,buy,2730.7,0.0091,quote-bid,target moved 2730.7 -> 2731,569f11d9ed3f2d3c7be7b2a4f8b04088
2026-09-22T06:32:07.031Z,dry,ETH-USD,7,place,buy,2731,0.0091,quote-bid,back off: book leaning down,2998f443c4b0e3198fc9083ebd312ce8
2026-09-22T06:32:07.340Z,dry,ETH-USD,7,place,buy,2730.7,0.0091,quote-bid,back off: holding back-off,b428284cdb465454085ebe7249e78e7e
2026-09-22T06:32:07.538Z,dry,BTC-USD,6,cancel,sell,85419,0.00029,quote-ask,target moved 85419 -> 85418,9bfb76cce683cd8c45ac8122193f992f
2026-09-22T06:32:07.633Z,dry,BTC-USD,6,place,sell,85418,0.00029,quote-ask,rejoin best,03dc613c6638c44edb5a7c9ab8655fcf
2026-09-22T06:32:07.739Z,dry,ETH-USD,7,cancel,sell,2731.3,0.0091,quote-ask,target moved 2731.3 -> 2731.1,096fb0481c15b7118a52e9143ac79cb5
2026-09-22T06:32:07.834Z,dry,ETH-USD,7,place,sell,2731.1,0.0091,quote-ask,back off: holding back-off,e6452189ff0c3dea598901ce45d6fb18
2026-09-22T06:32:08.143Z,dry,ETH-USD,7,cancel,sell,2731.1,0.0091,quote-ask,target moved 2731.1 -> 2731,e6452189ff0c3dea598901ce45d6fb18
2026-09-22T06:32:08.238Z,dry,ETH-USD,7,place,sell,2731,0.0091,quote-ask,rejoin best,084b9dd1af2011466d94e2006d09eee6
2026-09-22T06:32:08.330Z,dry,ETH-USD,7,reject,sell,2731,0.0091,quote-ask,post only order would cross,084b9dd1af2011466d94e2006d09eee6
2026-09-22T06:32:08.343Z,dry,ETH-USD,7,place,sell,2731.1,0.0091,quote-ask,join best,7528f6377e46d1812c6108733766c99e
2026-09-22T06:32:08.754Z,dry,ETH-USD,7,cancel,buy,2730.7,0.0091,quote-bid,target moved 2730.7 -> 2730.9,b428284cdb465454085ebe7249e78e7e
2026-09-22T06:32:08.854Z,dry,ETH-USD,7,place,buy,2730.9,0.0091,quote-bid,back off: book leaning down,3e746cee117f9f882fcf8339009625ec
2026-09-22T06:32:09.974Z,dry,ETH-USD,7,place,buy,2730.4,0.0091,quote-bid,back off: holding inventory,2aaba628ce4d665560b5bbd23d11732a
2026-09-22T06:32:10.581Z,dry,ETH-USD,7,cancel,sell,2731.1,0.0091,quote-ask,target moved 2731.1 -> 2730.6,7528f6377e46d1812c6108733766c99e
2026-09-22T06:32:10.677Z,dry,ETH-USD,7,place,sell,2730.6,0.0091,quote-ask,rejoin best,85fb776494bb4c384aa1873b0c9ab489
2026-09-22T06:32:11.598Z,dry,ETH-USD,7,place,sell,2730.9,0.0091,quote-ask,back off: holding back-off,fddc7a6671f618374c26ad1618ad05aa
2026-09-22T06:32:11.798Z,dry,BTC-USD,6,place,sell,85426,0.00029,quote-ask,back off: holding inventory,89d04a34ab2432753816cec956c4112c
2026-09-22T06:32:11.893Z,dry,ETH-USD,7,place,sell,2731.4,0.0091,quote-ask,back off: holding inventory,0a3f5f2e76b80a27106d3cb56c232edd
2026-09-22T06:32:12.407Z,dry,ETH-USD,7,cancel,buy,2730.4,0.0091,quote-bid,target moved 2730.4 -> 2730.8,2aaba628ce4d665560b5bbd23d11732a
2026-09-22T06:32:12.502Z,dry,ETH-USD,7,cancel,sell,2731.4,0.0091,quote-ask,target moved 2731.4 -> 2731.1,0a3f5f2e76b80a27106d3cb56c232edd
2026-09-22T06:32:12.595Z,dry,ETH-USD,7,place,buy,2730.8,0.0091,quote-bid,back off: holding back-off,f07a65aee9e9babb3be88f76ef6dd7b7
2026-09-22T06:32:12.690Z,dry,ETH-USD,7,place,sell,2731.1,0.0091,quote-ask,back off: holding inventory,cec38a026d6aa2d3709502ad150b6266
2026-09-22T06:32:12.812Z,dry,BTC-USD,6,cancel,buy,85416,0.00029,quote-bid,target moved 85416 -> 85424,7abd428c52134ccce0d1c8a429a0c02b
2026-09-22T06:32:12.904Z,dry,BTC-USD,6,cancel,sell,85426,0.00029,quote-ask,target moved 85426 -> 85427,89d04a34ab2432753816cec956c4112c
2026-09-22T06:32:12.999Z,dry,BTC-USD,6,place,buy,85424,0.00029,quote-bid,back off: book leaning down,fcdaf3a858ff64c44c266ac5b58feda8
2026-09-22T06:32:13.093Z,dry,BTC-USD,6,place,sell,85427,0.00029,quote-ask,back off: holding inventory,2bf506d7b802efd3d31ccb3fe795a7c7
2026-09-22T06:32:13.186Z,dry,ETH-USD,7,cancel,buy,2730.8,0.0091,quote-bid,target moved 2730.8 -> 2731.2,f07a65aee9e9babb3be88f76ef6dd7b7
2026-09-22T06:32:13.282Z,dry,ETH-USD,7,place,buy,2731.2,0.0091,quote-bid,rejoin best,85f4cfd4c7cfef44cb01798d2c87b3c9
2026-09-22T06:32:13.374Z,dry,ETH-USD,7,place,sell,2731.4,0.0091,quote-ask,back off: holding inventory,ed7c49f5fee5b28ae0a7dae5d897f461
2026-09-22T06:32:13.463Z,dry,ETH-USD,7,reject,sell,2731.4,0.0091,quote-ask,post only order would cross,ed7c49f5fee5b28ae0a7dae5d897f461
2026-09-22T06:32:13.624Z,dry,ETH-USD,7,place,sell,2731.6,0.0091,quote-ask,back off: holding inventory,90bcf604ec2ba2125b926cb21a262cc8
2026-09-22T06:32:14.026Z,dry,ETH-USD,7,cancel,buy,2731.2,0.0091,quote-bid,target moved 2731.2 -> 2731.3,85f4cfd4c7cfef44cb01798d2c87b3c9
2026-09-22T06:32:14.123Z,dry,ETH-USD,7,place,buy,2731.3,0.0091,quote-bid,back off: book leaning down,10d11a239a0602187137379d43b114e1
2026-09-22T06:32:14.229Z,dry,BTC-USD,6,cancel,buy,85424,0.00029,quote-bid,target moved 85424 -> 85432,fcdaf3a858ff64c44c266ac5b58feda8
2026-09-22T06:32:14.323Z,dry,BTC-USD,6,place,buy,85432,0.00029,quote-bid,rejoin best,3a759196c5230deffd67453b246d5482
2026-09-22T06:32:17.270Z,dry,ETH-USD,7,place,buy,2730.8,0.0091,quote-bid,back off: holding back-off,ca8f0b1fff1dc70baa349b647c1fa0e5
2026-09-22T06:32:17.473Z,dry,BTC-USD,6,place,buy,85423,0.00029,quote-bid,back off: book leaning down,97b0fc0ef8751767ad039baf273dd12e
2026-09-22T06:32:17.567Z,dry,BTC-USD,6,place,sell,85432,0.00029,quote-ask,back off: holding inventory,aea8c1636ba925dfce90c2e03091ff29
2026-09-22T06:32:18.082Z,dry,BTC-USD,6,cancel,buy,85423,0.00029,quote-bid,target moved 85423 -> 85424,97b0fc0ef8751767ad039baf273dd12e
2026-09-22T06:32:18.175Z,dry,BTC-USD,6,cancel,sell,85432,0.00029,quote-ask,target moved 85432 -> 85427,aea8c1636ba925dfce90c2e03091ff29
2026-09-22T06:32:18.270Z,dry,BTC-USD,6,place,buy,85424,0.00029,quote-bid,back off: holding back-off,36756ab65f4c147cac66a1d97b7bd7cb
2026-09-22T06:32:18.359Z,dry,BTC-USD,6,place,sell,85427,0.00029,quote-ask,back off: holding inventory,0d4b1e611184e752eb6f7bececfba337
2026-09-22T06:32:18.487Z,dry,BTC-USD,6,cancel,buy,85424,0.00029,quote-bid,target moved 85424 -> 85425,36756ab65f4c147cac66a1d97b7bd7cb
2026-09-22T06:32:18.583Z,dry,BTC-USD,6,place,buy,85425,0.00029,quote-bid,rejoin best,695dc606491e6d058f99668abcdb5837
2026-09-22T06:32:18.675Z,dry,ETH-USD,7,cancel,buy,2730.8,0.0091,quote-bid,target moved 2730.8 -> 2731.1,ca8f0b1fff1dc70baa349b647c1fa0e5
2026-09-22T06:32:18.768Z,dry,ETH-USD,7,cancel,sell,2731.6,0.0091,quote-ask,target moved 2731.6 -> 2731.4,90bcf604ec2ba2125b926cb21a262cc8
2026-09-22T06:32:18.859Z,dry,ETH-USD,7,place,buy,2731.1,0.0091,quote-bid,back off: book leaning down,00d3822fd1f13e5b3e880873c82fea32
2026-09-22T06:32:18.957Z,dry,ETH-USD,7,place,sell,2731.4,0.0091,quote-ask,back off: holding inventory,e41642fec0933cf8f7429e6674ccd66e
2026-09-22T06:32:19.504Z,dry,ETH-USD,7,cancel,buy,2731.1,0.0091,quote-bid,target moved 2731.1 -> 2731.2,00d3822fd1f13e5b3e880873c82fea32
2026-09-22T06:32:19.600Z,dry,ETH-USD,7,place,buy,2731.2,0.0091,quote-bid,back off: book leaning down,4f3cf9c87be7060364401ec9fbb622a2
2026-09-22T06:32:19.708Z,dry,ETH-USD,7,place,sell,2731.8,0.0091,quote-ask,back off: holding inventory,23fb6130ba2311741adb4c34dfa2b739
2026-09-22T06:32:20.113Z,dry,BTC-USD,6,cancel,buy,85425,0.00029,quote-bid,target moved 85425 -> 85437,695dc606491e6d058f99668abcdb5837
2026-09-22T06:32:20.210Z,dry,BTC-USD,6,place,buy,85437,0.00029,quote-bid,rejoin best,6627c2e9005605a4852dacfda1d20519
2026-09-22T06:32:20.300Z,dry,ETH-USD,7,cancel,buy,2731.2,0.0091,quote-bid,target moved 2731.2 -> 2731.5,4f3cf9c87be7060364401ec9fbb622a2
2026-09-22T06:32:20.397Z,dry,ETH-USD,7,place,buy,2731.5,0.0091,quote-bid,back off: book leaning down,244a9f952b1f1cf4675ef462c6259779
2026-09-22T06:32:20.723Z,dry,BTC-USD,6,place,buy,85426,0.00029,quote-bid,join best,b3da766e7a512a8459adbd090b514500
2026-09-22T06:32:20.814Z,dry,BTC-USD,6,place,sell,85437,0.00029,quote-ask,back off: holding inventory,438bf8f53f0f9ab6657343930f863f4c
2026-09-22T06:32:20.908Z,dry,ETH-USD,7,place,buy,2731.3,0.0091,quote-bid,back off: book leaning down,05f6d155a75298e698df7b640d223a2c
2026-09-22T06:32:21.128Z,dry,ETH-USD,7,cancel,sell,2731.8,0.0091,quote-ask,target moved 2731.8 -> 2731.6,23fb6130ba2311741adb4c34dfa2b739
2026-09-22T06:32:21.223Z,dry,ETH-USD,7,place,sell,2731.6,0.0091,quote-ask,back off: holding inventory,bfc438b2edaa75efaacc1a8e7db5e0d5
2026-09-22T06:32:21.734Z,dry,BTC-USD,6,cancel,sell,85437,0.00029,quote-ask,target moved 85437 -> 85428,438bf8f53f0f9ab6657343930f863f4c
2026-09-22T06:32:21.830Z,dry,BTC-USD,6,place,sell,85428,0.00029,quote-ask,back off: book leaning up,c0101fcf8a84a5f64d34eeeb26e6d8b3
2026-09-22T06:32:21.922Z,dry,ETH-USD,7,cancel,buy,2731.3,0.0091,quote-bid,target moved 2731.3 -> 2731.1,05f6d155a75298e698df7b640d223a2c
2026-09-22T06:32:22.019Z,dry,ETH-USD,7,place,buy,2731.1,0.0091,quote-bid,back off: holding back-off,9c38299e930c4b475ac4369ff2cc849b
2026-09-22T06:32:22.545Z,dry,ETH-USD,7,cancel,buy,2731.1,0.0091,quote-bid,target moved 2731.1 -> 2731.2,9c38299e930c4b475ac4369ff2cc849b
2026-09-22T06:32:22.638Z,dry,ETH-USD,7,cancel,sell,2731.6,0.0091,quote-ask,target moved 2731.6 -> 2731.5,bfc438b2edaa75efaacc1a8e7db5e0d5
2026-09-22T06:32:22.735Z,dry,ETH-USD,7,place,buy,2731.2,0.0091,quote-bid,rejoin best,4d3c984923281ec40dffffdfdde643d4
2026-09-22T06:32:22.828Z,dry,ETH-USD,7,place,sell,2731.5,0.0091,quote-ask,back off: holding inventory,eea238accdca428276a678cb198b9160
2026-09-22T06:32:24.370Z,dry,BTC-USD,6,cancel,buy,85426,0.00029,quote-bid,target moved 85426 -> 85431,b3da766e7a512a8459adbd090b514500
2026-09-22T06:32:24.464Z,dry,BTC-USD,6,place,buy,85431,0.00029,quote-bid,rejoin best,9fca8a966e1643ad6d8c8cb460715ba4
2026-09-22T06:32:24.773Z,dry,ETH-USD,7,cancel,buy,2731.2,0.0091,quote-bid,target moved 2731.2 -> 2731.1,4d3c984923281ec40dffffdfdde643d4
2026-09-22T06:32:24.867Z,dry,ETH-USD,7,cancel,sell,2731.5,0.0091,quote-ask,target moved 2731.5 -> 2731.6,eea238accdca428276a678cb198b9160
2026-09-22T06:32:24.960Z,dry,ETH-USD,7,place,buy,2731.1,0.0091,quote-bid,back off: book leaning down,85e1fcd2a11976d9a174e6d053c421e3
2026-09-22T06:32:25.057Z,dry,ETH-USD,7,place,sell,2731.6,0.0091,quote-ask,back off: holding inventory,88f6da1a656f71a86d692e689f891fdf
2026-09-22T06:32:25.588Z,dry,ETH-USD,7,cancel,buy,2731.1,0.0091,quote-bid,target moved 2731.1 -> 2731.3,85e1fcd2a11976d9a174e6d053c421e3
2026-09-22T06:32:25.684Z,dry,ETH-USD,7,place,buy,2731.3,0.0091,quote-bid,back off: book leaning down,466fd4baaad76100fe19d7995e8f3d7b
2026-09-22T06:32:27.008Z,dry,BTC-USD,6,cancel,buy,85431,0.00029,quote-bid,target moved 85431 -> 85430,9fca8a966e1643ad6d8c8cb460715ba4
2026-09-22T06:32:27.104Z,dry,BTC-USD,6,place,buy,85430,0.00029,quote-bid,back off: book leaning down,27a3019897a27e738840c77d3511c0ce
2026-09-22T06:32:28.835Z,dry,ETH-USD,7,place,buy,2731,0.0091,quote-bid,back off: book leaning down,d9a346b1fc929bdb401e9ec1d7307f0b
2026-09-22T06:32:29.238Z,dry,BTC-USD,6,cancel,buy,85430,0.00029,quote-bid,target moved 85430 -> 85422,27a3019897a27e738840c77d3511c0ce
2026-09-22T06:32:29.333Z,dry,BTC-USD,6,place,buy,85422,0.00029,quote-bid,back off: book leaning down,76031c0bb64fe5e8f7adffd14ec726b7
2026-09-22T06:32:29.424Z,dry,ETH-USD,7,cancel,sell,2731.6,0.0091,quote-ask,target moved 2731.6 -> 2731.3,88f6da1a656f71a86d692e689f891fdf
2026-09-22T06:32:29.519Z,dry,ETH-USD,7,place,sell,2731.3,0.0091,quote-ask,back off: holding back-off,0c14d43af953994eb3b0337d29f1c65f
2026-09-22T06:32:29.642Z,dry,ETH-USD,7,cancel,sell,2731.3,0.0091,quote-ask,target moved 2731.3 -> 2731.2,0c14d43af953994eb3b0337d29f1c65f
2026-09-22T06:32:29.738Z,dry,ETH-USD,7,place,sell,2731.2,0.0091,quote-ask,rejoin best,db06c7286647c03a32c56c35d58e819d
2026-09-22T06:32:32.702Z,dry,ETH-USD,7,place,sell,2732,0.0091,quote-ask,back off: holding inventory,ca583f0616c9c1b9fe0ede8b6ea91427
2026-09-22T06:32:33.311Z,dry,ETH-USD,7,cancel,buy,2731,0.0091,quote-bid,target moved 2731 -> 2731.7,d9a346b1fc929bdb401e9ec1d7307f0b
2026-09-22T06:32:33.407Z,dry,ETH-USD,7,place,buy,2731.7,0.0091,quote-bid,back off: book leaning down,29448585793e6328a0009cc08f88dc80
2026-09-22T06:32:33.512Z,dry,BTC-USD,6,cancel,buy,85422,0.00029,quote-bid,target moved 85422 -> 85423,76031c0bb64fe5e8f7adffd14ec726b7
2026-09-22T06:32:33.603Z,dry,BTC-USD,6,place,buy,85423,0.00029,quote-bid,rejoin best,6a42333227b598058de5b991b310e8df
2026-09-22T06:32:33.701Z,dry,ETH-USD,7,cancel,sell,2732,0.0091,quote-ask,target moved 2732 -> 2731.7,ca583f0616c9c1b9fe0ede8b6ea91427
2026-09-22T06:32:33.795Z,dry,ETH-USD,7,place,buy,2731.4,0.0091,quote-bid,back off: book leaning down,b9f9d08274f684ad0d65c27adbb72a17
2026-09-22T06:32:33.888Z,dry,ETH-USD,7,place,sell,2731.7,0.0091,quote-ask,back off: holding back-off,277508bc3e50571c9c47c274fc74bb10
2026-09-22T06:32:34.123Z,dry,BTC-USD,6,cancel,buy,85423,0.00029,quote-bid,target moved 85423 -> 85422,6a42333227b598058de5b991b310e8df
2026-09-22T06:32:34.219Z,dry,BTC-USD,6,place,buy,85422,0.00029,quote-bid,back off: book leaning down,5b7f261dce897b12009940df82dab935
2026-09-22T06:32:34.313Z,dry,ETH-USD,7,place,sell,2732,0.0091,quote-ask,back off: holding inventory,fda15e2a6c647a9da64b4d4f17ec5279
2026-09-22T06:32:34.529Z,dry,ETH-USD,7,cancel,buy,2731.4,0.0091,quote-bid,target moved 2731.4 -> 2731.7,b9f9d08274f684ad0d65c27adbb72a17
2026-09-22T06:32:34.623Z,dry,ETH-USD,7,place,buy,2731.7,0.0091,quote-bid,back off: book leaning down,b382b4278e596c64cfd77715c7925117
2026-09-22T06:32:35.544Z,dry,ETH-USD,7,place,buy,2731.2,0.0091,quote-bid,back off: holding back-off,9ff62a845ebb736d3c673dcac9d23018
2026-09-22T06:32:35.945Z,dry,ETH-USD,7,cancel,sell,2732,0.0091,quote-ask,target moved 2732 -> 2731.9,fda15e2a6c647a9da64b4d4f17ec5279
2026-09-22T06:32:36.047Z,dry,ETH-USD,7,place,sell,2731.9,0.0091,quote-ask,back off: holding back-off,9ca1d6eb5bdffbfa6b3593e5239afa2a
2026-09-22T06:32:36.553Z,dry,ETH-USD,7,cancel,buy,2731.2,0.0091,quote-bid,target moved 2731.2 -> 2731.5,9ff62a845ebb736d3c673dcac9d23018
2026-09-22T06:32:36.650Z,dry,ETH-USD,7,place,buy,2731.5,0.0091,quote-bid,rejoin best,14b2e948d2f1915eef8b1b803f03b717
2026-09-22T06:32:37.164Z,dry,ETH-USD,7,cancel,sell,2731.9,0.0091,quote-ask,target moved 2731.9 -> 2732,9ca1d6eb5bdffbfa6b3593e5239afa2a
2026-09-22T06:32:37.260Z,dry,ETH-USD,7,place,sell,2732,0.0091,quote-ask,rejoin best,788d63560df3b49409a68ea71c3d79d9
2026-09-22T06:32:38.581Z,dry,ETH-USD,7,cancel,buy,2731.5,0.0091,quote-bid,target moved 2731.5 -> 2731.8,14b2e948d2f1915eef8b1b803f03b717
2026-09-22T06:32:38.678Z,dry,ETH-USD,7,place,buy,2731.8,0.0091,quote-bid,rejoin best,0b2983ffc4063c515589d8f82d67f487
2026-09-22T06:32:39.188Z,dry,BTC-USD,6,cancel,buy,85422,0.00029,quote-bid,target moved 85422 -> 85433,5b7f261dce897b12009940df82dab935
2026-09-22T06:32:39.283Z,dry,BTC-USD,6,place,buy,85433,0.00029,quote-bid,back off: book leaning down,538ab00105e875dbf3133cce388a989a
2026-09-22T06:32:39.390Z,dry,ETH-USD,7,cancel,sell,2732,0.0091,quote-ask,target moved 2732 -> 2731.9,788d63560df3b49409a68ea71c3d79d9
2026-09-22T06:32:39.484Z,dry,ETH-USD,7,place,sell,2731.9,0.0091,quote-ask,rejoin best,fa4a071903279739953524f0171d7356
2026-09-22T06:32:39.795Z,dry,ETH-USD,7,cancel,sell,2731.9,0.0091,quote-ask,target moved 2731.9 -> 2732,fa4a071903279739953524f0171d7356
2026-09-22T06:32:39.891Z,dry,ETH-USD,7,place,sell,2732,0.0091,quote-ask,back off: book leaning up,fef59057a041077ddc7bb4375dc39a46
2026-09-22T06:32:40.404Z,dry,ETH-USD,7,place,buy,2730.9,0.0091,quote-bid,back off: holding inventory,b670c89677eae57c72dd6de8022493a9
2026-09-22T06:32:40.604Z,dry,BTC-USD,6,place,buy,85427,0.00029,quote-bid,back off: holding back-off,c340cea744087136fa08ab3792677938
2026-09-22T06:32:40.701Z,dry,BTC-USD,6,place,sell,85430,0.00029,quote-ask,back off: book leaning up,865a0a17d1a24a2637e96549f1be6206
2026-09-22T06:32:41.212Z,dry,BTC-USD,6,cancel,buy,85427,0.00029,quote-bid,target moved 85427 -> 85428,c340cea744087136fa08ab3792677938
2026-09-22T06:32:41.308Z,dry,BTC-USD,6,place,buy,85428,0.00029,quote-bid,rejoin best,7cdc32ded6bfb2ab3cb3295bb1d66704
2026-09-22T06:32:41.400Z,dry,ETH-USD,7,cancel,buy,2730.9,0.0091,quote-bid,target moved 2730.9 -> 2731.7,b670c89677eae57c72dd6de8022493a9
2026-09-22T06:32:41.495Z,dry,ETH-USD,7,place,buy,2731.7,0.0091,quote-bid,back off: holding inventory,2b100de23c6415d2bce3713e8ffacb49
2026-09-22T06:32:41.618Z,dry,ETH-USD,7,cancel,sell,2732,0.0091,quote-ask,target moved 2732 -> 2731.9,fef59057a041077ddc7bb4375dc39a46
2026-09-22T06:32:41.713Z,dry,ETH-USD,7,place,sell,2731.9,0.0091,quote-ask,rejoin best,821c079dd44f6c30a114144697ec35b5
2026-09-22T06:32:43.438Z,dry,ETH-USD,7,cancel,sell,2731.9,0.0091,quote-ask,target moved 2731.9 -> 2732,821c079dd44f6c30a114144697ec35b5
2026-09-22T06:32:43.533Z,dry,ETH-USD,7,place,sell,2732,0.0091,quote-ask,back off: book leaning up,d3fbd0dcdcde546578cac48b19698cb6
2026-09-22T06:32:44.461Z,dry,ETH-USD,7,cancel,sell,2732,0.0091,quote-ask,target moved 2732 -> 2731.9,d3fbd0dcdcde546578cac48b19698cb6
2026-09-22T06:32:44.548Z,dry,ETH-USD,7,place,sell,2731.9,0.0091,quote-ask,rejoin best,6ff936e312182c6f167bc98e6cd0dfd3
2026-09-22T06:32:45.279Z,dry,ETH-USD,7,cancel,sell,2731.9,0.0091,quote-ask,target moved 2731.9 -> 2732,6ff936e312182c6f167bc98e6cd0dfd3
2026-09-22T06:32:45.374Z,dry,ETH-USD,7,place,sell,2732,0.0091,quote-ask,back off: book leaning up,45e3199c8f06ebaff91fad039859f02a
2026-09-22T06:32:47.106Z,dry,ETH-USD,7,cancel,sell,2732,0.0091,quote-ask,target moved 2732 -> 2731.9,45e3199c8f06ebaff91fad039859f02a
2026-09-22T06:32:47.201Z,dry,ETH-USD,7,place,sell,2731.9,0.0091,quote-ask,rejoin best,658558fef399b6b5d0a0b2037aece335
2026-09-22T06:32:47.511Z,dry,ETH-USD,7,cancel,sell,2731.9,0.0091,quote-ask,target moved 2731.9 -> 2732,658558fef399b6b5d0a0b2037aece335
2026-09-22T06:32:47.606Z,dry,ETH-USD,7,place,sell,2732,0.0091,quote-ask,back off: book leaning up,8ab3f9b5fd2c3543818881c10c634cca
2026-09-22T06:32:49.147Z,dry,ETH-USD,7,cancel,sell,2732,0.0091,quote-ask,target moved 2732 -> 2731.9,8ab3f9b5fd2c3543818881c10c634cca
2026-09-22T06:32:49.242Z,dry,ETH-USD,7,place,sell,2731.9,0.0091,quote-ask,rejoin best,c387175b2fa6edfec64cef67d5c28d9b
2026-09-22T06:32:49.553Z,dry,ETH-USD,7,cancel,sell,2731.9,0.0091,quote-ask,target moved 2731.9 -> 2732,c387175b2fa6edfec64cef67d5c28d9b
2026-09-22T06:32:49.659Z,dry,ETH-USD,7,place,sell,2732,0.0091,quote-ask,back off: book leaning up,417e9f66898798256f471cac9465e232
2026-09-22T06:32:50.159Z,dry,BTC-USD,6,cancel,buy,85428,0.00029,quote-bid,target moved 85428 -> 85427,7cdc32ded6bfb2ab3cb3295bb1d66704
2026-09-22T06:32:50.254Z,dry,BTC-USD,6,place,buy,85427,0.00029,quote-bid,back off: book leaning down,c9920c4eff1e5cdc8f6d43efd5ca29f4
2026-09-22T06:32:50.563Z,dry,ETH-USD,7,place,sell,2732.2,0.0091,quote-ask,back off: holding back-off,c3e7c2347384ec775468abfe1da880c4
2026-09-22T06:32:50.969Z,dry,ETH-USD,7,cancel,buy,2731.7,0.0091,quote-bid,target moved 2731.7 -> 2731.9,2b100de23c6415d2bce3713e8ffacb49
2026-09-22T06:32:51.059Z,dry,ETH-USD,7,place,buy,2731.9,0.0091,quote-bid,back off: book leaning down,3fd872ce47d85b121131b5e118dadd3c
2026-09-22T06:32:51.374Z,dry,ETH-USD,7,cancel,sell,2732.2,0.0091,quote-ask,target moved 2732.2 -> 2732.1,c3e7c2347384ec775468abfe1da880c4
2026-09-22T06:32:51.469Z,dry,ETH-USD,7,place,sell,2732.1,0.0091,quote-ask,rejoin best,5a3f17226abc1c557708b0ee865da217
2026-09-22T06:32:53.202Z,dry,ETH-USD,7,place,sell,2732.3,0.0091,quote-ask,back off: holding inventory,8c8b305604dd1203795ba4490d1fe55f
2026-09-22T06:32:53.609Z,dry,BTC-USD,6,cancel,buy,85427,0.00029,quote-bid,target moved 85427 -> 85428,c9920c4eff1e5cdc8f6d43efd5ca29f4
2026-09-22T06:32:53.704Z,dry,BTC-USD,6,place,buy,85428,0.00029,quote-bid,rejoin best,ddaf67f4f950d033b3cce3ad8b1ca7d2
2026-09-22T06:32:53.795Z,dry,ETH-USD,7,cancel,buy,2731.9,0.0091,quote-bid,target moved 2731.9 -> 2732.1,3fd872ce47d85b121131b5e118dadd3c
2026-09-22T06:32:53.890Z,dry,ETH-USD,7,cancel,sell,2732.3,0.0091,quote-ask,target moved 2732.3 -> 2732.9,8c8b305604dd1203795ba4490d1fe55f
2026-09-22T06:32:53.987Z,dry,ETH-USD,7,place,buy,2732.1,0.0091,quote-bid,back off: holding back-off,cc545429a07acbf081f353d644795e59
2026-09-22T06:32:54.166Z,dry,ETH-USD,7,place,sell,2732.9,0.0091,quote-ask,back off: book leaning up,065564fcc97afb5794ee505c8de97aab
2026-09-22T06:32:54.689Z,dry,ETH-USD,7,cancel,buy,2732.1,0.0091,quote-bid,target moved 2732.1 -> 2732.2,cc545429a07acbf081f353d644795e59
2026-09-22T06:32:54.784Z,dry,ETH-USD,7,place,buy,2732.2,0.0091,quote-bid,rejoin best,c47b897af64ddbd353767c0b57e5a961
2026-09-22T06:32:54.893Z,dry,ETH-USD,7,cancel,sell,2732.9,0.0091,quote-ask,target moved 2732.9 -> 2732.6,065564fcc97afb5794ee505c8de97aab
2026-09-22T06:32:54.988Z,dry,ETH-USD,7,place,sell,2732.6,0.0091,quote-ask,back off: holding inventory,89abd01473632b2aa53f90c1737b5678
2026-09-22T06:32:55.298Z,dry,ETH-USD,7,cancel,buy,2732.2,0.0091,quote-bid,target moved 2732.2 -> 2732.3,c47b897af64ddbd353767c0b57e5a961
2026-09-22T06:32:55.393Z,dry,ETH-USD,7,place,buy,2732.3,0.0091,quote-bid,back off: book leaning down,af8bab5b1154413daf4582669b9675ce
2026-09-22T06:32:56.315Z,dry,ETH-USD,7,cancel,buy,2732.3,0.0091,quote-bid,target moved 2732.3 -> 2732.1,af8bab5b1154413daf4582669b9675ce
2026-09-22T06:32:56.413Z,dry,ETH-USD,7,place,buy,2732.1,0.0091,quote-bid,back off: holding back-off,b34505f00e3dceaa69f4c6d6f4d2586d
2026-09-22T06:32:57.741Z,dry,ETH-USD,7,cancel,buy,2732.1,0.0091,quote-bid,target moved 2732.1 -> 2732.4,b34505f00e3dceaa69f4c6d6f4d2586d
2026-09-22T06:32:57.838Z,dry,ETH-USD,7,place,buy,2732.4,0.0091,quote-bid,back off: holding back-off,ab436adff8d87f05d8db5c2898a158bd
2026-09-22T06:32:57.949Z,dry,ETH-USD,7,place,sell,2733.1,0.0091,quote-ask,back off: holding inventory,22f9c93334b23c2554b7c08336a0f589
2026-09-22T06:32:58.352Z,dry,ETH-USD,7,cancel,buy,2732.4,0.0091,quote-bid,target moved 2732.4 -> 2732.8,ab436adff8d87f05d8db5c2898a158bd
2026-09-22T06:32:58.449Z,dry,ETH-USD,7,place,buy,2732.8,0.0091,quote-bid,back off: holding back-off,6b089bca22f6b36a3218c786e0ed62bd
2026-09-22T06:32:58.758Z,dry,ETH-USD,7,cancel,buy,2732.8,0.0091,quote-bid,target moved 2732.8 -> 2732.9,6b089bca22f6b36a3218c786e0ed62bd
2026-09-22T06:32:58.851Z,dry,ETH-USD,7,place,buy,2732.9,0.0091,quote-bid,rejoin best,3120d78ccd61d4b565990a1185308585
2026-09-22T06:32:59.599Z,dry,BTC-USD,6,cancel,buy,85428,0.00029,quote-bid,target moved 85428 -> 85433,ddaf67f4f950d033b3cce3ad8b1ca7d2
2026-09-22T06:32:59.694Z,dry,BTC-USD,6,place,buy,85433,0.00029,quote-bid,rejoin best,f00fc3e7b71e0e9d6177ac5a5cdf403c
2026-09-22T06:33:01.024Z,dry,BTC-USD,6,cancel,buy,85433,0.00029,quote-bid,target moved 85433 -> 85451,f00fc3e7b71e0e9d6177ac5a5cdf403c
2026-09-22T06:33:01.120Z,dry,BTC-USD,6,place,buy,85451,0.00029,quote-bid,back off: book leaning down,b44bbf567fca762c8289e8cb4323a5a8
2026-09-22T06:33:01.432Z,dry,BTC-USD,6,place,buy,85445,0.00029,quote-bid,back off: holding back-off,d90e06954095604f696e2fd0bd85e833
2026-09-22T06:33:01.524Z,dry,BTC-USD,6,place,sell,85448,0.00029,quote-ask,back off: holding inventory,02e4d341555c3bf61baa4fe4f012d5a6
2026-09-22T06:33:01.616Z,dry,ETH-USD,7,cancel,buy,2732.9,0.0091,quote-bid,target moved 2732.9 -> 2733,3120d78ccd61d4b565990a1185308585
2026-09-22T06:33:01.727Z,dry,ETH-USD,7,place,buy,2733,0.0091,quote-bid,back off: book leaning down,85c0f8956a0f3239f15c2b37c2232092
2026-09-22T06:33:02.239Z,dry,BTC-USD,6,cancel,buy,85445,0.00029,quote-bid,target moved 85445 -> 85446,d90e06954095604f696e2fd0bd85e833
2026-09-22T06:33:02.334Z,dry,BTC-USD,6,place,buy,85446,0.00029,quote-bid,rejoin best,64241b4907061e083dd0be909871104d
2026-09-22T06:33:02.850Z,dry,ETH-USD,7,cancel,buy,2733,0.0091,quote-bid,target moved 2733 -> 2733.1,85c0f8956a0f3239f15c2b37c2232092
2026-09-22T06:33:02.950Z,dry,ETH-USD,7,place,buy,2733.1,0.0091,quote-bid,rejoin best,225eec11661a9bb3a41aaa9cd3ba4a19
2026-09-22T06:33:03.258Z,dry,ETH-USD,7,cancel,buy,2733.1,0.0091,quote-bid,target moved 2733.1 -> 2733,225eec11661a9bb3a41aaa9cd3ba4a19
2026-09-22T06:33:03.353Z,dry,ETH-USD,7,place,buy,2733,0.0091,quote-bid,back off: book leaning down,91edd1a20f2b26c3888b8c6b27542ec4
2026-09-22T06:33:04.473Z,dry,ETH-USD,7,cancel,buy,2733,0.0091,quote-bid,target moved 2733 -> 2733.4,91edd1a20f2b26c3888b8c6b27542ec4
2026-09-22T06:33:04.559Z,dry,ETH-USD,7,place,buy,2733.4,0.0091,quote-bid,back off: book leaning down,5b4c3290bee2c01b9b07fee30ff52045
2026-09-22T06:33:05.296Z,dry,BTC-USD,6,cancel,buy,85446,0.00029,quote-bid,target moved 85446 -> 85460,64241b4907061e083dd0be909871104d
2026-09-22T06:33:05.393Z,dry,BTC-USD,6,place,buy,85460,0.00029,quote-bid,back off: holding back-off,bf29c80e740ecfff9262455230cd9792
2026-09-22T06:33:05.497Z,dry,ETH-USD,7,cancel,buy,2733.4,0.0091,quote-bid,target moved 2733.4 -> 2733.3,5b4c3290bee2c01b9b07fee30ff52045
2026-09-22T06:33:05.608Z,dry,ETH-USD,7,place,buy,2733.3,0.0091,quote-bid,back off: book leaning down,b80c44ab1cc7eef796d370b67df5a41a
2026-09-22T06:33:06.919Z,dry,ETH-USD,7,cancel,buy,2733.3,0.0091,quote-bid,target moved 2733.3 -> 2733.7,b80c44ab1cc7eef796d370b67df5a41a
2026-09-22T06:33:07.015Z,dry,ETH-USD,7,place,buy,2733.7,0.0091,quote-bid,rejoin best,d379b04a1e3b24cf64ed573b632f98ca
2026-09-22T06:33:07.323Z,dry,BTC-USD,6,cancel,buy,85460,0.00029,quote-bid,target moved 85460 -> 85461,bf29c80e740ecfff9262455230cd9792
2026-09-22T06:33:07.419Z,dry,BTC-USD,6,place,buy,85461,0.00029,quote-bid,rejoin best,52a9be671801bb100aa9fa40056fb816
2026-09-22T06:33:07.511Z,dry,ETH-USD,7,cancel,buy,2733.7,0.0091,quote-bid,target moved 2733.7 -> 2733.6,d379b04a1e3b24cf64ed573b632f98ca
2026-09-22T06:33:07.606Z,dry,ETH-USD,7,place,buy,2733.6,0.0091,quote-bid,back off: book leaning down,9bdc39df191f82f0f3e048e6e51acd05
2026-09-22T06:33:07.730Z,dry,BTC-USD,6,cancel,buy,85461,0.00029,quote-bid,target moved 85461 -> 85460,52a9be671801bb100aa9fa40056fb816
2026-09-22T06:33:07.826Z,dry,BTC-USD,6,place,buy,85460,0.00029,quote-bid,back off: book leaning down,469318fd7f495caea61df0cc22d052d0
2026-09-22T06:33:08.339Z,dry,ETH-USD,7,cancel,buy,2733.6,0.0091,quote-bid,target moved 2733.6 -> 2733.7,9bdc39df191f82f0f3e048e6e51acd05
2026-09-22T06:33:08.434Z,dry,ETH-USD,7,place,buy,2733.7,0.0091,quote-bid,rejoin best,eb4aae70354208d0446ace51d02d5ff5
2026-09-22T06:33:10.176Z,dry,BTC-USD,6,cancel,buy,85460,0.00029,quote-bid,target moved 85460 -> 85461,469318fd7f495caea61df0cc22d052d0
2026-09-22T06:33:10.271Z,dry,BTC-USD,6,place,buy,85461,0.00029,quote-bid,rejoin best,b2e5b1746f92473b946ecf112fda419a
2026-09-22T06:33:10.786Z,dry,BTC-USD,6,cancel,buy,85461,0.00029,quote-bid,target moved 85461 -> 85469,b2e5b1746f92473b946ecf112fda419a
2026-09-22T06:33:10.882Z,dry,BTC-USD,6,place,buy,85469,0.00029,quote-bid,rejoin best,9fc0d73776dabed1eb6aa1cac6716b55
2026-09-22T06:33:11.800Z,dry,BTC-USD,6,cancel,buy,85469,0.00029,quote-bid,flatten owns instrument,9fc0d73776dabed1eb6aa1cac6716b55
2026-09-22T06:33:11.893Z,dry,BTC-USD,6,place,buy,85469,0.00087,flatten-post,passive exit,963db8f4f6c6a7415da139e03188aefc
2026-09-22T06:33:12.201Z,dry,BTC-USD,6,cancel,buy,85469,0.00087,flatten-post,re-peg flatten,963db8f4f6c6a7415da139e03188aefc
2026-09-22T06:33:12.404Z,dry,BTC-USD,6,place,buy,85478,0.00087,flatten-post,passive exit,6bf1dd4b52a12d0550a16c031b26af0c
2026-09-22T06:33:14.432Z,dry,BTC-USD,6,place,buy,85468,0.00029,quote-bid,back off: book leaning down,977f4505570d5ec86c8d4c0393d7d0e9
2026-09-22T06:33:14.525Z,dry,BTC-USD,6,place,sell,85470,0.00029,quote-ask,join best,ad623f520822ff0a312dae1046c2ad5b
2026-09-22T06:33:15.847Z,dry,BTC-USD,6,cancel,buy,85468,0.00029,quote-bid,target moved 85468 -> 85469,977f4505570d5ec86c8d4c0393d7d0e9
2026-09-22T06:33:15.940Z,dry,BTC-USD,6,place,buy,85469,0.00029,quote-bid,rejoin best,0ab64780b12861fd57fe390d2747ae5a
2026-09-22T06:33:17.056Z,dry,BTC-USD,6,cancel,sell,85470,0.00029,quote-ask,target moved 85470 -> 85471,ad623f520822ff0a312dae1046c2ad5b
2026-09-22T06:33:17.152Z,dry,BTC-USD,6,place,sell,85471,0.00029,quote-ask,back off: book leaning up,ab078d39a200b9517c7fe73c3f74e1dc
2026-09-22T06:33:20.712Z,dry,ETH-USD,7,cancel,buy,2733.7,0.0091,quote-bid,target moved 2733.7 -> 2733.6,eb4aae70354208d0446ace51d02d5ff5
2026-09-22T06:33:20.808Z,dry,ETH-USD,7,place,buy,2733.6,0.0091,quote-bid,back off: book leaning down,0bb73861941e1dfbf6e96f1e779200d3
2026-09-22T06:33:20.916Z,dry,BTC-USD,6,cancel,buy,85469,0.00029,quote-bid,target moved 85469 -> 85468,0ab64780b12861fd57fe390d2747ae5a
2026-09-22T06:33:21.014Z,dry,BTC-USD,6,place,buy,85468,0.00029,quote-bid,back off: book leaning down,e45bf55761a15ecdb1b3834bd6d896fc
2026-09-22T06:33:21.320Z,dry,BTC-USD,6,cancel,sell,85471,0.00029,quote-ask,target moved 85471 -> 85470,ab078d39a200b9517c7fe73c3f74e1dc
2026-09-22T06:33:21.415Z,dry,BTC-USD,6,place,sell,85470,0.00029,quote-ask,rejoin best,be64d83dbd2a323b3e378c52dbfc768d
2026-09-22T06:33:21.925Z,dry,BTC-USD,6,cancel,buy,85468,0.00029,quote-bid,target moved 85468 -> 85469,e45bf55761a15ecdb1b3834bd6d896fc
2026-09-22T06:33:22.020Z,dry,BTC-USD,6,place,buy,85469,0.00029,quote-bid,rejoin best,1e127513f543eec5ae2b6f33207bf1cd
2026-09-22T06:33:22.332Z,dry,BTC-USD,6,cancel,buy,85469,0.00029,quote-bid,target moved 85469 -> 85468,1e127513f543eec5ae2b6f33207bf1cd
2026-09-22T06:33:22.427Z,dry,BTC-USD,6,place,buy,85468,0.00029,quote-bid,back off: book leaning down,0c32453e57c5e7ead72ed4874cf3f838
2026-09-22T06:33:22.518Z,dry,BTC-USD,6,reject,buy,85468,0.00029,quote-bid,post only order would cross,0c32453e57c5e7ead72ed4874cf3f838
2026-09-22T06:33:22.524Z,dry,ETH-USD,7,cancel,buy,2733.6,0.0091,quote-bid,target moved 2733.6 -> 2733.1,0bb73861941e1dfbf6e96f1e779200d3
2026-09-22T06:33:22.632Z,dry,ETH-USD,7,place,buy,2733.1,0.0091,quote-bid,back off: book leaning down,d9fb1fa4f9c5ee14525a6fbada28d15a
2026-09-22T06:33:22.738Z,dry,BTC-USD,6,place,buy,85463,0.00029,quote-bid,back off: book leaning down,eb355b5d005511e74bf858137a3f55cb
2026-09-22T06:33:23.143Z,dry,BTC-USD,6,cancel,sell,85470,0.00029,quote-ask,target moved 85470 -> 85465,be64d83dbd2a323b3e378c52dbfc768d
2026-09-22T06:33:23.238Z,dry,BTC-USD,6,place,sell,85465,0.00029,quote-ask,rejoin best,0bc300685068b7bca5406b32195b6d46
2026-09-22T06:33:23.345Z,dry,ETH-USD,7,cancel,buy,2733.1,0.0091,quote-bid,target moved 2733.1 -> 2733.3,d9fb1fa4f9c5ee14525a6fbada28d15a
2026-09-22T06:33:23.456Z,dry,ETH-USD,7,place,buy,2733.3,0.0091,quote-bid,back off: holding back-off,2d4b5ba6da55cd5192f802c53e3bd58f
2026-09-22T06:33:24.562Z,dry,ETH-USD,7,cancel,buy,2733.3,0.0091,quote-bid,target moved 2733.3 -> 2733.6,2d4b5ba6da55cd5192f802c53e3bd58f
2026-09-22T06:33:24.661Z,dry,ETH-USD,7,place,buy,2733.6,0.0091,quote-bid,back off: book leaning down,a0d6b7b1bf39b61cea01be32369d8e2b
2026-09-22T06:33:28.633Z,dry,ETH-USD,7,cancel,buy,2733.6,0.0091,quote-bid,target moved 2733.6 -> 2733.7,a0d6b7b1bf39b61cea01be32369d8e2b
2026-09-22T06:33:28.729Z,dry,ETH-USD,7,place,buy,2733.7,0.0091,quote-bid,rejoin best,e6e26d6bd8fd26215ede31a76f488916
2026-09-22T06:33:28.842Z,dry,BTC-USD,6,cancel,buy,85463,0.00029,quote-bid,target moved 85463 -> 85464,eb355b5d005511e74bf858137a3f55cb
2026-09-22T06:33:29.052Z,dry,BTC-USD,6,cancel,sell,85465,0.00029,quote-ask,target moved 85465 -> 85466,0bc300685068b7bca5406b32195b6d46
2026-09-22T06:33:29.137Z,dry,BTC-USD,6,place,buy,85464,0.00029,quote-bid,rejoin best,70301015097464596a573b23758662e3
2026-09-22T06:33:29.240Z,dry,BTC-USD,6,place,sell,85466,0.00029,quote-ask,back off: book leaning up,8867c342bbf99cfbea18bf49ded486b2
2026-09-22T06:33:29.331Z,dry,BTC-USD,6,reject,sell,85466,0.00029,quote-ask,post only order would cross,8867c342bbf99cfbea18bf49ded486b2
2026-09-22T06:33:29.471Z,dry,BTC-USD,6,place,sell,85475,0.00029,quote-ask,back off: book leaning up,8d552c49f775888d051290373007428a
2026-09-22T06:33:29.877Z,dry,BTC-USD,6,cancel,buy,85464,0.00029,quote-bid,target moved 85464 -> 85473,70301015097464596a573b23758662e3
2026-09-22T06:33:29.973Z,dry,BTC-USD,6,place,buy,85473,0.00029,quote-bid,rejoin best,7363cf5df911ef5476177327cd182b4f
2026-09-22T06:33:30.066Z,dry,ETH-USD,7,cancel,buy,2733.7,0.0091,quote-bid,target moved 2733.7 -> 2734.6,e6e26d6bd8fd26215ede31a76f488916
2026-09-22T06:33:30.159Z,dry,ETH-USD,7,place,buy,2734.6,0.0091,quote-bid,back off: book leaning down,895f1c67b5abf1d9cd975a5a29a39a09
2026-09-22T06:33:31.704Z,dry,ETH-USD,7,cancel,buy,2734.6,0.0091,quote-bid,target moved 2734.6 -> 2734.5,895f1c67b5abf1d9cd975a5a29a39a09
2026-09-22T06:33:31.791Z,dry,ETH-USD,7,place,buy,2734.5,0.0091,quote-bid,back off: book leaning down,2318d867b47b0ef751d3b66fa37aa854
2026-09-22T06:33:35.548Z,dry,ETH-USD,7,cancel,buy,2734.5,0.0091,quote-bid,target moved 2734.5 -> 2734.7,2318d867b47b0ef751d3b66fa37aa854
2026-09-22T06:33:35.644Z,dry,ETH-USD,7,place,buy,2734.7,0.0091,quote-bid,back off: book leaning down,510f79e900617a5580b5f91d09bb8ced
2026-09-22T06:33:39.200Z,dry,BTC-USD,6,place,sell,85477,0.00029,quote-ask,back off: book leaning up,4206b9bef8e15314caad51c5b009d605
2026-09-22T06:33:39.398Z,dry,ETH-USD,7,cancel,buy,2734.7,0.0091,quote-bid,target moved 2734.7 -> 2734.8,510f79e900617a5580b5f91d09bb8ced
2026-09-22T06:33:39.494Z,dry,ETH-USD,7,place,buy,2734.8,0.0091,quote-bid,back off: book leaning down,902fadb1afc47d18f2794569979dbec6
2026-09-22T06:33:39.600Z,dry,BTC-USD,6,cancel,buy,85473,0.00029,quote-bid,target moved 85473 -> 85475,7363cf5df911ef5476177327cd182b4f
2026-09-22T06:33:39.710Z,dry,BTC-USD,6,place,buy,85475,0.00029,quote-bid,rejoin best,879affbc8827ad1a6f69ed5773a3f639
2026-09-22T06:33:40.611Z,dry,BTC-USD,6,cancel,buy,85475,0.00029,quote-bid,target moved 85475 -> 85482,879affbc8827ad1a6f69ed5773a3f639
2026-09-22T06:33:40.702Z,dry,BTC-USD,6,place,buy,85482,0.00029,quote-bid,rejoin best,3b3a7f0871cf6361cfa11b43ba75d23b
2026-09-22T06:33:41.016Z,dry,ETH-USD,7,cancel,buy,2734.8,0.0091,quote-bid,target moved 2734.8 -> 2734.9,902fadb1afc47d18f2794569979dbec6
2026-09-22T06:33:41.111Z,dry,ETH-USD,7,place,buy,2734.9,0.0091,quote-bid,back off: holding back-off,797f572047af9d35c2a19ace44171c13
2026-09-22T06:33:41.419Z,dry,ETH-USD,7,cancel,buy,2734.9,0.0091,quote-bid,target moved 2734.9 -> 2735,797f572047af9d35c2a19ace44171c13
2026-09-22T06:33:41.516Z,dry,ETH-USD,7,place,buy,2735,0.0091,quote-bid,rejoin best,95f973eb28956bdcc43ba843411c752d
2026-09-22T06:33:41.824Z,dry,ETH-USD,7,cancel,buy,2735,0.0091,quote-bid,target moved 2735 -> 2734.9,95f973eb28956bdcc43ba843411c752d
2026-09-22T06:33:41.916Z,dry,ETH-USD,7,place,buy,2734.9,0.0091,quote-bid,back off: book leaning down,93fbcf73ab612984c838157f4cf3588f
2026-09-22T06:33:43.040Z,dry,BTC-USD,6,cancel,buy,85482,0.00029,quote-bid,target moved 85482 -> 85481,3b3a7f0871cf6361cfa11b43ba75d23b
2026-09-22T06:33:43.136Z,dry,BTC-USD,6,place,buy,85481,0.00029,quote-bid,back off: book leaning down,6f5633152afe439590a5bac37af7383e
2026-09-22T06:33:44.051Z,dry,BTC-USD,6,cancel,buy,85481,0.00029,quote-bid,target moved 85481 -> 85482,6f5633152afe439590a5bac37af7383e
2026-09-22T06:33:44.148Z,dry,BTC-USD,6,place,buy,85482,0.00029,quote-bid,rejoin best,8517cf2a16f708fa3e03e81c6df54adf
2026-09-22T06:33:44.658Z,dry,BTC-USD,6,cancel,buy,85482,0.00029,quote-bid,target moved 85482 -> 85481,8517cf2a16f708fa3e03e81c6df54adf
2026-09-22T06:33:44.755Z,dry,BTC-USD,6,place,buy,85481,0.00029,quote-bid,back off: book leaning down,b01b8cf15d45cf5daed9ee8a4bd4ff10
2026-09-22T06:33:45.062Z,dry,ETH-USD,7,cancel,buy,2734.9,0.0091,quote-bid,target moved 2734.9 -> 2734.8,93fbcf73ab612984c838157f4cf3588f
2026-09-22T06:33:45.159Z,dry,ETH-USD,7,place,buy,2734.8,0.0091,quote-bid,back off: holding back-off,90746355a713bfe8482963ee7599cbdb
2026-09-22T06:33:46.475Z,dry,ETH-USD,7,cancel,buy,2734.8,0.0091,quote-bid,target moved 2734.8 -> 2734.9,90746355a713bfe8482963ee7599cbdb
2026-09-22T06:33:46.571Z,dry,ETH-USD,7,place,buy,2734.9,0.0091,quote-bid,back off: book leaning down,ed823aab48ca27532b52769f3151e991
2026-09-22T06:33:48.299Z,dry,ETH-USD,7,place,buy,2734.5,0.0091,quote-bid,back off: holding back-off,84a9258ab756d250dd981a163fd72dde
2026-09-22T06:33:48.391Z,dry,ETH-USD,7,place,sell,2735,0.0091,quote-ask,back off: holding inventory,0e615dbb5deb901161af9849c84e8c05
2026-09-22T06:33:48.502Z,dry,BTC-USD,6,place,buy,85475,0.00029,quote-bid,back off: holding back-off,0f789604a36972c3e68591ccb23eaf67
2026-09-22T06:33:48.594Z,dry,BTC-USD,6,place,sell,85478,0.00029,quote-ask,back off: holding inventory,b2cd9d59a3a378e757c3c2df04cb96dc
2026-09-22T06:33:48.904Z,dry,ETH-USD,7,cancel,sell,2735,0.0091,quote-ask,target moved 2735 -> 2734.8,0e615dbb5deb901161af9849c84e8c05
2026-09-22T06:33:48.998Z,dry,ETH-USD,7,place,sell,2734.8,0.0091,quote-ask,back off: holding inventory,9ba0162bf49d8a10338daee3eaf68234
2026-09-22T06:33:49.714Z,dry,BTC-USD,6,place,buy,85470,0.00029,quote-bid,back off: holding back-off,7c7487f99e73494a1154918f84f5bd06
2026-09-22T06:33:49.807Z,dry,ETH-USD,7,place,buy,2734.2,0.0091,quote-bid,back off: holding back-off,9db4d6e28fb2a7d417de9e78ee122e43
2026-09-22T06:33:50.120Z,dry,BTC-USD,6,cancel,sell,85478,0.00029,quote-ask,target moved 85478 -> 85473,b2cd9d59a3a378e757c3c2df04cb96dc
2026-09-22T06:33:50.216Z,dry,BTC-USD,6,place,sell,85473,0.00029,quote-ask,back off: holding inventory,eb959a7901a1c2e266c104b2ca5d647b
2026-09-22T06:33:50.308Z,dry,ETH-USD,7,cancel,buy,2734.2,0.0091,quote-bid,target moved 2734.2 -> 2734.3,9db4d6e28fb2a7d417de9e78ee122e43
2026-09-22T06:33:50.402Z,dry,ETH-USD,7,cancel,sell,2734.8,0.0091,quote-ask,target moved 2734.8 -> 2734.5,9ba0162bf49d8a10338daee3eaf68234
2026-09-22T06:33:50.514Z,dry,ETH-USD,7,place,buy,2734.3,0.0091,quote-bid,rejoin best,3dee92446d6b58466810fae2fccb59e0
2026-09-22T06:33:50.607Z,dry,ETH-USD,7,place,sell,2734.5,0.0091,quote-ask,back off: book leaning up,78461dce2ee7bdc2c2a79c26b2901be0
2026-09-22T06:33:50.730Z,dry,BTC-USD,6,cancel,buy,85470,0.00029,quote-bid,target moved 85470 -> 85471,7c7487f99e73494a1154918f84f5bd06
2026-09-22T06:33:50.826Z,dry,BTC-USD,6,place,buy,85471,0.00029,quote-bid,rejoin best,2cb91d1af2805aa5f2101b526b0c0d4e
2026-09-22T06:33:52.347Z,dry,BTC-USD,6,cancel,buy,85471,0.00029,quote-bid,target moved 85471 -> 85470,2cb91d1af2805aa5f2101b526b0c0d4e
2026-09-22T06:33:52.442Z,dry,BTC-USD,6,place,buy,85470,0.00029,quote-bid,back off: book leaning down,c0585bb43307dda05311e4048af1aca2
2026-09-22T06:33:52.536Z,dry,ETH-USD,7,place,buy,2733.8,0.0091,quote-bid,join best,358b2c337db1d9ea5baabdf6f6d2f4da
2026-09-22T06:33:53.157Z,dry,ETH-USD,7,cancel,buy,2733.8,0.0091,quote-bid,target moved 2733.8 -> 2734.1,358b2c337db1d9ea5baabdf6f6d2f4da
2026-09-22T06:33:53.249Z,dry,ETH-USD,7,cancel,sell,2734.5,0.0091,quote-ask,target moved 2734.5 -> 2734.4,78461dce2ee7bdc2c2a79c26b2901be0
2026-09-22T06:33:53.344Z,dry,ETH-USD,7,place,buy,2734.1,0.0091,quote-bid,back off: book leaning down,17749cd4a0e4ef2f8bf5d7dcda9d7889
2026-09-22T06:33:53.436Z,dry,ETH-USD,7,place,sell,2734.4,0.0091,quote-ask,back off: holding back-off,826b8961018f6057dd23e94d70c0f48e
2026-09-22T06:33:53.559Z,dry,ETH-USD,7,cancel,sell,2734.4,0.0091,quote-ask,target moved 2734.4 -> 2734.3,826b8961018f6057dd23e94d70c0f48e
2026-09-22T06:33:53.655Z,dry,ETH-USD,7,place,sell,2734.3,0.0091,quote-ask,rejoin best,56b6fda67c03a15154ab5156a1c705e7
2026-09-22T06:33:55.188Z,dry,ETH-USD,7,place,buy,2733.5,0.0091,quote-bid,back off: book leaning down,9524a88f24d434c8c4c35a61addb423d
2026-09-22T06:33:55.392Z,dry,BTC-USD,6,place,buy,85458,0.00029,quote-bid,back off: book leaning down,de7580281d17253b74193224bf47ebb7
2026-09-22T06:33:55.794Z,dry,BTC-USD,6,cancel,sell,85473,0.00029,quote-ask,target moved 85473 -> 85461,eb959a7901a1c2e266c104b2ca5d647b
2026-09-22T06:33:55.890Z,dry,BTC-USD,6,place,sell,85461,0.00029,quote-ask,back off: holding back-off,17483b8c0865bac600e5428b30d4c2fb
2026-09-22T06:33:56.198Z,dry,BTC-USD,6,cancel,sell,85461,0.00029,quote-ask,target moved 85461 -> 85460,17483b8c0865bac600e5428b30d4c2fb
2026-09-22T06:33:56.292Z,dry,BTC-USD,6,place,sell,85460,0.00029,quote-ask,rejoin best,001d248073ecd2265558d095df848b14
2026-09-22T06:33:56.386Z,dry,ETH-USD,7,place,buy,2733.2,0.0091,quote-bid,back off: holding inventory,4ff80eb61ad06630440e077fb8486b03
2026-09-22T06:33:56.604Z,dry,ETH-USD,7,cancel,sell,2734.3,0.0091,quote-ask,target moved 2734.3 -> 2733.4,56b6fda67c03a15154ab5156a1c705e7
2026-09-22T06:33:56.699Z,dry,ETH-USD,7,place,sell,2733.4,0.0091,quote-ask,rejoin best,89772063cf59a3fa6e45af40f17b150a
2026-09-22T06:33:58.232Z,dry,ETH-USD,7,cancel,sell,2733.4,0.0091,quote-ask,target moved 2733.4 -> 2733.5,89772063cf59a3fa6e45af40f17b150a
2026-09-22T06:33:58.328Z,dry,ETH-USD,7,place,sell,2733.5,0.0091,quote-ask,back off: book leaning up,26f135abb7c589fd99018e85e6af561b
2026-09-22T06:34:00.458Z,dry,ETH-USD,7,cancel,sell,2733.5,0.0091,quote-ask,target moved 2733.5 -> 2733.6,26f135abb7c589fd99018e85e6af561b
2026-09-22T06:34:00.554Z,dry,ETH-USD,7,place,sell,2733.6,0.0091,quote-ask,back off: holding back-off,2b4199562aeafb3689713c57ef7ce8e1
2026-09-22T06:34:00.660Z,dry,ETH-USD,7,cancel,buy,2733.2,0.0091,quote-bid,target moved 2733.2 -> 2733.3,4ff80eb61ad06630440e077fb8486b03
2026-09-22T06:34:00.756Z,dry,ETH-USD,7,place,buy,2733.3,0.0091,quote-bid,back off: book leaning down,14079bd62a9e2ccd4aeb278860dff9b9
2026-09-22T06:34:00.865Z,dry,ETH-USD,7,cancel,sell,2733.6,0.0091,quote-ask,target moved 2733.6 -> 2733.5,2b4199562aeafb3689713c57ef7ce8e1
2026-09-22T06:34:00.958Z,dry,ETH-USD,7,place,sell,2733.5,0.0091,quote-ask,rejoin best,140a997aaa58c78e6dcb608efb88549e
2026-09-22T06:34:02.291Z,dry,ETH-USD,7,place,sell,2733.6,0.0091,quote-ask,join best,f2d6c3908ff36c37acbae3aa1c2ade38
2026-09-22T06:34:02.694Z,dry,ETH-USD,7,cancel,buy,2733.3,0.0091,quote-bid,target moved 2733.3 -> 2733.4,14079bd62a9e2ccd4aeb278860dff9b9
2026-09-22T06:34:02.784Z,dry,ETH-USD,7,place,buy,2733.4,0.0091,quote-bid,back off: book leaning down,309a2dd87c5dd3dece91e2f74d3d3efe
2026-09-22T06:34:02.898Z,dry,ETH-USD,7,place,sell,2733.7,0.0091,quote-ask,join best,88c7a172a2540ab0afff84a2afbed13b
2026-09-22T06:34:03.302Z,dry,ETH-USD,7,cancel,buy,2733.4,0.0091,quote-bid,target moved 2733.4 -> 2733.5,309a2dd87c5dd3dece91e2f74d3d3efe
2026-09-22T06:34:03.395Z,dry,ETH-USD,7,cancel,sell,2733.7,0.0091,quote-ask,target moved 2733.7 -> 2733.8,88c7a172a2540ab0afff84a2afbed13b
2026-09-22T06:34:03.490Z,dry,ETH-USD,7,place,buy,2733.5,0.0091,quote-bid,back off: holding back-off,4d8d7c8352e17624aebea514174aa0ca
2026-09-22T06:34:03.583Z,dry,ETH-USD,7,place,sell,2733.8,0.0091,quote-ask,back off: book leaning up,12341930f9e8a74205761f2c3672b8ad
2026-09-22T06:34:03.911Z,dry,ETH-USD,7,cancel,buy,2733.5,0.0091,quote-bid,target moved 2733.5 -> 2733.6,4d8d7c8352e17624aebea514174aa0ca
2026-09-22T06:34:04.007Z,dry,ETH-USD,7,place,buy,2733.6,0.0091,quote-bid,rejoin best,6f2e10a26c0511f7842d0910b2c9ffc3
2026-09-22T06:34:04.316Z,dry,ETH-USD,7,cancel,buy,2733.6,0.0091,quote-bid,target moved 2733.6 -> 2733.5,6f2e10a26c0511f7842d0910b2c9ffc3
2026-09-22T06:34:04.411Z,dry,ETH-USD,7,place,buy,2733.5,0.0091,quote-bid,back off: book leaning down,9cf4e0ca2aac1cb274a2ef125d89b514
2026-09-22T06:34:05.132Z,dry,ETH-USD,7,cancel,sell,2733.8,0.0091,quote-ask,target moved 2733.8 -> 2733.7,12341930f9e8a74205761f2c3672b8ad
2026-09-22T06:34:05.227Z,dry,ETH-USD,7,place,sell,2733.7,0.0091,quote-ask,rejoin best,d953ef676d04514fcd46bd87566d109e
2026-09-22T06:34:05.539Z,dry,BTC-USD,6,place,sell,85470,0.00029,quote-ask,back off: book leaning up,22ab1d7b322b716dc786059b82751b13
2026-09-22T06:34:05.633Z,dry,ETH-USD,7,place,sell,2734.4,0.0091,quote-ask,back off: book leaning up,edcba5dc4f5c0c2070d36b60de10f652
2026-09-22T06:34:05.945Z,dry,BTC-USD,6,cancel,buy,85458,0.00029,quote-bid,target moved 85458 -> 85467,de7580281d17253b74193224bf47ebb7
2026-09-22T06:34:06.041Z,dry,BTC-USD,6,place,buy,85467,0.00029,quote-bid,back off: holding back-off,bdb09e050feb2b680bea319411966659
2026-09-22T06:34:06.352Z,dry,BTC-USD,6,cancel,buy,85467,0.00029,quote-bid,target moved 85467 -> 85468,bdb09e050feb2b680bea319411966659
2026-09-22T06:34:06.459Z,dry,BTC-USD,6,place,buy,85468,0.00029,quote-bid,rejoin best,e859094336f4daecb73dad718bd0ba66
2026-09-22T06:34:06.573Z,dry,ETH-USD,7,cancel,buy,2733.5,0.0091,quote-bid,target moved 2733.5 -> 2734.3,9cf4e0ca2aac1cb274a2ef125d89b514
2026-09-22T06:34:06.668Z,dry,ETH-USD,7,place,buy,2734.3,0.0091,quote-bid,back off: holding back-off,0c9c118c57b86a553ed56572b958fe1a
2026-09-22T06:34:06.757Z,dry,ETH-USD,7,place,sell,2734.6,0.0091,quote-ask,back off: holding inventory,ddf76b4c5218231af6df275e825f1b97
2026-09-22T06:34:06.970Z,dry,BTC-USD,6,place,sell,85483,0.00029,quote-ask,back off: holding inventory,b35cb42aec15156ff077b1e615124266
2026-09-22T06:34:07.377Z,dry,BTC-USD,6,cancel,buy,85468,0.00029,quote-bid,target moved 85468 -> 85480,e859094336f4daecb73dad718bd0ba66
2026-09-22T06:34:07.471Z,dry,BTC-USD,6,place,buy,85480,0.00029,quote-bid,back off: book leaning down,3d2da910027347839d7e99f0ae466c95
2026-09-22T06:34:07.565Z,dry,ETH-USD,7,cancel,buy,2734.3,0.0091,quote-bid,target moved 2734.3 -> 2734.2,0c9c118c57b86a553ed56572b958fe1a
2026-09-22T06:34:07.656Z,dry,ETH-USD,7,cancel,sell,2734.6,0.0091,quote-ask,target moved 2734.6 -> 2734.5,ddf76b4c5218231af6df275e825f1b97
2026-09-22T06:34:07.741Z,dry,ETH-USD,7,place,buy,2734.2,0.0091,quote-bid,back off: holding back-off,37e0ffe1c5a566e019c7034cd9637b84
2026-09-22T06:34:07.828Z,dry,ETH-USD,7,place,sell,2734.5,0.0091,quote-ask,back off: book leaning up,9a9d5191e376867015928167f3995c9c
2026-09-22T06:34:07.991Z,dry,ETH-USD,7,cancel,buy,2734.2,0.0091,quote-bid,target moved 2734.2 -> 2734.3,37e0ffe1c5a566e019c7034cd9637b84
2026-09-22T06:34:08.087Z,dry,ETH-USD,7,place,buy,2734.3,0.0091,quote-bid,back off: holding back-off,b11f13b25e9895ef2a97ac3e21ba8eb0
2026-09-22T06:34:08.400Z,dry,BTC-USD,6,cancel,buy,85480,0.00029,quote-bid,target moved 85480 -> 85481,3d2da910027347839d7e99f0ae466c95
2026-09-22T06:34:08.495Z,dry,BTC-USD,6,place,buy,85481,0.00029,quote-bid,rejoin best,1f960ed5cc4dcd1cc7b2198611c1e6a5
2026-09-22T06:34:08.586Z,dry,ETH-USD,7,cancel,sell,2734.5,0.0091,quote-ask,target moved 2734.5 -> 2734.7,9a9d5191e376867015928167f3995c9c
2026-09-22T06:34:08.682Z,dry,ETH-USD,7,place,sell,2734.7,0.0091,quote-ask,back off: book leaning up,998442d3ad842ba70692d0a505485cba
2026-09-22T06:34:08.806Z,dry,ETH-USD,7,cancel,buy,2734.3,0.0091,quote-bid,target moved 2734.3 -> 2734.1,b11f13b25e9895ef2a97ac3e21ba8eb0
2026-09-22T06:34:08.901Z,dry,ETH-USD,7,place,buy,2734.1,0.0091,quote-bid,rejoin best,5bfa6fbcd6856ba8df5fcc03d998ee5f
2026-09-22T06:34:09.616Z,dry,ETH-USD,7,cancel,sell,2734.7,0.0091,quote-ask,target moved 2734.7 -> 2734.6,998442d3ad842ba70692d0a505485cba
2026-09-22T06:34:09.711Z,dry,ETH-USD,7,place,sell,2734.6,0.0091,quote-ask,back off: holding inventory,809917ba4423f8d2ddfe7931a27e0f1e
2026-09-22T06:34:09.819Z,dry,ETH-USD,7,cancel,buy,2734.1,0.0091,quote-bid,target moved 2734.1 -> 2734.4,5bfa6fbcd6856ba8df5fcc03d998ee5f
2026-09-22T06:34:09.914Z,dry,ETH-USD,7,place,buy,2734.4,0.0091,quote-bid,rejoin best,7318e8f42453365a50687c6f7455bd31
2026-09-22T06:34:11.241Z,dry,ETH-USD,7,cancel,buy,2734.4,0.0091,quote-bid,target moved 2734.4 -> 2734.5,7318e8f42453365a50687c6f7455bd31
2026-09-22T06:34:11.336Z,dry,ETH-USD,7,place,buy,2734.5,0.0091,quote-bid,back off: book leaning down,5608a63ed85179a5fffd14d49b9bf801
2026-09-22T06:34:12.857Z,dry,BTC-USD,6,cancel,buy,85481,0.00029,quote-bid,target moved 85481 -> 85488,1f960ed5cc4dcd1cc7b2198611c1e6a5
2026-09-22T06:34:12.951Z,dry,BTC-USD,6,place,buy,85488,0.00029,quote-bid,rejoin best,08fb238d88509a49ee34ec185ce5a821
2026-09-22T06:34:13.043Z,dry,ETH-USD,7,cancel,buy,2734.5,0.0091,quote-bid,target moved 2734.5 -> 2734.4,5608a63ed85179a5fffd14d49b9bf801
2026-09-22T06:34:13.141Z,dry,ETH-USD,7,place,buy,2734.4,0.0091,quote-bid,back off: holding back-off,70162921a05f71ec2ec204025da8fd0d
2026-09-22T06:34:13.262Z,dry,ETH-USD,7,cancel,buy,2734.4,0.0091,quote-bid,target moved 2734.4 -> 2734.5,70162921a05f71ec2ec204025da8fd0d
2026-09-22T06:34:13.359Z,dry,ETH-USD,7,place,buy,2734.5,0.0091,quote-bid,rejoin best,3b749cf8182ce9e238e09beb8ad56068
2026-09-22T06:34:14.276Z,dry,BTC-USD,6,cancel,buy,85488,0.00029,quote-bid,target moved 85488 -> 85497,08fb238d88509a49ee34ec185ce5a821
2026-09-22T06:34:14.371Z,dry,BTC-USD,6,place,buy,85497,0.00029,quote-bid,rejoin best,386e11d595e1f7e21d05976477570c74
2026-09-22T06:34:14.464Z,dry,ETH-USD,7,cancel,buy,2734.5,0.0091,quote-bid,target moved 2734.5 -> 2734.7,3b749cf8182ce9e238e09beb8ad56068
2026-09-22T06:34:14.561Z,dry,ETH-USD,7,place,buy,2734.7,0.0091,quote-bid,rejoin best,3d87e0365342c567e7517524d1d9835d
2026-09-22T06:34:15.090Z,dry,ETH-USD,7,cancel,buy,2734.7,0.0091,quote-bid,target moved 2734.7 -> 2734.9,3d87e0365342c567e7517524d1d9835d
2026-09-22T06:34:15.187Z,dry,ETH-USD,7,place,buy,2734.9,0.0091,quote-bid,rejoin best,54f9cdfc896b87759c8f7fbc99ad30e8
2026-09-22T06:34:16.107Z,dry,BTC-USD,6,cancel,buy,85497,0.00029,quote-bid,target moved 85497 -> 85506,386e11d595e1f7e21d05976477570c74
2026-09-22T06:34:16.203Z,dry,BTC-USD,6,place,buy,85506,0.00029,quote-bid,rejoin best,6a75506fbee5ac8952fd10a37e629d60
2026-09-22T06:34:17.728Z,dry,BTC-USD,6,cancel,buy,85506,0.00029,quote-bid,target moved 85506 -> 85505,6a75506fbee5ac8952fd10a37e629d60
2026-09-22T06:34:17.823Z,dry,BTC-USD,6,place,buy,85505,0.00029,quote-bid,back off: book leaning down,debdc764be02c33d0c94b0e7ad9144f7
2026-09-22T06:34:18.943Z,dry,ETH-USD,7,place,buy,2734.4,0.0091,quote-bid,join best,5010557713c3576593b6745d22ae5b32
2026-09-22T06:34:19.036Z,dry,ETH-USD,7,place,sell,2735,0.0091,quote-ask,back off: holding inventory,9cc81d0cfbb41e3c4d3869d20757f78f
2026-09-22T06:34:19.548Z,dry,ETH-USD,7,cancel,sell,2735,0.0091,quote-ask,target moved 2735 -> 2734.8,9cc81d0cfbb41e3c4d3869d20757f78f
2026-09-22T06:34:19.643Z,dry,ETH-USD,7,place,sell,2734.8,0.0091,quote-ask,back off: holding inventory,d419c691e09120716d4e8033bcf4d9d5
2026-09-22T06:34:19.750Z,dry,ETH-USD,7,cancel,buy,2734.4,0.0091,quote-bid,target moved 2734.4 -> 2734.5,5010557713c3576593b6745d22ae5b32
2026-09-22T06:34:19.845Z,dry,ETH-USD,7,place,buy,2734.5,0.0091,quote-bid,rejoin best,50f28be9238350df3c8f7fcd36854146
2026-09-22T06:34:22.187Z,dry,BTC-USD,6,place,buy,85500,0.00029,quote-bid,back off: book leaning down,c0eaf8a56ba096135fbe6fd6c33e7b8f
2026-09-22T06:34:22.283Z,dry,BTC-USD,6,place,sell,85503,0.00029,quote-ask,back off: holding inventory,6caa6ad584c022a9a6089842980d004b
2026-09-22T06:34:23.002Z,dry,ETH-USD,7,cancel,buy,2734.5,0.0091,quote-bid,target moved 2734.5 -> 2734.4,50f28be9238350df3c8f7fcd36854146
2026-09-22T06:34:23.096Z,dry,ETH-USD,7,cancel,sell,2734.8,0.0091,quote-ask,target moved 2734.8 -> 2734.7,d419c691e09120716d4e8033bcf4d9d5
2026-09-22T06:34:23.190Z,dry,ETH-USD,7,place,buy,2734.4,0.0091,quote-bid,back off: holding back-off,30961dd986fffb5661cf7826fc48e32c
2026-09-22T06:34:23.280Z,dry,ETH-USD,7,place,sell,2734.7,0.0091,quote-ask,back off: holding inventory,b6fb3b209d751e28d4820a29f613fbd6
2026-09-22T06:34:23.407Z,dry,BTC-USD,6,cancel,buy,85500,0.00029,quote-bid,target moved 85500 -> 85501,c0eaf8a56ba096135fbe6fd6c33e7b8f
2026-09-22T06:34:23.502Z,dry,BTC-USD,6,place,buy,85501,0.00029,quote-bid,rejoin best,e67c27bf5c1f0890935b8466439460c8
2026-09-22T06:34:23.592Z,dry,ETH-USD,7,cancel,buy,2734.4,0.0091,quote-bid,target moved 2734.4 -> 2734.5,30961dd986fffb5661cf7826fc48e32c
2026-09-22T06:34:23.689Z,dry,ETH-USD,7,place,buy,2734.5,0.0091,quote-bid,rejoin best,a36264879778f66f8abcaad41a23c27d
2026-09-22T06:34:24.217Z,dry,BTC-USD,6,cancel,buy,85501,0.00029,quote-bid,target moved 85501 -> 85500,e67c27bf5c1f0890935b8466439460c8
2026-09-22T06:34:24.312Z,dry,BTC-USD,6,place,buy,85500,0.00029,quote-bid,back off: book leaning down,0b1b9f6559311aadcf67637f14bbcd3f
2026-09-22T06:34:24.640Z,dry,ETH-USD,7,place,buy,2734,0.0091,quote-bid,join best,8c7d0be52dba3e5f538467602a2063f3
2026-09-22T06:34:24.844Z,dry,BTC-USD,6,place,buy,85495,0.00029,quote-bid,back off: holding back-off,7e83f9b327733e9198d9ad237a76532d
2026-09-22T06:34:25.251Z,dry,BTC-USD,6,place,buy,85488,0.00029,quote-bid,back off: book leaning down,d87c48a1826099563c3a38cabe48e6cd
2026-09-22T06:34:25.666Z,dry,BTC-USD,6,cancel,sell,85503,0.00029,quote-ask,target moved 85503 -> 85491,6caa6ad584c022a9a6089842980d004b
2026-09-22T06:34:25.762Z,dry,BTC-USD,6,place,sell,85491,0.00029,quote-ask,back off: holding back-off,eff1265a4306824960e48116f507dd2b
2026-09-22T06:34:25.855Z,dry,ETH-USD,7,cancel,buy,2734,0.0091,quote-bid,target moved 2734 -> 2733.9,8c7d0be52dba3e5f538467602a2063f3
2026-09-22T06:34:25.948Z,dry,ETH-USD,7,cancel,sell,2734.7,0.0091,quote-ask,target moved 2734.7 -> 2734.2,b6fb3b209d751e28d4820a29f613fbd6
2026-09-22T06:34:26.043Z,dry,ETH-USD,7,place,buy,2733.9,0.0091,quote-bid,back off: holding back-off,5c677880f50c67945fac82045808f93f
2026-09-22T06:34:26.138Z,dry,ETH-USD,7,reject,buy,2733.9,0.0091,quote-bid,post only order would cross,5c677880f50c67945fac82045808f93f
2026-09-22T06:34:26.149Z,dry,ETH-USD,7,place,sell,2734.2,0.0091,quote-ask,back off: holding inventory,c9ace9ac320a593788705b3067abe9b9
2026-09-22T06:34:26.282Z,dry,BTC-USD,6,place,buy,85469,0.00029,quote-bid,back off: holding inventory,29b89fc8983582621916382d9b808131
2026-09-22T06:34:26.375Z,dry,ETH-USD,7,place,buy,2733.5,0.0091,quote-bid,back off: holding back-off,7bf20179901f6d09e3cb99664bb4bcb5
2026-09-22T06:34:26.686Z,dry,ETH-USD,7,cancel,buy,2733.5,0.0091,quote-bid,target moved 2733.5 -> 2733.6,7bf20179901f6d09e3cb99664bb4bcb5
2026-09-22T06:34:26.780Z,dry,ETH-USD,7,cancel,sell,2734.2,0.0091,quote-ask,target moved 2734.2 -> 2733.9,c9ace9ac320a593788705b3067abe9b9
2026-09-22T06:34:26.876Z,dry,ETH-USD,7,place,buy,2733.6,0.0091,quote-bid,rejoin best,32b73e13d0769f0f9054a173b5caeb0a
2026-09-22T06:34:26.972Z,dry,ETH-USD,7,place,sell,2733.9,0.0091,quote-ask,back off: book leaning up,08f5205749f37b6c35ee4da811dd6fbd
2026-09-22T06:34:27.301Z,dry,BTC-USD,6,cancel,buy,85469,0.00029,quote-bid,target moved 85469 -> 85476,29b89fc8983582621916382d9b808131
2026-09-22T06:34:27.396Z,dry,BTC-USD,6,cancel,sell,85491,0.00029,quote-ask,target moved 85491 -> 85478,eff1265a4306824960e48116f507dd2b
2026-09-22T06:34:27.492Z,dry,BTC-USD,6,place,buy,85476,0.00029,quote-bid,back off: book leaning down,718370d7117d917098ed30e1e7d3a65a
2026-09-22T06:34:27.586Z,dry,BTC-USD,6,place,sell,85478,0.00029,quote-ask,rejoin best,835384821d6cc84a96201767f4b2cbde
2026-09-22T06:34:27.678Z,dry,ETH-USD,7,cancel,sell,2733.9,0.0091,quote-ask,target moved 2733.9 -> 2733.8,08f5205749f37b6c35ee4da811dd6fbd
2026-09-22T06:34:27.775Z,dry,ETH-USD,7,place,sell,2733.8,0.0091,quote-ask,back off: book leaning up,5ef60e4e2044c0be61908e9209c61eb4
2026-09-22T06:34:27.918Z,dry,ETH-USD,7,place,buy,2733.2,0.0091,quote-bid,join best,5f05f60a13822baba73704f6d4668be1
2026-09-22T06:34:28.523Z,dry,ETH-USD,7,cancel,sell,2733.8,0.0091,quote-ask,target moved 2733.8 -> 2733.3,5ef60e4e2044c0be61908e9209c61eb4
2026-09-22T06:34:28.618Z,dry,ETH-USD,7,place,sell,2733.3,0.0091,quote-ask,rejoin best,457b3fd156a3745e14b379fd104bda84
2026-09-22T06:34:31.362Z,dry,ETH-USD,7,place,sell,2733.7,0.0091,quote-ask,back off: holding inventory,d2300bad384987bfeb17da68f57452ca
2026-09-22T06:34:31.768Z,dry,ETH-USD,7,cancel,buy,2733.2,0.0091,quote-bid,target moved 2733.2 -> 2733.4,5f05f60a13822baba73704f6d4668be1
2026-09-22T06:34:31.858Z,dry,ETH-USD,7,place,buy,2733.4,0.0091,quote-bid,back off: holding back-off,4d088d9706cd765f4df31ad3f717827b
2026-09-22T06:34:33.996Z,dry,ETH-USD,7,cancel,buy,2733.4,0.0091,quote-bid,target moved 2733.4 -> 2733.5,4d088d9706cd765f4df31ad3f717827b
2026-09-22T06:34:34.094Z,dry,ETH-USD,7,place,buy,2733.5,0.0091,quote-bid,rejoin best,082d30bdb89b473b985456f977227f88
2026-09-22T06:34:34.402Z,dry,ETH-USD,7,cancel,buy,2733.5,0.0091,quote-bid,target moved 2733.5 -> 2733.4,082d30bdb89b473b985456f977227f88
2026-09-22T06:34:34.499Z,dry,ETH-USD,7,place,buy,2733.4,0.0091,quote-bid,back off: book leaning down,62c0ef57f6127fc0cd5fc7c472a73cdc
2026-09-22T06:34:36.233Z,dry,ETH-USD,7,place,buy,2733,0.0091,quote-bid,back off: holding back-off,47bb42b68e9a3b33d2fbff77aec7340c
2026-09-22T06:34:36.437Z,dry,BTC-USD,6,place,buy,85471,0.00029,quote-bid,back off: book leaning down,22ba5e283a77cd9d66bcf156836e5d27
2026-09-22T06:34:36.530Z,dry,ETH-USD,7,place,buy,2732.7,0.0091,quote-bid,back off: holding inventory,d0bc60a380a8cf59859dfd614b95d5e1
2026-09-22T06:34:36.837Z,dry,BTC-USD,6,cancel,sell,85478,0.00029,quote-ask,target moved 85478 -> 85473,835384821d6cc84a96201767f4b2cbde
2026-09-22T06:34:36.933Z,dry,BTC-USD,6,place,sell,85473,0.00029,quote-ask,rejoin best,0cfdbed9ea84a559fe113f6132f35f92
2026-09-22T06:34:37.039Z,dry,ETH-USD,7,cancel,buy,2732.7,0.0091,quote-bid,target moved 2732.7 -> 2732.8,d0bc60a380a8cf59859dfd614b95d5e1
2026-09-22T06:34:37.133Z,dry,ETH-USD,7,cancel,sell,2733.7,0.0091,quote-ask,target moved 2733.7 -> 2733,d2300bad384987bfeb17da68f57452ca
2026-09-22T06:34:37.230Z,dry,ETH-USD,7,place,buy,2732.8,0.0091,quote-bid,back off: holding inventory,f3aa7fe01b4208f460e7e156c4235990
2026-09-22T06:34:37.323Z,dry,ETH-USD,7,place,sell,2733,0.0091,quote-ask,rejoin best,68ad896945d23355d6e50bf49be96e0a
2026-09-22T06:34:38.458Z,dry,BTC-USD,6,cancel,sell,85473,0.00029,quote-ask,target moved 85473 -> 85461,0cfdbed9ea84a559fe113f6132f35f92
2026-09-22T06:34:38.555Z,dry,BTC-USD,6,place,sell,85461,0.00029,quote-ask,rejoin best,2ebba0168307adf378a47c0fc8485657
2026-09-22T06:34:38.644Z,dry,ETH-USD,7,cancel,buy,2732.8,0.0091,quote-bid,target moved 2732.8 -> 2732.7,f3aa7fe01b4208f460e7e156c4235990
2026-09-22T06:34:38.737Z,dry,ETH-USD,7,cancel,sell,2733,0.0091,quote-ask,target moved 2733 -> 2732.9,68ad896945d23355d6e50bf49be96e0a
2026-09-22T06:34:38.832Z,dry,ETH-USD,7,place,buy,2732.7,0.0091,quote-bid,back off: holding inventory,e61fac0a33c4a6ddc35890af18de0b1c
2026-09-22T06:34:38.924Z,dry,ETH-USD,7,place,sell,2732.9,0.0091,quote-ask,rejoin best,1e13b7ce35daf564a49c75c52a48ac2d
2026-09-22T06:34:40.073Z,dry,ETH-USD,7,cancel,sell,2732.9,0.0091,quote-ask,target moved 2732.9 -> 2733,1e13b7ce35daf564a49c75c52a48ac2d
2026-09-22T06:34:40.169Z,dry,ETH-USD,7,place,sell,2733,0.0091,quote-ask,back off: book leaning up,a4f3e4028a0125d4ea648c4e2c5294e4
2026-09-22T06:34:40.480Z,dry,ETH-USD,7,cancel,buy,2732.7,0.0091,quote-bid,target moved 2732.7 -> 2732.6,e61fac0a33c4a6ddc35890af18de0b1c
2026-09-22T06:34:40.578Z,dry,ETH-USD,7,place,buy,2732.6,0.0091,quote-bid,back off: holding inventory,17d2322d33bf9befb5204baca8c34300
2026-09-22T06:34:40.682Z,dry,ETH-USD,7,cancel,sell,2733,0.0091,quote-ask,target moved 2733 -> 2732.9,a4f3e4028a0125d4ea648c4e2c5294e4
2026-09-22T06:34:40.772Z,dry,ETH-USD,7,place,sell,2732.9,0.0091,quote-ask,back off: book leaning up,ebd4a3f4410b21e94eb88d0ae0f64c7f
2026-09-22T06:34:43.314Z,dry,ETH-USD,7,place,buy,2732.2,0.0091,quote-bid,back off: holding inventory,f2eba7115929442cc7c2197b6e31fd1a
2026-09-22T06:34:43.920Z,dry,BTC-USD,6,cancel,sell,85461,0.00029,quote-ask,target moved 85461 -> 85454,2ebba0168307adf378a47c0fc8485657
2026-09-22T06:34:44.016Z,dry,BTC-USD,6,place,sell,85454,0.00029,quote-ask,rejoin best,c20073f27f85b5d1b121652937f41bb6
2026-09-22T06:34:44.107Z,dry,ETH-USD,7,cancel,sell,2732.9,0.0091,quote-ask,target moved 2732.9 -> 2732.5,ebd4a3f4410b21e94eb88d0ae0f64c7f
2026-09-22T06:34:44.202Z,dry,ETH-USD,7,place,sell,2732.5,0.0091,quote-ask,back off: book leaning up,b85e82f3360be38781c3134a69d9177c
2026-09-22T06:34:44.931Z,dry,ETH-USD,7,cancel,sell,2732.5,0.0091,quote-ask,target moved 2732.5 -> 2732.3,b85e82f3360be38781c3134a69d9177c
2026-09-22T06:34:45.027Z,dry,ETH-USD,7,place,sell,2732.3,0.0091,quote-ask,back off: holding back-off,d569322187d20742c7198bd5e2863423
2026-09-22T06:34:45.337Z,dry,ETH-USD,7,cancel,sell,2732.3,0.0091,quote-ask,target moved 2732.3 -> 2732.2,d569322187d20742c7198bd5e2863423
2026-09-22T06:34:45.432Z,dry,ETH-USD,7,place,sell,2732.2,0.0091,quote-ask,rejoin best,3624de9962772226d55399fb1c8547f9
2026-09-22T06:34:47.161Z,dry,ETH-USD,7,place,buy,2732.2,0.0091,quote-bid,back off: book leaning down,b9fb3bcfa5540fe8b124282ff77125be
2026-09-22T06:34:47.254Z,dry,ETH-USD,7,place,sell,2732.7,0.0091,quote-ask,join best,74808cc52ea7a1f6f19e61745f7f2aa1
2026-09-22T06:34:47.765Z,dry,ETH-USD,7,cancel,sell,2732.7,0.0091,quote-ask,target moved 2732.7 -> 2732.4,74808cc52ea7a1f6f19e61745f7f2aa1
2026-09-22T06:34:47.863Z,dry,ETH-USD,7,place,sell,2732.4,0.0091,quote-ask,rejoin best,af8f9717cf032d7bc8374e7f969584d0
2026-09-22T06:34:48.577Z,dry,ETH-USD,7,cancel,sell,2732.4,0.0091,quote-ask,target moved 2732.4 -> 2732.5,af8f9717cf032d7bc8374e7f969584d0
2026-09-22T06:34:48.673Z,dry,ETH-USD,7,place,sell,2732.5,0.0091,quote-ask,back off: book leaning up,843b9c475bcf49861393cce2d5e54e2b
2026-09-22T06:34:49.591Z,dry,ETH-USD,7,cancel,sell,2732.5,0.0091,quote-ask,target moved 2732.5 -> 2732.2,843b9c475bcf49861393cce2d5e54e2b
2026-09-22T06:34:49.687Z,dry,ETH-USD,7,place,sell,2732.2,0.0091,quote-ask,rejoin best,1df92eb53c59a63563aaa506ee150eb3
2026-09-22T06:34:49.998Z,dry,ETH-USD,7,place,buy,2732.1,0.0091,quote-bid,back off: holding inventory,c87a42eca7dee86d94f3564edbd6b93a
2026-09-22T06:34:50.092Z,dry,ETH-USD,7,place,sell,2732.3,0.0091,quote-ask,join best,be5a24f9e576c0f547127526f7834bbe
2026-09-22T06:34:50.806Z,dry,ETH-USD,7,cancel,buy,2732.1,0.0091,quote-bid,target moved 2732.1 -> 2732,c87a42eca7dee86d94f3564edbd6b93a
2026-09-22T06:34:50.900Z,dry,ETH-USD,7,cancel,sell,2732.3,0.0091,quote-ask,target moved 2732.3 -> 2732.2,be5a24f9e576c0f547127526f7834bbe
2026-09-22T06:34:51.010Z,dry,ETH-USD,7,place,buy,2732,0.0091,quote-bid,back off: holding inventory,fe9c455dc3ea6c17876a37c32f808c8e
2026-09-22T06:34:51.103Z,dry,ETH-USD,7,place,sell,2732.2,0.0091,quote-ask,rejoin best,077d4627afcb0601349b241ffcdfeeff
2026-09-22T06:34:51.226Z,dry,ETH-USD,7,cancel,buy,2732,0.0091,quote-bid,inventory cap $80,fe9c455dc3ea6c17876a37c32f808c8e
2026-09-22T06:34:51.635Z,dry,ETH-USD,7,place,buy,2732.5,0.0091,quote-bid,back off: holding inventory,cc7d39bcb5b4948aa2ae91588538f1cb
2026-09-22T06:34:51.727Z,dry,ETH-USD,7,place,sell,2732.8,0.0091,quote-ask,back off: holding back-off,7b3024edebfc7f7a80ff31b0e08f940f
2026-09-22T06:34:52.445Z,dry,ETH-USD,7,cancel,sell,2732.8,0.0091,quote-ask,target moved 2732.8 -> 2732.7,7b3024edebfc7f7a80ff31b0e08f940f
2026-09-22T06:34:52.540Z,dry,ETH-USD,7,place,sell,2732.7,0.0091,quote-ask,rejoin best,577645ddf1984a62a3dee8a11bbf6a06
2026-09-22T06:34:55.300Z,dry,ETH-USD,7,place,sell,2732.8,0.0091,quote-ask,join best,6173b0cb4d8bfadf5b1d6eb3fec7aacf
2026-09-22T06:34:55.769Z,dry,ETH-USD,7,place,sell,2732.9,0.0091,quote-ask,join best,35e3aa5055a0f5ff9ce81e2f49dd5f7d
2026-09-22T06:34:56.133Z,dry,ETH-USD,7,cancel,buy,2732.5,0.0091,quote-bid,target moved 2732.5 -> 2732.7,cc7d39bcb5b4948aa2ae91588538f1cb
2026-09-22T06:34:56.229Z,dry,ETH-USD,7,place,buy,2732.7,0.0091,quote-bid,back off: holding back-off,89c6b209a6464c488c4d705069445ea7
2026-09-22T06:34:58.372Z,dry,ETH-USD,7,cancel,buy,2732.7,0.0091,quote-bid,target moved 2732.7 -> 2732.8,89c6b209a6464c488c4d705069445ea7
2026-09-22T06:34:58.469Z,dry,ETH-USD,7,place,buy,2732.8,0.0091,quote-bid,rejoin best,9e44bc94dfcbba3fb103d9ec7c59bf79
2026-09-22T06:35:00.201Z,dry,ETH-USD,7,place,buy,2731.9,0.0091,quote-bid,back off: book leaning down,41f51b71092fb7bbe82af735a746edf7
2026-09-22T06:35:00.809Z,dry,ETH-USD,7,cancel,buy,2731.9,0.0091,quote-bid,target moved 2731.9 -> 2732.2,41f51b71092fb7bbe82af735a746edf7
2026-09-22T06:35:00.900Z,dry,ETH-USD,7,cancel,sell,2732.9,0.0091,quote-ask,target moved 2732.9 -> 2732.4,35e3aa5055a0f5ff9ce81e2f49dd5f7d
2026-09-22T06:35:00.995Z,dry,ETH-USD,7,place,buy,2732.2,0.0091,quote-bid,back off: book leaning down,be80a7896988ae08e931617ffaa2c7cf
2026-09-22T06:35:01.088Z,dry,ETH-USD,7,place,sell,2732.4,0.0091,quote-ask,rejoin best,41dee148dcc68e5bb796c3f5e479a227
2026-09-22T06:35:01.182Z,dry,ETH-USD,7,reject,sell,2732.4,0.0091,quote-ask,post only order would cross,41dee148dcc68e5bb796c3f5e479a227
2026-09-22T06:35:01.215Z,dry,ETH-USD,7,place,sell,2732.7,0.0091,quote-ask,join best,2b3ac86005d2204c93905da93f38811b
2026-09-22T06:35:01.621Z,dry,ETH-USD,7,cancel,buy,2732.2,0.0091,quote-bid,target moved 2732.2 -> 2732.5,be80a7896988ae08e931617ffaa2c7cf
2026-09-22T06:35:01.715Z,dry,ETH-USD,7,place,buy,2732.5,0.0091,quote-bid,back off: book leaning down,d4ee744e5f512d8c27b260b4e3086538
2026-09-22T06:35:02.228Z,dry,ETH-USD,7,cancel,sell,2732.7,0.0091,quote-ask,target moved 2732.7 -> 2732.8,2b3ac86005d2204c93905da93f38811b
2026-09-22T06:35:02.323Z,dry,ETH-USD,7,place,sell,2732.8,0.0091,quote-ask,back off: book leaning up,c5335bf2aab59a5f09f47e59a4de9cd1
2026-09-22T06:35:03.445Z,dry,ETH-USD,7,cancel,sell,2732.8,0.0091,quote-ask,target moved 2732.8 -> 2732.7,c5335bf2aab59a5f09f47e59a4de9cd1
2026-09-22T06:35:03.538Z,dry,ETH-USD,7,place,sell,2732.7,0.0091,quote-ask,rejoin best,1e55b981c8a07bea5dcc2256c09ab477
2026-09-22T06:35:03.849Z,dry,ETH-USD,7,cancel,sell,2732.7,0.0091,quote-ask,target moved 2732.7 -> 2732.8,1e55b981c8a07bea5dcc2256c09ab477
2026-09-22T06:35:03.944Z,dry,ETH-USD,7,place,sell,2732.8,0.0091,quote-ask,back off: book leaning up,6e884508617b887b951371f3d93c148c
2026-09-22T06:35:04.455Z,dry,ETH-USD,7,cancel,buy,2732.5,0.0091,quote-bid,target moved 2732.5 -> 2732.6,d4ee744e5f512d8c27b260b4e3086538
2026-09-22T06:35:04.548Z,dry,ETH-USD,7,cancel,sell,2732.8,0.0091,quote-ask,target moved 2732.8 -> 2732.9,6e884508617b887b951371f3d93c148c
2026-09-22T06:35:04.643Z,dry,ETH-USD,7,place,buy,2732.6,0.0091,quote-bid,back off: book leaning down,32457d9d89f29b5c23bbdd21a68f1c8b
2026-09-22T06:35:04.734Z,dry,ETH-USD,7,reject,buy,2732.6,0.0091,quote-bid,post only order would cross,32457d9d89f29b5c23bbdd21a68f1c8b
2026-09-22T06:35:04.741Z,dry,ETH-USD,7,place,sell,2732.9,0.0091,quote-ask,back off: holding back-off,c7a17dcab896e35475e144a3ddbe5970
2026-09-22T06:35:04.860Z,dry,ETH-USD,7,place,buy,2732.4,0.0091,quote-bid,back off: book leaning down,cf36b51c75d653dc190d9396113915ee
2026-09-22T06:35:05.266Z,dry,ETH-USD,7,cancel,sell,2732.9,0.0091,quote-ask,target moved 2732.9 -> 2732.6,c7a17dcab896e35475e144a3ddbe5970
2026-09-22T06:35:05.354Z,dry,ETH-USD,7,place,sell,2732.6,0.0091,quote-ask,rejoin best,d65bc666661eeb2bb4bbda1ce35ad3b8
2026-09-22T06:35:05.672Z,dry,ETH-USD,7,place,sell,2732.8,0.0091,quote-ask,back off: holding back-off,fc60d2aa16a526ba05c3dcec79c33938
2026-09-22T06:35:06.282Z,dry,ETH-USD,7,place,sell,2733.1,0.0091,quote-ask,back off: holding inventory,7ef23cd76e8502b67b91b7423aa5a41d
2026-09-22T06:35:06.684Z,dry,ETH-USD,7,cancel,buy,2732.4,0.0091,quote-bid,target moved 2732.4 -> 2732.8,cf36b51c75d653dc190d9396113915ee
2026-09-22T06:35:06.781Z,dry,ETH-USD,7,place,buy,2732.8,0.0091,quote-bid,back off: book leaning down,27e7ed9c279145e6ad17da1d86033a08
2026-09-22T06:35:08.913Z,dry,ETH-USD,7,cancel,buy,2732.8,0.0091,quote-bid,target moved 2732.8 -> 2732.9,27e7ed9c279145e6ad17da1d86033a08
2026-09-22T06:35:09.010Z,dry,ETH-USD,7,place,buy,2732.9,0.0091,quote-bid,rejoin best,48abe204583bf68a0fae656856142d3a
2026-09-22T06:35:10.943Z,dry,ETH-USD,7,place,sell,2733.6,0.0091,quote-ask,back off: holding inventory,f9222d1aa4cd1650c21b601012fbe732
2026-09-22T06:35:11.344Z,dry,ETH-USD,7,cancel,buy,2732.9,0.0091,quote-bid,target moved 2732.9 -> 2733,48abe204583bf68a0fae656856142d3a
2026-09-22T06:35:11.440Z,dry,ETH-USD,7,place,buy,2733,0.0091,quote-bid,back off: holding back-off,73e1cb5b2fa39fcd4f98eba447468cb7
2026-09-22T06:35:11.549Z,dry,ETH-USD,7,cancel,sell,2733.6,0.0091,quote-ask,target moved 2733.6 -> 2733.3,f9222d1aa4cd1650c21b601012fbe732
2026-09-22T06:35:11.643Z,dry,ETH-USD,7,place,sell,2733.3,0.0091,quote-ask,back off: holding inventory,9a86b261b2885e0cd0b02cc55ca63995
2026-09-22T06:35:12.156Z,dry,ETH-USD,7,cancel,buy,2733,0.0091,quote-bid,target moved 2733 -> 2733.1,73e1cb5b2fa39fcd4f98eba447468cb7
2026-09-22T06:35:12.251Z,dry,ETH-USD,7,place,buy,2733.1,0.0091,quote-bid,rejoin best,4143a978b2aa91251b8bebf32e65e378
2026-09-22T06:35:12.565Z,dry,ETH-USD,7,cancel,buy,2733.1,0.0091,quote-bid,target moved 2733.1 -> 2733,4143a978b2aa91251b8bebf32e65e378
2026-09-22T06:35:12.661Z,dry,ETH-USD,7,place,buy,2733,0.0091,quote-bid,back off: book leaning down,bdda5cbf666e91d4c0d0620d5f1e0d66
2026-09-22T06:35:14.395Z,dry,ETH-USD,7,place,buy,2732.7,0.0091,quote-bid,back off: book leaning down,5b3da70bdceb4c7d8544bfe6d027b150
2026-09-22T06:35:14.799Z,dry,ETH-USD,7,cancel,sell,2733.3,0.0091,quote-ask,target moved 2733.3 -> 2733,9a86b261b2885e0cd0b02cc55ca63995
2026-09-22T06:35:14.894Z,dry,ETH-USD,7,place,sell,2733,0.0091,quote-ask,back off: holding inventory,d3eb29e6994a742a1ac538eb94e9fc92
2026-09-22T06:35:16.429Z,dry,ETH-USD,7,cancel,buy,2732.7,0.0091,quote-bid,target moved 2732.7 -> 2732.8,5b3da70bdceb4c7d8544bfe6d027b150
2026-09-22T06:35:16.522Z,dry,ETH-USD,7,cancel,sell,2733,0.0091,quote-ask,target moved 2733 -> 2733.1,d3eb29e6994a742a1ac538eb94e9fc92
2026-09-22T06:35:16.632Z,dry,ETH-USD,7,place,buy,2732.8,0.0091,quote-bid,back off: book leaning down,f596eacdde85d36a0b69b226facd0569
2026-09-22T06:35:16.725Z,dry,ETH-USD,7,place,sell,2733.1,0.0091,quote-ask,back off: holding inventory,e3a636b5e4aa2c4d228453429cb5d7f9
2026-09-22T06:35:20.710Z,dry,ETH-USD,7,cancel,buy,2732.8,0.0091,quote-bid,target moved 2732.8 -> 2732.9,f596eacdde85d36a0b69b226facd0569
2026-09-22T06:35:20.806Z,dry,ETH-USD,7,place,buy,2732.9,0.0091,quote-bid,rejoin best,c1501ec0413ce68f4022df65b7bc93d1
2026-09-22T06:35:22.133Z,dry,ETH-USD,7,cancel,buy,2732.9,0.0091,quote-bid,target moved 2732.9 -> 2732.8,c1501ec0413ce68f4022df65b7bc93d1
2026-09-22T06:35:22.246Z,dry,ETH-USD,7,place,buy,2732.8,0.0091,quote-bid,back off: book leaning down,5db5ac0dcebb0e45bf7bf7d49d489684
2026-09-22T06:35:22.542Z,dry,ETH-USD,7,place,sell,2733.9,0.0091,quote-ask,back off: holding inventory,a37dbb79d82773de89255a0bbe64500b
2026-09-22T06:35:22.946Z,dry,ETH-USD,7,cancel,buy,2732.8,0.0091,quote-bid,target moved 2732.8 -> 2733.1,5db5ac0dcebb0e45bf7bf7d49d489684
2026-09-22T06:35:23.041Z,dry,ETH-USD,7,place,buy,2733.1,0.0091,quote-bid,back off: book leaning down,77ce21ec1a8ea90f3bf918d7b92ea027
2026-09-22T06:35:23.147Z,dry,BTC-USD,6,cancel,sell,85454,0.00029,quote-ask,target moved 85454 -> 85455,c20073f27f85b5d1b121652937f41bb6
2026-09-22T06:35:23.241Z,dry,BTC-USD,6,place,sell,85455,0.00029,quote-ask,back off: book leaning up,f3b92c344c7b2a79308d11b6608c444b
2026-09-22T06:35:23.757Z,dry,BTC-USD,6,place,buy,85459,0.00029,quote-bid,back off: holding inventory,37caad98b8873c28d9a6a15b11ddd23c
2026-09-22T06:35:23.850Z,dry,BTC-USD,6,place,sell,85462,0.00029,quote-ask,back off: holding back-off,b600f6ca59da5fb7fbff38b784116a36
2026-09-22T06:35:24.158Z,dry,ETH-USD,7,cancel,buy,2733.1,0.0091,quote-bid,target moved 2733.1 -> 2733.4,77ce21ec1a8ea90f3bf918d7b92ea027
2026-09-22T06:35:24.269Z,dry,ETH-USD,7,place,buy,2733.4,0.0091,quote-bid,rejoin best,9d3d79b298ff562094af99aa2cedcf29
2026-09-22T06:35:24.362Z,dry,BTC-USD,6,cancel,sell,85462,0.00029,quote-ask,target moved 85462 -> 85461,b600f6ca59da5fb7fbff38b784116a36
2026-09-22T06:35:24.472Z,dry,BTC-USD,6,place,sell,85461,0.00029,quote-ask,rejoin best,6974a92ead4337f3cfecd4672b932754
2026-09-22T06:35:24.578Z,dry,ETH-USD,7,cancel,sell,2733.9,0.0091,quote-ask,target moved 2733.9 -> 2734.3,a37dbb79d82773de89255a0bbe64500b
2026-09-22T06:35:24.690Z,dry,ETH-USD,7,place,sell,2734.3,0.0091,quote-ask,back off: holding inventory,285c43e36ee78aa9188e26fb87607237
2026-09-22T06:35:25.173Z,dry,BTC-USD,6,place,sell,85463,0.00029,quote-ask,back off: thin ask queue,07b6fcea5011302b8fa86024800c3e91
2026-09-22T06:35:25.577Z,dry,BTC-USD,6,cancel,buy,85459,0.00029,quote-bid,target moved 85459 -> 85460,37caad98b8873c28d9a6a15b11ddd23c
2026-09-22T06:35:25.672Z,dry,BTC-USD,6,place,buy,85460,0.00029,quote-bid,back off: holding inventory,ac56113df43bd36c4def9ea69e05a69d
2026-09-22T06:35:25.985Z,dry,ETH-USD,7,cancel,buy,2733.4,0.0091,quote-bid,target moved 2733.4 -> 2734.3,9d3d79b298ff562094af99aa2cedcf29
2026-09-22T06:35:26.088Z,dry,ETH-USD,7,place,buy,2734.3,0.0091,quote-bid,rejoin best,d271d4a339cf366128b4498b8f158f65
2026-09-22T06:35:26.188Z,dry,BTC-USD,6,cancel,buy,85460,0.00029,quote-bid,flatten owns instrument,ac56113df43bd36c4def9ea69e05a69d
2026-09-22T06:35:26.280Z,dry,BTC-USD,6,cancel,sell,85463,0.00029,quote-ask,flatten owns instrument,07b6fcea5011302b8fa86024800c3e91
2026-09-22T06:35:26.391Z,dry,BTC-USD,6,place,sell,85462,0.00029,flatten-post,passive exit,c856ecd32805ec085bd71870ae901b9b
2026-09-22T06:35:26.499Z,dry,ETH-USD,7,place,buy,2734,0.0091,quote-bid,join best,59897fda38135a80c29db00ea38b633d
2026-09-22T06:35:26.592Z,dry,ETH-USD,7,place,sell,2734.4,0.0091,quote-ask,back off: holding inventory,beffcb89285c9206d2ef059b8e1c8600
2026-09-22T06:35:27.821Z,dry,ETH-USD,7,cancel,sell,2734.4,0.0091,quote-ask,target moved 2734.4 -> 2734.6,beffcb89285c9206d2ef059b8e1c8600
2026-09-22T06:35:27.917Z,dry,ETH-USD,7,place,sell,2734.6,0.0091,quote-ask,back off: holding inventory,2c0a29449fac5c7779d3f4bf2209d72c
2026-09-22T06:35:28.840Z,dry,ETH-USD,7,place,buy,2733.9,0.0091,quote-bid,join best,fec704871243e9310d5f217904d788c0
2026-09-22T06:35:29.040Z,dry,ETH-USD,7,cancel,sell,2734.6,0.0091,quote-ask,target moved 2734.6 -> 2734.3,2c0a29449fac5c7779d3f4bf2209d72c
2026-09-22T06:35:29.140Z,dry,ETH-USD,7,place,sell,2734.3,0.0091,quote-ask,back off: book leaning up,3de348425d80d889f8963aba88877c8b
2026-09-22T06:35:31.677Z,dry,ETH-USD,7,cancel,sell,2734.3,0.0091,quote-ask,target moved 2734.3 -> 2734.1,3de348425d80d889f8963aba88877c8b
2026-09-22T06:35:31.772Z,dry,ETH-USD,7,place,sell,2734.1,0.0091,quote-ask,back off: book leaning up,516581a0d57d41578885dfff2794a453
2026-09-22T06:35:35.120Z,dry,ETH-USD,7,cancel,sell,2734.1,0.0091,quote-ask,target moved 2734.1 -> 2734.2,516581a0d57d41578885dfff2794a453
2026-09-22T06:35:35.214Z,dry,ETH-USD,7,place,sell,2734.2,0.0091,quote-ask,back off: holding inventory,37868eb38a05e97760d5db9a53b7d284
2026-09-22T06:35:36.947Z,dry,ETH-USD,7,place,sell,2734.4,0.0091,quote-ask,back off: holding inventory,22467f4817af2a4462e73b406d2dd17f
2026-09-22T06:35:37.352Z,dry,ETH-USD,7,cancel,buy,2733.9,0.0091,quote-bid,target moved 2733.9 -> 2734.1,fec704871243e9310d5f217904d788c0
2026-09-22T06:35:37.448Z,dry,ETH-USD,7,place,buy,2734.1,0.0091,quote-bid,back off: holding back-off,a4f874c81320dbb7ae93e82035fb311b
2026-09-22T06:35:38.163Z,dry,ETH-USD,7,cancel,buy,2734.1,0.0091,quote-bid,target moved 2734.1 -> 2734.2,a4f874c81320dbb7ae93e82035fb311b
2026-09-22T06:35:38.256Z,dry,ETH-USD,7,cancel,sell,2734.4,0.0091,quote-ask,target moved 2734.4 -> 2734.5,22467f4817af2a4462e73b406d2dd17f
2026-09-22T06:35:38.352Z,dry,ETH-USD,7,place,buy,2734.2,0.0091,quote-bid,back off: book leaning down,aa4fbec1d03c263ce4a5ba897c7e9dc4
2026-09-22T06:35:38.456Z,dry,ETH-USD,7,place,sell,2734.5,0.0091,quote-ask,back off: holding inventory,2721a342d70ab56fa128a938e284387b
2026-09-22T06:35:39.177Z,dry,ETH-USD,7,cancel,buy,2734.2,0.0091,quote-bid,target moved 2734.2 -> 2734.3,aa4fbec1d03c263ce4a5ba897c7e9dc4
2026-09-22T06:35:39.270Z,dry,ETH-USD,7,cancel,sell,2734.5,0.0091,quote-ask,target moved 2734.5 -> 2734.6,2721a342d70ab56fa128a938e284387b
2026-09-22T06:35:39.364Z,dry,ETH-USD,7,place,buy,2734.3,0.0091,quote-bid,back off: holding back-off,325aa9107eee2b027270fa8953ae4683
2026-09-22T06:35:39.454Z,dry,ETH-USD,7,place,sell,2734.6,0.0091,quote-ask,back off: holding inventory,8bfdd916834e77961818df241313d554
2026-09-22T06:35:39.782Z,dry,ETH-USD,7,cancel,buy,2734.3,0.0091,quote-bid,target moved 2734.3 -> 2734.4,325aa9107eee2b027270fa8953ae4683
2026-09-22T06:35:39.877Z,dry,ETH-USD,7,place,buy,2734.4,0.0091,quote-bid,rejoin best,a6d1515b0afc9290a44d6ea2d93f70cc
2026-09-22T06:35:40.188Z,dry,ETH-USD,7,cancel,buy,2734.4,0.0091,quote-bid,target moved 2734.4 -> 2734.3,a6d1515b0afc9290a44d6ea2d93f70cc
2026-09-22T06:35:40.284Z,dry,ETH-USD,7,place,buy,2734.3,0.0091,quote-bid,back off: book leaning down,3b98a58213137ddc1d00ff07dce9c1e9
2026-09-22T06:35:40.792Z,dry,ETH-USD,7,cancel,sell,2734.6,0.0091,quote-ask,target moved 2734.6 -> 2734.7,8bfdd916834e77961818df241313d554
2026-09-22T06:35:40.890Z,dry,ETH-USD,7,place,sell,2734.7,0.0091,quote-ask,back off: holding inventory,5ebd761bf8899c8754eddc6d8d567673
2026-09-22T06:35:40.998Z,dry,ETH-USD,7,cancel,buy,2734.3,0.0091,quote-bid,target moved 2734.3 -> 2734.4,3b98a58213137ddc1d00ff07dce9c1e9
2026-09-22T06:35:41.109Z,dry,ETH-USD,7,place,buy,2734.4,0.0091,quote-bid,back off: book leaning down,57b87ee4d0025c3f9dd0a60cd11aba80
2026-09-22T06:35:41.202Z,dry,BTC-USD,6,cancel,sell,85462,0.00029,flatten-post,flatten escalating to taker,c856ecd32805ec085bd71870ae901b9b
2026-09-22T06:35:42.215Z,dry,BTC-USD,6,place,sell,85419,0.00029,flatten-ioc,taker exit (passive window elapsed),0805b4f167773541bf3ae63ffe7c7fed
2026-09-22T06:35:42.415Z,dry,BTC-USD,6,place,buy,85460,0.00029,quote-bid,back off: aggressive selling,eb224645c2ba81fdddcf93742243ed5a
2026-09-22T06:35:42.507Z,dry,BTC-USD,6,place,sell,85463,0.00029,quote-ask,back off: thin ask queue,7e1a2f717504a191452f58d47bc20749
2026-09-22T06:35:42.601Z,dry,ETH-USD,7,cancel,buy,2734.4,0.0091,quote-bid,target moved 2734.4 -> 2734.3,57b87ee4d0025c3f9dd0a60cd11aba80
2026-09-22T06:35:42.696Z,dry,ETH-USD,7,place,buy,2734.3,0.0091,quote-bid,back off: book leaning down,c813f8574122f30ac98e8d2973804a14
2026-09-22T06:35:42.790Z,dry,ETH-USD,7,reject,buy,2734.3,0.0091,quote-bid,post only order would cross,c813f8574122f30ac98e8d2973804a14
2026-09-22T06:35:42.823Z,dry,ETH-USD,7,place,buy,2734,0.0091,quote-bid,back off: book leaning down,a5ec42d535204e64438b22b85c4dc554
2026-09-22T06:35:43.228Z,dry,ETH-USD,7,cancel,sell,2734.7,0.0091,quote-ask,target moved 2734.7 -> 2734.3,5ebd761bf8899c8754eddc6d8d567673
2026-09-22T06:35:43.338Z,dry,ETH-USD,7,place,sell,2734.3,0.0091,quote-ask,back off: holding inventory,879c6528c19919cc673760bf9bc098e9
2026-09-22T06:35:43.835Z,dry,BTC-USD,6,cancel,buy,85460,0.00029,quote-bid,target moved 85460 -> 85461,eb224645c2ba81fdddcf93742243ed5a
2026-09-22T06:35:43.930Z,dry,BTC-USD,6,place,buy,85461,0.00029,quote-bid,rejoin best,cbc748c745d43e7b172ec01200d1605e
2026-09-22T06:35:45.453Z,dry,ETH-USD,7,cancel,buy,2734,0.0091,quote-bid,target moved 2734 -> 2734.1,a5ec42d535204e64438b22b85c4dc554
2026-09-22T06:35:45.537Z,dry,ETH-USD,7,cancel,sell,2734.3,0.0091,quote-ask,target moved 2734.3 -> 2734.4,879c6528c19919cc673760bf9bc098e9
2026-09-22T06:35:45.632Z,dry,ETH-USD,7,place,buy,2734.1,0.0091,quote-bid,back off: book leaning down,b640ab4713b332497421902b78649961
2026-09-22T06:35:45.726Z,dry,ETH-USD,7,place,sell,2734.4,0.0091,quote-ask,back off: holding inventory,cb6a203087efe5a2b042569a4fce07a2
2026-09-22T06:35:48.699Z,dry,ETH-USD,7,cancel,buy,2734.1,0.0091,quote-bid,target moved 2734.1 -> 2734,b640ab4713b332497421902b78649961
2026-09-22T06:35:48.793Z,dry,ETH-USD,7,place,buy,2734,0.0091,quote-bid,back off: holding back-off,520573f6407370e7cec40b8239b80f3d
2026-09-22T06:35:48.901Z,dry,ETH-USD,7,cancel,sell,2734.4,0.0091,quote-ask,target moved 2734.4 -> 2734.3,cb6a203087efe5a2b042569a4fce07a2
2026-09-22T06:35:49.015Z,dry,ETH-USD,7,place,sell,2734.3,0.0091,quote-ask,back off: holding inventory,c665b8039d720113816c8dfb7240ed88
2026-09-22T06:35:49.308Z,dry,ETH-USD,7,cancel,buy,2734,0.0091,quote-bid,target moved 2734 -> 2734.1,520573f6407370e7cec40b8239b80f3d
2026-09-22T06:35:49.402Z,dry,ETH-USD,7,place,buy,2734.1,0.0091,quote-bid,rejoin best,233f23cd80b0f50fb29ff2711874d94d
2026-09-22T06:35:49.714Z,dry,ETH-USD,7,cancel,buy,2734.1,0.0091,quote-bid,target moved 2734.1 -> 2734,233f23cd80b0f50fb29ff2711874d94d
2026-09-22T06:35:49.808Z,dry,ETH-USD,7,place,buy,2734,0.0091,quote-bid,back off: book leaning down,2d0848157cdcf07994d54d531f976135
2026-09-22T06:35:50.930Z,dry,ETH-USD,7,cancel,buy,2734,0.0091,quote-bid,target moved 2734 -> 2733.9,2d0848157cdcf07994d54d531f976135
2026-09-22T06:35:51.024Z,dry,ETH-USD,7,cancel,sell,2734.3,0.0091,quote-ask,target moved 2734.3 -> 2734.2,c665b8039d720113816c8dfb7240ed88
2026-09-22T06:35:51.120Z,dry,ETH-USD,7,place,buy,2733.9,0.0091,quote-bid,back off: book leaning down,0ae6cc759c19e94f9dc8f45ff595f283
2026-09-22T06:35:51.213Z,dry,ETH-USD,7,place,sell,2734.2,0.0091,quote-ask,back off: holding inventory,9d6eb9f5a0055a7c2cad511e910ad9d4
2026-09-22T06:35:51.943Z,dry,ETH-USD,7,cancel,sell,2734.2,0.0091,quote-ask,target moved 2734.2 -> 2734.1,9d6eb9f5a0055a7c2cad511e910ad9d4
2026-09-22T06:35:52.040Z,dry,ETH-USD,7,place,sell,2734.1,0.0091,quote-ask,back off: holding inventory,bb318a765adbb82f465d27ef5916d0cd
2026-09-22T06:35:52.148Z,dry,ETH-USD,7,place,buy,2733.6,0.0091,quote-bid,back off: book leaning down,1cc33fe918fa460fc033c5ce53c0ac92
2026-09-22T06:35:52.552Z,dry,ETH-USD,7,cancel,sell,2734.1,0.0091,quote-ask,target moved 2734.1 -> 2733.9,bb318a765adbb82f465d27ef5916d0cd
2026-09-22T06:35:52.647Z,dry,ETH-USD,7,place,sell,2733.9,0.0091,quote-ask,back off: holding back-off,3f7eba8e389183c41361fe89864e492f
2026-09-22T06:35:52.957Z,dry,ETH-USD,7,cancel,sell,2733.9,0.0091,quote-ask,target moved 2733.9 -> 2733.8,3f7eba8e389183c41361fe89864e492f
2026-09-22T06:35:53.041Z,dry,ETH-USD,7,place,sell,2733.8,0.0091,quote-ask,rejoin best,fcf46ef6162c3f7a12b91386da29013e
2026-09-22T06:35:56.815Z,dry,ETH-USD,7,place,buy,2733.2,0.0091,quote-bid,back off: book leaning down,5c828e445aa355ebbd7deaa47a664942
2026-09-22T06:35:57.218Z,dry,ETH-USD,7,cancel,sell,2733.8,0.0091,quote-ask,target moved 2733.8 -> 2733.4,fcf46ef6162c3f7a12b91386da29013e
2026-09-22T06:35:57.328Z,dry,ETH-USD,7,place,sell,2733.4,0.0091,quote-ask,rejoin best,2b63eab4ebd4e4fddeeecc41d9cfc9f8
2026-09-22T06:35:57.822Z,dry,BTC-USD,6,cancel,sell,85463,0.00029,quote-ask,target moved 85463 -> 85462,7e1a2f717504a191452f58d47bc20749
2026-09-22T06:35:57.918Z,dry,BTC-USD,6,place,sell,85462,0.00029,quote-ask,rejoin best,cbd5df86ac338d7324ebcd805851a5b8
2026-09-22T06:35:58.225Z,dry,BTC-USD,6,cancel,sell,85462,0.00029,quote-ask,target moved 85462 -> 85463,cbd5df86ac338d7324ebcd805851a5b8
2026-09-22T06:35:58.319Z,dry,BTC-USD,6,place,sell,85463,0.00029,quote-ask,back off: book leaning up,67c13c1ab5e061b3f27e4100881282ea
2026-09-22T06:35:59.844Z,dry,BTC-USD,6,cancel,buy,85461,0.00029,quote-bid,target moved 85461 -> 85460,cbc748c745d43e7b172ec01200d1605e
2026-09-22T06:35:59.936Z,dry,BTC-USD,6,place,buy,85460,0.00029,quote-bid,back off: thin bid queue,090fd392c5b24da2a5fa2f4093c35843
2026-09-22T06:36:00.032Z,dry,ETH-USD,7,cancel,buy,2733.2,0.0091,quote-bid,target moved 2733.2 -> 2732.6,5c828e445aa355ebbd7deaa47a664942
2026-09-22T06:36:00.127Z,dry,ETH-USD,7,place,buy,2732.6,0.0091,quote-bid,back off: holding inventory,8d945fcdad07e039f3ff37743f4a8311
2026-09-22T06:36:00.252Z,dry,BTC-USD,6,cancel,sell,85463,0.00029,quote-ask,target moved 85463 -> 85462,67c13c1ab5e061b3f27e4100881282ea
2026-09-22T06:36:00.346Z,dry,BTC-USD,6,place,sell,85462,0.00029,quote-ask,rejoin best,c615b80f5849d317227a12733e3b323c
2026-09-22T06:36:00.856Z,dry,ETH-USD,7,cancel,sell,2733.4,0.0091,quote-ask,target moved 2733.4 -> 2732.8,2b63eab4ebd4e4fddeeecc41d9cfc9f8
2026-09-22T06:36:00.956Z,dry,ETH-USD,7,place,sell,2732.8,0.0091,quote-ask,rejoin best,2b9b3159fbb0321ab808fa8b21eb5f3b
2026-09-22T06:36:01.264Z,dry,ETH-USD,7,place,sell,2733.2,0.0091,quote-ask,back off: book leaning up,e7a1ac77a2bab97c0bbddde977ea0b31
2026-09-22T06:36:01.871Z,dry,ETH-USD,7,cancel,buy,2732.6,0.0091,quote-bid,target moved 2732.6 -> 2733,8d945fcdad07e039f3ff37743f4a8311
2026-09-22T06:36:01.966Z,dry,ETH-USD,7,cancel,sell,2733.2,0.0091,quote-ask,target moved 2733.2 -> 2733.3,e7a1ac77a2bab97c0bbddde977ea0b31
2026-09-22T06:36:02.061Z,dry,ETH-USD,7,place,buy,2733,0.0091,quote-bid,back off: book leaning down,f36e67b8589ede7cd7e41dfb9b426835
2026-09-22T06:36:02.155Z,dry,ETH-USD,7,place,sell,2733.3,0.0091,quote-ask,back off: holding back-off,bcc7c9a71f389da54306f8f379d6a1b0
2026-09-22T06:36:02.276Z,dry,BTC-USD,6,cancel,sell,85462,0.00029,quote-ask,target moved 85462 -> 85463,c615b80f5849d317227a12733e3b323c
2026-09-22T06:36:02.372Z,dry,BTC-USD,6,place,sell,85463,0.00029,quote-ask,back off: aggressive buying,489ffa125a9230b56bae858bca7c3a93
2026-09-22T06:36:02.465Z,dry,ETH-USD,7,cancel,sell,2733.3,0.0091,quote-ask,target moved 2733.3 -> 2733.2,bcc7c9a71f389da54306f8f379d6a1b0
2026-09-22T06:36:02.576Z,dry,ETH-USD,7,place,sell,2733.2,0.0091,quote-ask,rejoin best,6543fa40131968cf2dc1177f2d7e0843
2026-09-22T06:36:03.091Z,dry,ETH-USD,7,place,buy,2732.7,0.0091,quote-bid,back off: book leaning down,0b613a18787d6bd0ca8c9a964ee45026
2026-09-22T06:36:03.496Z,dry,ETH-USD,7,cancel,sell,2733.2,0.0091,quote-ask,target moved 2733.2 -> 2732.9,6543fa40131968cf2dc1177f2d7e0843
2026-09-22T06:36:03.591Z,dry,ETH-USD,7,place,sell,2732.9,0.0091,quote-ask,rejoin best,25ecd54f7db8b9681224e941adcd2d8c
2026-09-22T06:36:04.519Z,dry,ETH-USD,7,place,sell,2733.4,0.0091,quote-ask,join best,0f00c3baa14eae4ab49e9168a37903fd
2026-09-22T06:36:05.128Z,dry,ETH-USD,7,cancel,buy,2732.7,0.0091,quote-bid,target moved 2732.7 -> 2733.2,0b613a18787d6bd0ca8c9a964ee45026
2026-09-22T06:36:05.223Z,dry,ETH-USD,7,place,buy,2733.2,0.0091,quote-bid,back off: holding back-off,01b8c100ef063337410add986a0e3e81
2026-09-22T06:36:05.329Z,dry,ETH-USD,7,cancel,sell,2733.4,0.0091,quote-ask,target moved 2733.4 -> 2733.5,0f00c3baa14eae4ab49e9168a37903fd
2026-09-22T06:36:05.438Z,dry,ETH-USD,7,place,sell,2733.5,0.0091,quote-ask,back off: book leaning up,e33539f7d3ff6b5599ba1c1653eec11e
2026-09-22T06:36:05.546Z,dry,ETH-USD,7,place,buy,2732.9,0.0091,quote-bid,back off: holding inventory,ad5b7d1a2ee5114618395206bb6b51e1
2026-09-22T06:36:06.153Z,dry,ETH-USD,7,cancel,buy,2732.9,0.0091,quote-bid,target moved 2732.9 -> 2733.1,ad5b7d1a2ee5114618395206bb6b51e1
2026-09-22T06:36:06.250Z,dry,ETH-USD,7,place,buy,2733.1,0.0091,quote-bid,back off: holding inventory,9d47a441f8787e1d845cff56c4c52aa3
2026-09-22T06:36:06.353Z,dry,ETH-USD,7,cancel,sell,2733.5,0.0091,quote-ask,target moved 2733.5 -> 2733.4,e33539f7d3ff6b5599ba1c1653eec11e
2026-09-22T06:36:06.452Z,dry,ETH-USD,7,place,sell,2733.4,0.0091,quote-ask,back off: book leaning up,541c7ab3130ab291db725ed00076d6a5
2026-09-22T06:36:07.159Z,dry,BTC-USD,6,place,buy,85452,0.00029,quote-bid,back off: book leaning down,335ee7313db33e0beb379c8bf4b8dbf9
2026-09-22T06:36:07.572Z,dry,BTC-USD,6,cancel,sell,85463,0.00029,quote-ask,target moved 85463 -> 85455,489ffa125a9230b56bae858bca7c3a93
2026-09-22T06:36:07.667Z,dry,BTC-USD,6,place,sell,85455,0.00029,quote-ask,back off: holding back-off,0b9509b761df8b88c8b0a989baaa819c
2026-09-22T06:36:07.776Z,dry,ETH-USD,7,cancel,sell,2733.4,0.0091,quote-ask,target moved 2733.4 -> 2733.3,541c7ab3130ab291db725ed00076d6a5
2026-09-22T06:36:07.886Z,dry,ETH-USD,7,place,sell,2733.3,0.0091,quote-ask,rejoin best,5bea21d91072418505836b557162637b
2026-09-22T06:36:07.978Z,dry,BTC-USD,6,cancel,sell,85455,0.00029,quote-ask,target moved 85455 -> 85454,0b9509b761df8b88c8b0a989baaa819c
2026-09-22T06:36:08.076Z,dry,BTC-USD,6,place,sell,85454,0.00029,quote-ask,rejoin best,5ef4a921b8f21d2318352a57ff3c3c47
2026-09-22T06:36:09.200Z,dry,ETH-USD,7,place,buy,2732.4,0.0091,quote-bid,back off: book leaning down,ac9935111056cdf147a936346d3f6334
2026-09-22T06:36:09.602Z,dry,ETH-USD,7,cancel,sell,2733.3,0.0091,quote-ask,target moved 2733.3 -> 2732.8,5bea21d91072418505836b557162637b
2026-09-22T06:36:09.713Z,dry,ETH-USD,7,place,sell,2732.8,0.0091,quote-ask,rejoin best,72baca71e42ab5fed253367d797d12b5
2026-09-22T06:36:10.007Z,dry,ETH-USD,7,cancel,buy,2732.4,0.0091,quote-bid,target moved 2732.4 -> 2732.6,ac9935111056cdf147a936346d3f6334
2026-09-22T06:36:10.103Z,dry,ETH-USD,7,place,buy,2732.6,0.0091,quote-bid,back off: book leaning down,d0d62c2940f6faa5b55e762a7e6189f3
2026-09-22T06:36:12.852Z,dry,ETH-USD,7,place,sell,2732.9,0.0091,quote-ask,join best,db7175c8168a88b624672162d703e1f1
2026-09-22T06:36:13.257Z,dry,ETH-USD,7,cancel,buy,2732.6,0.0091,quote-bid,target moved 2732.6 -> 2732.7,d0d62c2940f6faa5b55e762a7e6189f3
2026-09-22T06:36:13.350Z,dry,ETH-USD,7,cancel,sell,2732.9,0.0091,quote-ask,target moved 2732.9 -> 2733,db7175c8168a88b624672162d703e1f1
2026-09-22T06:36:13.458Z,dry,ETH-USD,7,place,buy,2732.7,0.0091,quote-bid,back off: holding inventory,fa4ef2c2e37fa5d9e31a899095a597bd
2026-09-22T06:36:13.554Z,dry,ETH-USD,7,place,sell,2733,0.0091,quote-ask,back off: book leaning up,6db0831d06d3fab337a206a49bc2945d
2026-09-22T06:36:14.697Z,dry,ETH-USD,7,place,sell,2733.3,0.0091,quote-ask,back off: holding back-off,963cb3d617eb5fbdfe4917a2c00ece37
2026-09-22T06:36:15.513Z,dry,ETH-USD,7,cancel,buy,2732.7,0.0091,quote-bid,target moved 2732.7 -> 2733,fa4ef2c2e37fa5d9e31a899095a597bd
2026-09-22T06:36:15.607Z,dry,ETH-USD,7,place,buy,2733,0.0091,quote-bid,back off: holding back-off,cbaa77de8897bbc26ecc8b006d42fd83
2026-09-22T06:36:16.328Z,dry,ETH-USD,7,cancel,buy,2733,0.0091,quote-bid,target moved 2733 -> 2733.1,cbaa77de8897bbc26ecc8b006d42fd83
2026-09-22T06:36:16.423Z,dry,ETH-USD,7,place,buy,2733.1,0.0091,quote-bid,rejoin best,eb1b45e9aa2fb32c514f26c114531188
2026-09-22T06:36:16.531Z,dry,ETH-USD,7,cancel,sell,2733.3,0.0091,quote-ask,target moved 2733.3 -> 2733.2,963cb3d617eb5fbdfe4917a2c00ece37
2026-09-22T06:36:16.627Z,dry,ETH-USD,7,place,sell,2733.2,0.0091,quote-ask,rejoin best,485c2985cdf3e92ef9a4e95b57df0a96
2026-09-22T06:36:16.734Z,dry,ETH-USD,7,cancel,buy,2733.1,0.0091,quote-bid,target moved 2733.1 -> 2733,eb1b45e9aa2fb32c514f26c114531188
2026-09-22T06:36:16.830Z,dry,ETH-USD,7,place,buy,2733,0.0091,quote-bid,back off: book leaning down,cd910de8d3f829309fc0a67ad8d8fbb5
2026-09-22T06:36:17.552Z,dry,ETH-USD,7,cancel,sell,2733.2,0.0091,quote-ask,target moved 2733.2 -> 2733.3,485c2985cdf3e92ef9a4e95b57df0a96
2026-09-22T06:36:17.637Z,dry,ETH-USD,7,place,sell,2733.3,0.0091,quote-ask,back off: book leaning up,4cbf76b6f2b1bab56b8d15ad067b2cac
2026-09-22T06:36:18.372Z,dry,ETH-USD,7,cancel,buy,2733,0.0091,quote-bid,target moved 2733 -> 2733.1,cd910de8d3f829309fc0a67ad8d8fbb5
2026-09-22T06:36:18.468Z,dry,ETH-USD,7,place,buy,2733.1,0.0091,quote-bid,rejoin best,dc2fbf9c133cace27daccf6eef2298b4
2026-09-22T06:36:21.621Z,dry,ETH-USD,7,cancel,sell,2733.3,0.0091,quote-ask,target moved 2733.3 -> 2733.4,4cbf76b6f2b1bab56b8d15ad067b2cac
2026-09-22T06:36:21.717Z,dry,ETH-USD,7,place,sell,2733.4,0.0091,quote-ask,back off: holding back-off,1dc979bcc6cd7585612ace6e88021486
2026-09-22T06:36:22.026Z,dry,ETH-USD,7,cancel,sell,2733.4,0.0091,quote-ask,target moved 2733.4 -> 2733.3,1dc979bcc6cd7585612ace6e88021486
2026-09-22T06:36:22.122Z,dry,ETH-USD,7,place,sell,2733.3,0.0091,quote-ask,rejoin best,927c4e8a05a01882d230eed8664362b9
2026-09-22T06:36:23.446Z,dry,BTC-USD,6,cancel,sell,85454,0.00029,quote-ask,target moved 85454 -> 85455,5ef4a921b8f21d2318352a57ff3c3c47
2026-09-22T06:36:23.541Z,dry,BTC-USD,6,place,sell,85455,0.00029,quote-ask,back off: book leaning up,0d2c44eef511819c4ddebe06d870eedd
2026-09-22T06:36:23.646Z,dry,BTC-USD,6,reject,sell,85455,0.00029,quote-ask,post only order would cross,0d2c44eef511819c4ddebe06d870eedd
2026-09-22T06:36:23.658Z,dry,ETH-USD,7,place,sell,2733.8,0.0091,quote-ask,back off: holding inventory,a52628b03d75a0e917367af7f23cdc72
2026-09-22T06:36:23.882Z,dry,BTC-USD,6,place,sell,85463,0.00029,quote-ask,back off: book leaning up,ef42f4682e4aab7e18e5039d5a673ce0
2026-09-22T06:36:24.286Z,dry,BTC-USD,6,cancel,buy,85452,0.00029,quote-bid,target moved 85452 -> 85460,335ee7313db33e0beb379c8bf4b8dbf9
2026-09-22T06:36:24.380Z,dry,BTC-USD,6,place,buy,85460,0.00029,quote-bid,back off: holding inventory,9f406e8b08b3d2ed13e0831074d0fac2
2026-09-22T06:36:24.475Z,dry,ETH-USD,7,place,sell,2734,0.0091,quote-ask,back off: holding inventory,b657c795270e52e62ebd359c3f09cd26
2026-09-22T06:36:24.690Z,dry,ETH-USD,7,cancel,buy,2733.1,0.0091,quote-bid,target moved 2733.1 -> 2733.7,dc2fbf9c133cace27daccf6eef2298b4
2026-09-22T06:36:24.786Z,dry,ETH-USD,7,place,buy,2733.7,0.0091,quote-bid,back off: book leaning down,6972ab331cb1724e5e942d221c9c788f
2026-09-22T06:36:28.138Z,dry,BTC-USD,6,place,sell,85465,0.00029,quote-ask,back off: book leaning up,422fbe9115dc12a219b7fdaf2e5e9a53
2026-09-22T06:36:28.338Z,dry,ETH-USD,7,cancel,buy,2733.7,0.0091,quote-bid,target moved 2733.7 -> 2733.9,6972ab331cb1724e5e942d221c9c788f
2026-09-22T06:36:28.433Z,dry,ETH-USD,7,place,buy,2733.9,0.0091,quote-bid,back off: book leaning down,da469146c1c40c6aae2c2f7dac20c3e1
2026-09-22T06:36:28.541Z,dry,BTC-USD,6,cancel,buy,85460,0.00029,quote-bid,target moved 85460 -> 85462,9f406e8b08b3d2ed13e0831074d0fac2
2026-09-22T06:36:28.683Z,dry,BTC-USD,6,place,buy,85462,0.00029,quote-bid,back off: holding back-off,33e82e18ecf63a8e93941529fdd82da9
2026-09-22T06:36:28.946Z,dry,BTC-USD,6,cancel,buy,85462,0.00029,quote-bid,target moved 85462 -> 85463,33e82e18ecf63a8e93941529fdd82da9
2026-09-22T06:36:29.044Z,dry,BTC-USD,6,place,buy,85463,0.00029,quote-bid,rejoin best,94d433bd40330d07b5a8adf4c917f8ae
2026-09-22T06:36:29.968Z,dry,ETH-USD,7,place,buy,2733.7,0.0091,quote-bid,back off: holding back-off,609ff3915da2566c6bec49ff1a1c627a
2026-09-22T06:36:30.064Z,dry,ETH-USD,7,place,sell,2734,0.0091,quote-ask,back off: holding inventory,78e22dd2d775e1ba6a30c595a6b986f9
2026-09-22T06:36:30.175Z,dry,ETH-USD,7,place,buy,2733.4,0.0091,quote-bid,back off: book leaning down,85a50ac46d10804f0ce56aea0969ef4c
2026-09-22T06:36:30.578Z,dry,ETH-USD,7,cancel,sell,2734,0.0091,quote-ask,target moved 2734 -> 2733.7,78e22dd2d775e1ba6a30c595a6b986f9
2026-09-22T06:36:30.673Z,dry,ETH-USD,7,place,sell,2733.7,0.0091,quote-ask,back off: holding inventory,89fcf5ac5c32b4fb1d4deec0395c4fce
2026-09-22T06:36:32.199Z,dry,BTC-USD,6,place,buy,85453,0.00029,quote-bid,back off: holding inventory,bb2a46ce3f6a992b3c4aa497fd054c6a
2026-09-22T06:36:32.289Z,dry,ETH-USD,7,place,buy,2732.7,0.0091,quote-bid,back off: holding back-off,414e8a7cb7e387d903141e6616da616d
2026-09-22T06:36:32.600Z,dry,BTC-USD,6,cancel,sell,85465,0.00029,quote-ask,target moved 85465 -> 85456,422fbe9115dc12a219b7fdaf2e5e9a53
2026-09-22T06:36:32.696Z,dry,BTC-USD,6,place,sell,85456,0.00029,quote-ask,back off: holding back-off,1a5d6acbb60865aa7baa1569f486b4cc
2026-09-22T06:36:32.803Z,dry,ETH-USD,7,cancel,sell,2733.7,0.0091,quote-ask,target moved 2733.7 -> 2733.2,89fcf5ac5c32b4fb1d4deec0395c4fce
2026-09-22T06:36:32.915Z,dry,ETH-USD,7,place,sell,2733.2,0.0091,quote-ask,back off: holding back-off,9988eeec2b9a1787901522e7f6828499
2026-09-22T06:36:33.021Z,dry,BTC-USD,6,cancel,sell,85456,0.00029,quote-ask,target moved 85456 -> 85455,1a5d6acbb60865aa7baa1569f486b4cc
2026-09-22T06:36:33.132Z,dry,BTC-USD,6,place,sell,85455,0.00029,quote-ask,rejoin best,240c94ac5b733f226949ffa9c8c050f6
2026-09-22T06:36:33.225Z,dry,ETH-USD,7,cancel,buy,2732.7,0.0091,quote-bid,target moved 2732.7 -> 2732.8,414e8a7cb7e387d903141e6616da616d
2026-09-22T06:36:33.319Z,dry,ETH-USD,7,cancel,sell,2733.2,0.0091,quote-ask,target moved 2733.2 -> 2733.1,9988eeec2b9a1787901522e7f6828499
2026-09-22T06:36:33.413Z,dry,ETH-USD,7,place,buy,2732.8,0.0091,quote-bid,rejoin best,7825288992804678387da037743ae068
2026-09-22T06:36:33.523Z,dry,ETH-USD,7,place,sell,2733.1,0.0091,quote-ask,rejoin best,a1de186d08fb4f9518048fa4a19b9d82
2026-09-22T06:36:34.863Z,dry,ETH-USD,7,cancel,buy,2732.8,0.0091,quote-bid,target moved 2732.8 -> 2732.9,7825288992804678387da037743ae068
2026-09-22T06:36:34.958Z,dry,ETH-USD,7,place,buy,2732.9,0.0091,quote-bid,rejoin best,d0e5de98746215ef6da23e6cb529e172
2026-09-22T06:36:35.269Z,dry,ETH-USD,7,cancel,sell,2733.1,0.0091,quote-ask,target moved 2733.1 -> 2733,a1de186d08fb4f9518048fa4a19b9d82
2026-09-22T06:36:35.364Z,dry,ETH-USD,7,place,sell,2733,0.0091,quote-ask,rejoin best,61a36209b24b3c6ec68e25d99d48f8f5
2026-09-22T06:36:36.488Z,dry,ETH-USD,7,place,sell,2733.4,0.0091,quote-ask,back off: holding inventory,fc5e1a8b1e8b539e00c4d14556a11148
2026-09-22T06:36:36.890Z,dry,ETH-USD,7,cancel,buy,2732.9,0.0091,quote-bid,target moved 2732.9 -> 2733.1,d0e5de98746215ef6da23e6cb529e172
2026-09-22T06:36:36.985Z,dry,ETH-USD,7,place,buy,2733.1,0.0091,quote-bid,back off: book leaning down,89446daadefbb5748120e911c300b90c
2026-09-22T06:36:38.513Z,dry,ETH-USD,7,place,sell,2733.7,0.0091,quote-ask,back off: book leaning up,d1967ea41f1f4840cc248d14cbc0afe1
2026-09-22T06:36:38.715Z,dry,BTC-USD,6,cancel,sell,85455,0.00029,quote-ask,target moved 85455 -> 85456,240c94ac5b733f226949ffa9c8c050f6
2026-09-22T06:36:38.810Z,dry,BTC-USD,6,place,sell,85456,0.00029,quote-ask,back off: book leaning up,4d5729d723d47cd28bfec188b98cca19
2026-09-22T06:36:38.901Z,dry,BTC-USD,6,reject,sell,85456,0.00029,quote-ask,post only order would cross,4d5729d723d47cd28bfec188b98cca19
2026-09-22T06:36:38.916Z,dry,BTC-USD,6,place,sell,85463,0.00029,quote-ask,back off: book leaning up,c26ce7c92b9f9bb657f55a3b0f90a079
2026-09-22T06:36:39.119Z,dry,ETH-USD,7,cancel,sell,2733.7,0.0091,quote-ask,target moved 2733.7 -> 2733.9,d1967ea41f1f4840cc248d14cbc0afe1
2026-09-22T06:36:39.213Z,dry,ETH-USD,7,place,sell,2733.9,0.0091,quote-ask,back off: holding inventory,bd79298b03b1d3d1e3dae7f6e2a38762
2026-09-22T06:36:39.319Z,dry,BTC-USD,6,cancel,buy,85453,0.00029,quote-bid,target moved 85453 -> 85460,bb2a46ce3f6a992b3c4aa497fd054c6a
2026-09-22T06:36:39.415Z,dry,BTC-USD,6,place,buy,85460,0.00029,quote-bid,back off: holding back-off,ebffbb085c1441b5e43b17ab49bd065e
2026-09-22T06:36:39.522Z,dry,ETH-USD,7,cancel,buy,2733.1,0.0091,quote-bid,target moved 2733.1 -> 2733.5,89446daadefbb5748120e911c300b90c
2026-09-22T06:36:39.618Z,dry,ETH-USD,7,place,buy,2733.5,0.0091,quote-bid,rejoin best,4af8320431fa9d9fe23511acd3cbf5bc
2026-09-22T06:36:39.726Z,dry,BTC-USD,6,cancel,buy,85460,0.00029,quote-bid,target moved 85460 -> 85461,ebffbb085c1441b5e43b17ab49bd065e
2026-09-22T06:36:39.822Z,dry,BTC-USD,6,place,buy,85461,0.00029,quote-bid,rejoin best,8c61a97cbc653068137c97e82c874c75
2026-09-22T06:36:39.931Z,dry,ETH-USD,7,cancel,buy,2733.5,0.0091,quote-bid,target moved 2733.5 -> 2733.4,4af8320431fa9d9fe23511acd3cbf5bc
2026-09-22T06:36:40.026Z,dry,ETH-USD,7,place,buy,2733.4,0.0091,quote-bid,back off: book leaning down,723d822504c46a21d98f6f1b7da0987f
2026-09-22T06:36:40.537Z,dry,BTC-USD,6,place,sell,85479,0.00029,quote-ask,back off: holding inventory,8c271022d6c29f71002ef436548d1d9c
2026-09-22T06:36:40.942Z,dry,BTC-USD,6,cancel,buy,85461,0.00029,quote-bid,target moved 85461 -> 85464,8c61a97cbc653068137c97e82c874c75
2026-09-22T06:36:41.054Z,dry,BTC-USD,6,place,buy,85464,0.00029,quote-bid,back off: holding back-off,8e73d173fbe0a72ec2455144458af1ed
2026-09-22T06:36:41.146Z,dry,ETH-USD,7,cancel,buy,2733.4,0.0091,quote-bid,target moved 2733.4 -> 2733.7,723d822504c46a21d98f6f1b7da0987f
2026-09-22T06:36:41.255Z,dry,ETH-USD,7,place,buy,2733.7,0.0091,quote-bid,back off: book leaning down,f1611305eab5cb9a1d42ab2a1a46f5ac
2026-09-22T06:36:41.365Z,dry,BTC-USD,6,cancel,sell,85479,0.00029,quote-ask,target moved 85479 -> 85467,8c271022d6c29f71002ef436548d1d9c
2026-09-22T06:36:41.476Z,dry,BTC-USD,6,place,sell,85467,0.00029,quote-ask,back off: book leaning up,3b00f8abbc88b419a860561eac25c56d
2026-09-22T06:36:41.567Z,dry,BTC-USD,6,cancel,buy,85464,0.00029,quote-bid,target moved 85464 -> 85465,8e73d173fbe0a72ec2455144458af1ed
2026-09-22T06:36:41.664Z,dry,BTC-USD,6,place,buy,85465,0.00029,quote-bid,rejoin best,c2bc0b2f192922870e7f9a60e27e4c5a
2026-09-22T06:36:42.780Z,dry,ETH-USD,7,cancel,buy,2733.7,0.0091,quote-bid,target moved 2733.7 -> 2733.6,f1611305eab5cb9a1d42ab2a1a46f5ac
2026-09-22T06:36:42.876Z,dry,ETH-USD,7,place,buy,2733.6,0.0091,quote-bid,back off: holding back-off,1a9d7f94ec5749b5989511b2c5484650
2026-09-22T06:36:43.594Z,dry,ETH-USD,7,cancel,buy,2733.6,0.0091,quote-bid,target moved 2733.6 -> 2733.7,1a9d7f94ec5749b5989511b2c5484650
2026-09-22T06:36:43.690Z,dry,ETH-USD,7,place,buy,2733.7,0.0091,quote-bid,rejoin best,18c7a492a49c590810b9841130a1357e
2026-09-22T06:36:44.813Z,dry,ETH-USD,7,cancel,buy,2733.7,0.0091,quote-bid,target moved 2733.7 -> 2733.6,18c7a492a49c590810b9841130a1357e
2026-09-22T06:36:44.910Z,dry,ETH-USD,7,place,buy,2733.6,0.0091,quote-bid,back off: book leaning down,12933853c5cdf973b3e5c49780fa3b8a
2026-09-22T06:36:45.827Z,dry,ETH-USD,7,cancel,buy,2733.6,0.0091,quote-bid,target moved 2733.6 -> 2733.7,12933853c5cdf973b3e5c49780fa3b8a
2026-09-22T06:36:45.921Z,dry,ETH-USD,7,place,buy,2733.7,0.0091,quote-bid,rejoin best,fb3d3090b6a3d74fbf41920cd1eb1b47
2026-09-22T06:36:47.449Z,dry,ETH-USD,7,cancel,buy,2733.7,0.0091,quote-bid,target moved 2733.7 -> 2733.8,fb3d3090b6a3d74fbf41920cd1eb1b47
2026-09-22T06:36:47.544Z,dry,ETH-USD,7,place,buy,2733.8,0.0091,quote-bid,back off: book leaning down,e8d47b5ce9d68da9ea53e925858d3548
2026-09-22T06:36:50.896Z,dry,BTC-USD,6,place,sell,85475,0.00029,quote-ask,back off: holding inventory,a1671a09a064ff73a71d8f0e8f7c4d6c
2026-09-22T06:36:51.098Z,dry,ETH-USD,7,cancel,buy,2733.8,0.0091,quote-bid,target moved 2733.8 -> 2734,e8d47b5ce9d68da9ea53e925858d3548
2026-09-22T06:36:51.194Z,dry,ETH-USD,7,place,buy,2734,0.0091,quote-bid,back off: book leaning down,12cb6b158b585e4325bb04bbf8dd61e0
2026-09-22T06:36:51.300Z,dry,BTC-USD,6,cancel,buy,85465,0.00029,quote-bid,target moved 85465 -> 85473,c2bc0b2f192922870e7f9a60e27e4c5a
2026-09-22T06:36:51.397Z,dry,BTC-USD,6,place,buy,85473,0.00029,quote-bid,rejoin best,28a4af5134d6ef5a5515a4bb8d62273d
2026-09-22T06:37:01.280Z,dry,ETH-USD,7,place,buy,2733.6,0.0091,quote-bid,back off: book leaning down,4c7068117ce9216b8bc506d7824cce87
2026-09-22T06:37:01.374Z,dry,ETH-USD,7,place,sell,2733.9,0.0091,quote-ask,back off: holding inventory,e43931ecc6b3bba58c84ea54cc59f0dc
2026-09-22T06:37:02.088Z,dry,BTC-USD,6,cancel,buy,85473,0.00029,quote-bid,target moved 85473 -> 85472,28a4af5134d6ef5a5515a4bb8d62273d
2026-09-22T06:37:02.184Z,dry,BTC-USD,6,place,buy,85472,0.00029,quote-bid,back off: book leaning down,7cf89a36f2709fa01980111992bb9e5f
2026-09-22T06:37:03.102Z,dry,ETH-USD,7,cancel,buy,2733.6,0.0091,quote-bid,target moved 2733.6 -> 2733.5,4c7068117ce9216b8bc506d7824cce87
2026-09-22T06:37:03.197Z,dry,ETH-USD,7,place,buy,2733.5,0.0091,quote-bid,back off: holding back-off,b4080ab82287db86e6e00e1ccaffe192
2026-09-22T06:37:03.304Z,dry,ETH-USD,7,cancel,sell,2733.9,0.0091,quote-ask,target moved 2733.9 -> 2733.8,e43931ecc6b3bba58c84ea54cc59f0dc
2026-09-22T06:37:03.415Z,dry,ETH-USD,7,place,sell,2733.8,0.0091,quote-ask,back off: book leaning up,c638a57838c10eeb2d4d118661404920
2026-09-22T06:37:03.506Z,dry,ETH-USD,7,cancel,buy,2733.5,0.0091,quote-bid,target moved 2733.5 -> 2733.6,b4080ab82287db86e6e00e1ccaffe192
2026-09-22T06:37:03.603Z,dry,ETH-USD,7,place,buy,2733.6,0.0091,quote-bid,rejoin best,7b6fb50fe2d42d01af2c54ba21eb66fb
2026-09-22T06:37:03.709Z,dry,BTC-USD,6,cancel,buy,85472,0.00029,quote-bid,target moved 85472 -> 85473,7cf89a36f2709fa01980111992bb9e5f
2026-09-22T06:37:03.804Z,dry,BTC-USD,6,place,buy,85473,0.00029,quote-bid,rejoin best,27119758985718e2b063544270a8c5b9
2026-09-22T06:37:04.117Z,dry,BTC-USD,6,place,buy,85464,0.00029,quote-bid,back off: holding back-off,bc7c24c5eebd23cd1ba299d17ff9dcbb
2026-09-22T06:37:04.208Z,dry,ETH-USD,7,place,buy,2733,0.0091,quote-bid,join best,e21906de0a26a1a6bc9331de7dae8991
2026-09-22T06:37:04.533Z,dry,BTC-USD,6,cancel,sell,85475,0.00029,quote-ask,target moved 85475 -> 85467,a1671a09a064ff73a71d8f0e8f7c4d6c
2026-09-22T06:37:04.632Z,dry,BTC-USD,6,place,sell,85467,0.00029,quote-ask,back off: holding inventory,1d13e50e3a93b07798f8649ab10cc884
2026-09-22T06:37:04.736Z,dry,ETH-USD,7,cancel,buy,2733,0.0091,quote-bid,target moved 2733 -> 2733.1,e21906de0a26a1a6bc9331de7dae8991
2026-09-22T06:37:04.830Z,dry,ETH-USD,7,cancel,sell,2733.8,0.0091,quote-ask,target moved 2733.8 -> 2733.3,c638a57838c10eeb2d4d118661404920
2026-09-22T06:37:04.943Z,dry,ETH-USD,7,place,buy,2733.1,0.0091,quote-bid,rejoin best,30452cd422e72470f9209829254178dc
2026-09-22T06:37:05.036Z,dry,ETH-USD,7,place,sell,2733.3,0.0091,quote-ask,back off: holding inventory,da43ca986422f0c44323e4c479a413ed
2026-09-22T06:37:05.157Z,dry,BTC-USD,6,cancel,buy,85464,0.00029,quote-bid,target moved 85464 -> 85465,bc7c24c5eebd23cd1ba299d17ff9dcbb
2026-09-22T06:37:05.267Z,dry,BTC-USD,6,place,buy,85465,0.00029,quote-bid,rejoin best,62bd57b7b25b86fc14e6f43ff2543401
2026-09-22T06:37:05.375Z,dry,ETH-USD,7,cancel,buy,2733.1,0.0091,quote-bid,target moved 2733.1 -> 2733,30452cd422e72470f9209829254178dc
2026-09-22T06:37:05.487Z,dry,ETH-USD,7,place,buy,2733,0.0091,quote-bid,back off: book leaning down,4bca86ccb786df0b81110923bbd7dc4e
2026-09-22T06:37:06.984Z,dry,ETH-USD,7,place,sell,2733.7,0.0091,quote-ask,back off: book leaning up,9849181fb34d6754ae853d347106ff06
2026-09-22T06:37:07.596Z,dry,ETH-USD,7,cancel,buy,2733,0.0091,quote-bid,target moved 2733 -> 2733.4,4bca86ccb786df0b81110923bbd7dc4e
2026-09-22T06:37:07.695Z,dry,ETH-USD,7,place,buy,2733.4,0.0091,quote-bid,back off: holding back-off,42d4b4596573bd77b77d873e96e41890
2026-09-22T06:37:08.006Z,dry,ETH-USD,7,cancel,buy,2733.4,0.0091,quote-bid,target moved 2733.4 -> 2733.5,42d4b4596573bd77b77d873e96e41890
2026-09-22T06:37:08.101Z,dry,ETH-USD,7,place,buy,2733.5,0.0091,quote-bid,rejoin best,bd6f4c1ae12602a01fa79af50b24f034
2026-09-22T06:37:16.105Z,dry,BTC-USD,6,cancel,buy,85465,0.00029,quote-bid,target moved 85465 -> 85464,62bd57b7b25b86fc14e6f43ff2543401
2026-09-22T06:37:16.202Z,dry,BTC-USD,6,place,buy,85464,0.00029,quote-bid,back off: book leaning down,faaad3a89338cd68792ad088fdffd03d
2026-09-22T06:37:16.309Z,dry,ETH-USD,7,place,buy,2733.2,0.0091,quote-bid,back off: book leaning down,6d09b70292ec11db0946fa9ff56e8ec1
2026-09-22T06:37:16.511Z,dry,ETH-USD,7,cancel,sell,2733.7,0.0091,quote-ask,target moved 2733.7 -> 2733.5,9849181fb34d6754ae853d347106ff06
2026-09-22T06:37:16.601Z,dry,ETH-USD,7,place,sell,2733.5,0.0091,quote-ask,back off: holding inventory,a13a405be3255f0d34b5c0a2c9321dcd
2026-09-22T06:37:22.591Z,dry,ETH-USD,7,cancel,sell,2733.5,0.0091,quote-ask,target moved 2733.5 -> 2733.6,a13a405be3255f0d34b5c0a2c9321dcd
2026-09-22T06:37:22.686Z,dry,ETH-USD,7,place,sell,2733.6,0.0091,quote-ask,back off: holding inventory,a0c87b1124a42c4b1163658938e51fcd
2026-09-22T06:37:22.793Z,dry,ETH-USD,7,cancel,buy,2733.2,0.0091,quote-bid,target moved 2733.2 -> 2733.3,6d09b70292ec11db0946fa9ff56e8ec1
2026-09-22T06:37:22.889Z,dry,ETH-USD,7,place,buy,2733.3,0.0091,quote-bid,back off: book leaning down,ffb00c128ea64205531121d5313d145b
2026-09-22T06:37:22.981Z,dry,ETH-USD,7,reject,buy,2733.3,0.0091,quote-bid,post only order would cross,ffb00c128ea64205531121d5313d145b
2026-09-22T06:37:22.993Z,dry,ETH-USD,7,place,buy,2733,0.0091,quote-bid,back off: holding back-off,c104fe40d908bf1c9fbd26b5358a3306
2026-09-22T06:37:23.404Z,dry,ETH-USD,7,cancel,sell,2733.6,0.0091,quote-ask,target moved 2733.6 -> 2733.3,a0c87b1124a42c4b1163658938e51fcd
2026-09-22T06:37:23.500Z,dry,ETH-USD,7,place,sell,2733.3,0.0091,quote-ask,back off: holding inventory,68473af56a44e57a98e337db75c31b9f
2026-09-22T06:37:23.812Z,dry,ETH-USD,7,cancel,buy,2733,0.0091,quote-bid,target moved 2733 -> 2733.1,c104fe40d908bf1c9fbd26b5358a3306
2026-09-22T06:37:23.908Z,dry,ETH-USD,7,place,buy,2733.1,0.0091,quote-bid,rejoin best,2d37f41f0508cd10021b7ff094f25956
2026-09-22T06:37:24.019Z,dry,ETH-USD,7,place,sell,2733.6,0.0091,quote-ask,back off: holding inventory,6e88869021125599717230deea25781f
2026-09-22T06:37:24.421Z,dry,ETH-USD,7,cancel,buy,2733.1,0.0091,quote-bid,target moved 2733.1 -> 2733.4,2d37f41f0508cd10021b7ff094f25956
2026-09-22T06:37:24.515Z,dry,ETH-USD,7,place,buy,2733.4,0.0091,quote-bid,rejoin best,89362083ad3adafbf605cc92574bf478
2026-09-22T06:37:26.459Z,dry,BTC-USD,6,place,buy,85452,0.00029,quote-bid,back off: book leaning down,fa176e9361d15676c0c848ca1c8dacaa
2026-09-22T06:37:26.552Z,dry,ETH-USD,7,cancel,sell,2733.6,0.0091,quote-ask,target moved 2733.6 -> 2733.4,6e88869021125599717230deea25781f
2026-09-22T06:37:26.646Z,dry,ETH-USD,7,place,buy,2732.3,0.0091,quote-bid,back off: book leaning down,683f083a7e079313236a454329674855
2026-09-22T06:37:26.754Z,dry,ETH-USD,7,place,sell,2733.4,0.0091,quote-ask,back off: holding inventory,85500ac3309b47e6caf197bab804008d
2026-09-22T06:37:26.862Z,dry,BTC-USD,6,cancel,sell,85467,0.00029,quote-ask,target moved 85467 -> 85455,1d13e50e3a93b07798f8649ab10cc884
2026-09-22T06:37:26.956Z,dry,BTC-USD,6,place,sell,85455,0.00029,quote-ask,back off: holding back-off,85d747a0bf3905afa47166a45f8bcc5f
2026-09-22T06:37:27.270Z,dry,BTC-USD,6,cancel,sell,85455,0.00029,quote-ask,target moved 85455 -> 85454,85d747a0bf3905afa47166a45f8bcc5f
2026-09-22T06:37:27.365Z,dry,BTC-USD,6,place,sell,85454,0.00029,quote-ask,rejoin best,2077e27c47fca33ca7d808fb7511f0ba
2026-09-22T06:37:27.474Z,dry,ETH-USD,7,cancel,sell,2733.4,0.0091,quote-ask,target moved 2733.4 -> 2733.1,85500ac3309b47e6caf197bab804008d
2026-09-22T06:37:27.581Z,dry,ETH-USD,7,place,sell,2733.1,0.0091,quote-ask,back off: holding inventory,a0abd477be7f2bee4b9a9ec0a3210950
2026-09-22T06:37:27.693Z,dry,ETH-USD,7,cancel,buy,2732.3,0.0091,quote-bid,target moved 2732.3 -> 2732.9,683f083a7e079313236a454329674855
2026-09-22T06:37:27.788Z,dry,ETH-USD,7,place,buy,2732.9,0.0091,quote-bid,rejoin best,0a45b1a42259f6f67ac4007958038257
2026-09-22T06:37:35.075Z,dry,ETH-USD,7,cancel,buy,2732.9,0.0091,quote-bid,target moved 2732.9 -> 2732.8,0a45b1a42259f6f67ac4007958038257
2026-09-22T06:37:35.165Z,dry,ETH-USD,7,place,buy,2732.8,0.0091,quote-bid,back off: book leaning down,1eaa69b57518a7375b01df679c3fa620
2026-09-22T06:37:36.556Z,dry,ETH-USD,7,cancel,buy,2732.8,0.0091,quote-bid,flatten owns instrument,1eaa69b57518a7375b01df679c3fa620
2026-09-22T06:37:36.638Z,dry,ETH-USD,7,cancel,sell,2733.1,0.0091,quote-ask,flatten owns instrument,a0abd477be7f2bee4b9a9ec0a3210950
2026-09-22T06:37:36.747Z,dry,ETH-USD,7,place,buy,2732.9,0.0091,flatten-post,passive exit,f9ce8697294a9f8b91bc5e4312f5ffc3
2026-09-22T06:37:43.461Z,dry,ETH-USD,7,cancel,buy,2732.9,0.0091,flatten-post,re-peg flatten,f9ce8697294a9f8b91bc5e4312f5ffc3
2026-09-22T06:37:43.675Z,dry,ETH-USD,7,place,buy,2733.4,0.0091,flatten-post,passive exit,4047053a168b9e51f0f4b3d8f6dea776
2026-09-22T06:37:43.886Z,dry,BTC-USD,6,cancel,sell,85454,0.00029,quote-ask,target moved 85454 -> 85455,2077e27c47fca33ca7d808fb7511f0ba
2026-09-22T06:37:43.980Z,dry,BTC-USD,6,place,sell,85455,0.00029,quote-ask,back off: book leaning up,e8d195d027a549d8fdab141e5ea7ceea
2026-09-22T06:37:44.068Z,dry,ETH-USD,7,cancel,buy,2733.4,0.0091,flatten-post,re-peg flatten,4047053a168b9e51f0f4b3d8f6dea776
2026-09-22T06:37:44.312Z,dry,BTC-USD,6,cancel,buy,85452,0.00029,quote-bid,target moved 85452 -> 85453,fa176e9361d15676c0c848ca1c8dacaa
2026-09-22T06:37:44.402Z,dry,BTC-USD,6,place,buy,85453,0.00029,quote-bid,rejoin best,56c11f57361825534684452ed79faefd
2026-09-22T06:37:44.497Z,dry,ETH-USD,7,place,buy,2733.7,0.0091,flatten-post,passive exit,6d054ffcf9935a18ae36ae2e02a813a8
2026-09-22T06:37:44.741Z,dry,ETH-USD,7,place,buy,2733.5,0.0091,quote-bid,join best,4d9848381e2aaf4e9efce2ef5135e239
2026-09-22T06:37:44.846Z,dry,ETH-USD,7,place,sell,2733.6,0.0091,quote-ask,join best,a0a2eba53f16e83662bf1297a3b90f0c
2026-09-22T06:37:45.156Z,dry,ETH-USD,7,cancel,buy,2733.5,0.0091,quote-bid,target moved 2733.5 -> 2733.4,4d9848381e2aaf4e9efce2ef5135e239
2026-09-22T06:37:45.255Z,dry,ETH-USD,7,place,buy,2733.4,0.0091,quote-bid,back off: book leaning down,832274e2a89a1f816948e5c3180794d7
2026-09-22T06:37:45.755Z,dry,BTC-USD,6,cancel,sell,85455,0.00029,quote-ask,target moved 85455 -> 85454,e8d195d027a549d8fdab141e5ea7ceea
2026-09-22T06:37:45.848Z,dry,BTC-USD,6,place,sell,85454,0.00029,quote-ask,rejoin best,dc6de9438a2be30f47730804c8db2817
2026-09-22T06:37:45.952Z,dry,ETH-USD,7,cancel,buy,2733.4,0.0091,quote-bid,target moved 2733.4 -> 2733.7,832274e2a89a1f816948e5c3180794d7
2026-09-22T06:37:46.047Z,dry,ETH-USD,7,place,buy,2733.7,0.0091,quote-bid,back off: holding back-off,33f520b4200370816682022c1574aa93
2026-09-22T06:37:46.153Z,dry,ETH-USD,7,place,sell,2734,0.0091,quote-ask,back off: holding inventory,1bf20791e6505f946c74c2f03d5a9692
2026-09-22T06:37:46.791Z,dry,ETH-USD,7,cancel,buy,2733.7,0.0091,quote-bid,target moved 2733.7 -> 2733.8,33f520b4200370816682022c1574aa93
2026-09-22T06:37:46.885Z,dry,ETH-USD,7,place,buy,2733.8,0.0091,quote-bid,rejoin best,21a3f16378d49eebcbc342199d9bab7e
2026-09-22T06:37:48.053Z,dry,ETH-USD,7,cancel,buy,2733.8,0.0091,quote-bid,target moved 2733.8 -> 2733.7,21a3f16378d49eebcbc342199d9bab7e
2026-09-22T06:37:48.148Z,dry,ETH-USD,7,place,buy,2733.7,0.0091,quote-bid,back off: book leaning down,40d2af29cce55f16a329cec0fac8135f
2026-09-22T06:37:48.253Z,dry,BTC-USD,6,cancel,sell,85454,0.00029,quote-ask,target moved 85454 -> 85455,dc6de9438a2be30f47730804c8db2817
2026-09-22T06:37:48.353Z,dry,BTC-USD,6,place,sell,85455,0.00029,quote-ask,back off: book leaning up,1630af5347437c25f489f85133a58870
2026-09-22T06:37:48.434Z,dry,BTC-USD,6,reject,sell,85455,0.00029,quote-ask,post only order would cross,1630af5347437c25f489f85133a58870
2026-09-22T06:37:48.447Z,dry,ETH-USD,7,place,sell,2734.5,0.0091,quote-ask,back off: book leaning up,d80ef3da6ed269d9509788321778253d
2026-09-22T06:37:48.663Z,dry,BTC-USD,6,place,sell,85478,0.00029,quote-ask,back off: aggressive buying,61f6d70a036c1936e9b91bda68c88c05
2026-09-22T06:37:49.066Z,dry,BTC-USD,6,cancel,buy,85453,0.00029,quote-bid,target moved 85453 -> 85475,56c11f57361825534684452ed79faefd
2026-09-22T06:37:49.166Z,dry,BTC-USD,6,place,buy,85475,0.00029,quote-bid,back off: book leaning down,d1a0415aec056242bc8a19cd2dec21c6
2026-09-22T06:37:49.255Z,dry,ETH-USD,7,cancel,buy,2733.7,0.0091,quote-bid,target moved 2733.7 -> 2734.3,40d2af29cce55f16a329cec0fac8135f
2026-09-22T06:37:49.362Z,dry,ETH-USD,7,place,buy,2734.3,0.0091,quote-bid,rejoin best,c16ac9c5f0adeed1ce05d4da38d8af04
2026-09-22T06:37:50.106Z,dry,ETH-USD,7,cancel,buy,2734.3,0.0091,quote-bid,target moved 2734.3 -> 2734.2,c16ac9c5f0adeed1ce05d4da38d8af04
2026-09-22T06:37:50.200Z,dry,ETH-USD,7,place,buy,2734.2,0.0091,quote-bid,back off: book leaning down,a7de72d7c13908cf2fbc78bd1f8e578f
2026-09-22T06:37:50.307Z,dry,BTC-USD,6,place,sell,85484,0.00029,quote-ask,back off: book leaning up,1a7143af353cd10604e511aa8099f5e4
2026-09-22T06:37:50.718Z,dry,BTC-USD,6,cancel,buy,85475,0.00029,quote-bid,target moved 85475 -> 85481,d1a0415aec056242bc8a19cd2dec21c6
2026-09-22T06:37:50.827Z,dry,BTC-USD,6,place,buy,85481,0.00029,quote-bid,back off: holding back-off,9e0287fd201b7020fae884c27237a116
2026-09-22T06:37:50.918Z,dry,ETH-USD,7,cancel,buy,2734.2,0.0091,quote-bid,target moved 2734.2 -> 2734.5,a7de72d7c13908cf2fbc78bd1f8e578f
2026-09-22T06:37:51.026Z,dry,ETH-USD,7,place,buy,2734.5,0.0091,quote-bid,back off: holding back-off,60c858e6ead362cf34536bbbbc5d8f13
2026-09-22T06:37:51.752Z,dry,BTC-USD,6,cancel,buy,85481,0.00029,quote-bid,target moved 85481 -> 85493,9e0287fd201b7020fae884c27237a116
2026-09-22T06:37:51.862Z,dry,BTC-USD,6,place,buy,85493,0.00029,quote-bid,rejoin best,76370991eca040c5a7b6e5c6f233cee2
2026-09-22T06:37:51.965Z,dry,ETH-USD,7,cancel,buy,2734.5,0.0091,quote-bid,target moved 2734.5 -> 2734.4,60c858e6ead362cf34536bbbbc5d8f13
2026-09-22T06:37:52.073Z,dry,ETH-USD,7,place,buy,2734.4,0.0091,quote-bid,back off: book leaning down,f8ea76018213bde1fd9e6e128eddf090
2026-09-22T06:37:52.800Z,dry,ETH-USD,7,cancel,buy,2734.4,0.0091,quote-bid,target moved 2734.4 -> 2734.8,f8ea76018213bde1fd9e6e128eddf090
2026-09-22T06:37:52.896Z,dry,ETH-USD,7,place,buy,2734.8,0.0091,quote-bid,back off: book leaning down,de3234c99e7fed4053d0d1bcacac153e
2026-09-22T06:37:54.905Z,dry,BTC-USD,6,cancel,buy,85493,0.00029,quote-bid,target moved 85493 -> 85492,76370991eca040c5a7b6e5c6f233cee2
2026-09-22T06:37:55.013Z,dry,BTC-USD,6,place,buy,85492,0.00029,quote-bid,back off: book leaning down,ca2c972a97947fa27fc59edbae835738
2026-09-22T06:37:55.535Z,dry,BTC-USD,6,place,buy,85489,0.00029,quote-bid,back off: book leaning down,da753d290de2627442872852ce937129
2026-09-22T06:37:55.642Z,dry,BTC-USD,6,place,sell,85492,0.00029,quote-ask,back off: holding inventory,207d1e85c7b2d5db0d944fd7aa51abe0
2026-09-22T06:37:55.732Z,dry,ETH-USD,7,cancel,buy,2734.8,0.0091,quote-bid,target moved 2734.8 -> 2734.3,de3234c99e7fed4053d0d1bcacac153e
2026-09-22T06:37:55.828Z,dry,ETH-USD,7,place,buy,2734.3,0.0091,quote-bid,back off: holding back-off,df5aa010c3966d256aac218ce4e15375
2026-09-22T06:37:56.355Z,dry,ETH-USD,7,cancel,buy,2734.3,0.0091,quote-bid,target moved 2734.3 -> 2734.8,df5aa010c3966d256aac218ce4e15375
2026-09-22T06:37:56.451Z,dry,ETH-USD,7,place,buy,2734.8,0.0091,quote-bid,rejoin best,6a186dcbfbb623d4336d094661d4ff79
2026-09-22T06:37:57.392Z,dry,ETH-USD,7,cancel,buy,2734.8,0.0091,quote-bid,target moved 2734.8 -> 2735.1,6a186dcbfbb623d4336d094661d4ff79
2026-09-22T06:37:57.501Z,dry,ETH-USD,7,place,buy,2735.1,0.0091,quote-bid,back off: book leaning down,d02b4a87156fd5013dff69c0889b439f
2026-09-22T06:37:57.804Z,dry,BTC-USD,6,cancel,buy,85489,0.00029,quote-bid,target moved 85489 -> 85490,da753d290de2627442872852ce937129
2026-09-22T06:37:57.911Z,dry,BTC-USD,6,place,buy,85490,0.00029,quote-bid,rejoin best,91bf6bc8ab29741bfa7fb9bf442d386c
2026-09-22T06:37:59.689Z,dry,BTC-USD,6,cancel,buy,85490,0.00029,quote-bid,target moved 85490 -> 85499,91bf6bc8ab29741bfa7fb9bf442d386c
2026-09-22T06:37:59.797Z,dry,BTC-USD,6,place,buy,85499,0.00029,quote-bid,rejoin best,831e8b087ae57a11b21917d939f37e72
2026-09-22T06:38:02.221Z,dry,ETH-USD,7,cancel,buy,2735.1,0.0091,quote-bid,target moved 2735.1 -> 2735.5,d02b4a87156fd5013dff69c0889b439f
2026-09-22T06:38:02.316Z,dry,ETH-USD,7,place,buy,2735.5,0.0091,quote-bid,rejoin best,dcd2de46b25890f45a6daea746ade4b6
2026-09-22T06:38:02.420Z,dry,ETH-USD,7,reject,buy,2735.5,0.0091,quote-bid,post only order would cross,dcd2de46b25890f45a6daea746ade4b6
2026-09-22T06:38:02.438Z,dry,ETH-USD,7,place,buy,2735.4,0.0091,quote-bid,join best,227779e0708c597ce3a9430b0d1b23ca
2026-09-22T06:38:04.331Z,dry,BTC-USD,6,cancel,buy,85499,0.00029,quote-bid,target moved 85499 -> 85500,831e8b087ae57a11b21917d939f37e72
2026-09-22T06:38:04.428Z,dry,BTC-USD,6,place,buy,85500,0.00029,quote-bid,rejoin best,77b0579b0f43c95c246f120f6ad2d819
2026-09-22T06:38:04.943Z,dry,ETH-USD,7,cancel,buy,2735.4,0.0091,quote-bid,target moved 2735.4 -> 2735.7,227779e0708c597ce3a9430b0d1b23ca
2026-09-22T06:38:05.034Z,dry,ETH-USD,7,place,buy,2735.7,0.0091,quote-bid,back off: holding back-off,0ee53991f728f82f46cfa6ee017a8d6c
2026-09-22T06:38:06.847Z,dry,ETH-USD,7,place,buy,2735,0.0091,quote-bid,back off: holding back-off,0cd172fdd846fb8351d6319256f50a5a
2026-09-22T06:38:06.931Z,dry,ETH-USD,7,place,sell,2735.7,0.0091,quote-ask,back off: holding inventory,6e19e7265a73ca6e14bb680208f16681
2026-09-22T06:38:07.456Z,dry,ETH-USD,7,cancel,sell,2735.7,0.0091,quote-ask,target moved 2735.7 -> 2735.3,6e19e7265a73ca6e14bb680208f16681
2026-09-22T06:38:07.550Z,dry,ETH-USD,7,place,sell,2735.3,0.0091,quote-ask,back off: holding inventory,90c6f1eab624e6561e68bff933178757
2026-09-22T06:38:08.515Z,dry,ETH-USD,7,cancel,buy,2735,0.0091,quote-bid,target moved 2735 -> 2735.1,0cd172fdd846fb8351d6319256f50a5a
2026-09-22T06:38:08.612Z,dry,ETH-USD,7,place,buy,2735.1,0.0091,quote-bid,back off: book leaning down,7c642c9505707764dc0f839c174666ca
2026-09-22T06:38:10.824Z,dry,ETH-USD,7,cancel,buy,2735.1,0.0091,quote-bid,target moved 2735.1 -> 2735.5,7c642c9505707764dc0f839c174666ca
2026-09-22T06:38:10.918Z,dry,ETH-USD,7,place,buy,2735.5,0.0091,quote-bid,back off: book leaning down,a90928cc0963cc73a6a6157b95da5da7
2026-09-22T06:38:15.658Z,dry,BTC-USD,6,place,buy,85494,0.00029,quote-bid,back off: book leaning down,be7be26151ef6f34353edc3078b617c4
2026-09-22T06:38:15.753Z,dry,BTC-USD,6,place,sell,85497,0.00029,quote-ask,back off: aggressive buying,19770d15e436ef5277ef323fbf76ac46
2026-09-22T06:38:16.070Z,dry,ETH-USD,7,cancel,buy,2735.5,0.0091,quote-bid,target moved 2735.5 -> 2735.4,a90928cc0963cc73a6a6157b95da5da7
2026-09-22T06:38:16.178Z,dry,ETH-USD,7,place,buy,2735.4,0.0091,quote-bid,back off: holding back-off,4894e24e697b8391456554169b0a85ab
2026-09-22T06:38:16.495Z,dry,ETH-USD,7,cancel,buy,2735.4,0.0091,quote-bid,target moved 2735.4 -> 2735.5,4894e24e697b8391456554169b0a85ab
2026-09-22T06:38:16.587Z,dry,ETH-USD,7,place,buy,2735.5,0.0091,quote-bid,rejoin best,4f679b19fe9511ab78b96f717820c1f6
2026-09-22T06:38:17.332Z,dry,ETH-USD,7,place,buy,2735.3,0.0091,quote-bid,join best,bdcd2233472e43ce376b8276892a6846
2026-09-22T06:38:17.432Z,dry,ETH-USD,7,place,sell,2735.5,0.0091,quote-ask,back off: holding inventory,c51530f7d6bb4998b27d92e73ff83ac7
2026-09-22T06:38:17.953Z,dry,ETH-USD,7,cancel,sell,2735.5,0.0091,quote-ask,target moved 2735.5 -> 2735.6,c51530f7d6bb4998b27d92e73ff83ac7
2026-09-22T06:38:18.048Z,dry,ETH-USD,7,place,sell,2735.6,0.0091,quote-ask,back off: holding inventory,f92672596df06ab665b6cb73d0c1d8ab
2026-09-22T06:38:18.776Z,dry,BTC-USD,6,place,buy,85490,0.00029,quote-bid,back off: book leaning down,ce65eb39d52afe4c149d48ad9e6352e8
2026-09-22T06:38:18.882Z,dry,ETH-USD,7,place,buy,2734.7,0.0091,quote-bid,back off: book leaning down,4e2cd6e78fa9e46f2f9d13ed28b2a0d0
2026-09-22T06:38:19.198Z,dry,BTC-USD,6,cancel,sell,85497,0.00029,quote-ask,target moved 85497 -> 85493,19770d15e436ef5277ef323fbf76ac46
2026-09-22T06:38:19.291Z,dry,BTC-USD,6,place,sell,85493,0.00029,quote-ask,back off: aggressive buying,58bbdea7c616c615453390c7747625d0
2026-09-22T06:38:19.398Z,dry,ETH-USD,7,cancel,buy,2734.7,0.0091,quote-bid,target moved 2734.7 -> 2734.9,4e2cd6e78fa9e46f2f9d13ed28b2a0d0
2026-09-22T06:38:19.505Z,dry,ETH-USD,7,cancel,sell,2735.6,0.0091,quote-ask,target moved 2735.6 -> 2735.2,f92672596df06ab665b6cb73d0c1d8ab
2026-09-22T06:38:19.612Z,dry,ETH-USD,7,place,buy,2734.9,0.0091,quote-bid,back off: holding back-off,b51d1a8387f64aecba007790bc0727ed
2026-09-22T06:38:19.719Z,dry,ETH-USD,7,place,sell,2735.2,0.0091,quote-ask,back off: holding inventory,151253a8ba51028139518a63a44d127e
2026-09-22T06:38:19.822Z,dry,ETH-USD,7,reject,sell,2735.2,0.0091,quote-ask,post only order would cross,151253a8ba51028139518a63a44d127e
2026-09-22T06:38:19.837Z,dry,ETH-USD,7,place,sell,2735.7,0.0091,quote-ask,back off: holding inventory,a8160ae81da018ba4e5c4b1bed02377d
2026-09-22T06:38:20.451Z,dry,ETH-USD,7,cancel,sell,2735.7,0.0091,quote-ask,target moved 2735.7 -> 2735.5,a8160ae81da018ba4e5c4b1bed02377d
2026-09-22T06:38:20.552Z,dry,ETH-USD,7,place,sell,2735.5,0.0091,quote-ask,back off: holding inventory,39a9d7e74b5dd1abd2f791642287fbea
2026-09-22T06:38:21.285Z,dry,ETH-USD,7,cancel,sell,2735.5,0.0091,quote-ask,target moved 2735.5 -> 2735.6,39a9d7e74b5dd1abd2f791642287fbea
2026-09-22T06:38:21.394Z,dry,ETH-USD,7,place,sell,2735.6,0.0091,quote-ask,back off: holding inventory,fc12f7e5432c4d93dad59c86e61c46a0
2026-09-22T06:38:22.141Z,dry,ETH-USD,7,cancel,buy,2734.9,0.0091,quote-bid,target moved 2734.9 -> 2735.3,b51d1a8387f64aecba007790bc0727ed
2026-09-22T06:38:22.247Z,dry,ETH-USD,7,place,buy,2735.3,0.0091,quote-bid,back off: book leaning down,f5c29b8926958cbd2c374991c433ddf5
2026-09-22T06:38:23.189Z,dry,BTC-USD,6,cancel,buy,85490,0.00029,quote-bid,target moved 85490 -> 85491,ce65eb39d52afe4c149d48ad9e6352e8
2026-09-22T06:38:23.297Z,dry,BTC-USD,6,place,buy,85491,0.00029,quote-bid,rejoin best,e220235b986182567138217e3068e6c9
2026-09-22T06:38:23.398Z,dry,ETH-USD,7,cancel,buy,2735.3,0.0091,quote-bid,target moved 2735.3 -> 2735.4,f5c29b8926958cbd2c374991c433ddf5
2026-09-22T06:38:23.493Z,dry,ETH-USD,7,place,buy,2735.4,0.0091,quote-bid,rejoin best,d981f93d792902addb7ff37779330afc
2026-09-22T06:38:23.813Z,dry,BTC-USD,6,place,sell,85501,0.00029,quote-ask,back off: book leaning up,e8062bfdc4ee73f4e6a6954c503ad9a0
2026-09-22T06:38:23.902Z,dry,ETH-USD,7,place,sell,2736,0.0091,quote-ask,back off: holding inventory,4542e5e56a65a674c500f1260ccb5f4b
2026-09-22T06:38:24.232Z,dry,BTC-USD,6,cancel,buy,85491,0.00029,quote-bid,target moved 85491 -> 85499,e220235b986182567138217e3068e6c9
2026-09-22T06:38:24.326Z,dry,BTC-USD,6,place,buy,85499,0.00029,quote-bid,rejoin best,b71ffc52c6f09f617e5549785923e79c
2026-09-22T06:38:24.431Z,dry,ETH-USD,7,cancel,buy,2735.4,0.0091,quote-bid,target moved 2735.4 -> 2735.8,d981f93d792902addb7ff37779330afc
2026-09-22T06:38:24.539Z,dry,ETH-USD,7,place,buy,2735.8,0.0091,quote-bid,rejoin best,376f7f2b85b302e471c2e288728e0e43
2026-09-22T06:38:25.690Z,dry,ETH-USD,7,cancel,buy,2735.8,0.0091,quote-bid,target moved 2735.8 -> 2735.7,376f7f2b85b302e471c2e288728e0e43
2026-09-22T06:38:25.783Z,dry,ETH-USD,7,place,buy,2735.7,0.0091,quote-bid,back off: book leaning down,964455da11368e84c588a4da19c187d7
2026-09-22T06:38:27.789Z,dry,BTC-USD,6,cancel,buy,85499,0.00029,quote-bid,target moved 85499 -> 85498,b71ffc52c6f09f617e5549785923e79c
2026-09-22T06:38:27.882Z,dry,BTC-USD,6,place,buy,85498,0.00029,quote-bid,back off: book leaning down,6b77c12be3e6ed4ff7a45357ef7eb1fe
2026-09-22T06:38:28.214Z,dry,BTC-USD,6,place,buy,85496,0.00029,quote-bid,back off: book leaning down,e5a5c17daeea49bee3327f6fe880cfd3
2026-09-22T06:38:28.638Z,dry,BTC-USD,6,cancel,sell,85501,0.00029,quote-ask,target moved 85501 -> 85499,e8062bfdc4ee73f4e6a6954c503ad9a0
2026-09-22T06:38:28.748Z,dry,BTC-USD,6,place,sell,85499,0.00029,quote-ask,back off: holding inventory,9882d6d2bf98e209295e7c64b7e77bac
2026-09-22T06:38:29.054Z,dry,BTC-USD,6,place,buy,85493,0.00029,quote-bid,back off: book leaning down,4f8463947c8642056beb4ce6244d63aa
2026-09-22T06:38:29.156Z,dry,ETH-USD,7,place,buy,2735.2,0.0091,quote-bid,back off: book leaning down,f6c513fb046223d2144d9bc3250ee874
2026-09-22T06:38:29.474Z,dry,ETH-USD,7,cancel,sell,2736,0.0091,quote-ask,target moved 2736 -> 2735.5,4542e5e56a65a674c500f1260ccb5f4b
2026-09-22T06:38:29.567Z,dry,ETH-USD,7,place,sell,2735.5,0.0091,quote-ask,back off: holding inventory,63dc1a0023ce03eed28327a6300a59ce
2026-09-22T06:38:29.899Z,dry,BTC-USD,6,cancel,sell,85499,0.00029,quote-ask,target moved 85499 -> 85495,9882d6d2bf98e209295e7c64b7e77bac
2026-09-22T06:38:30.008Z,dry,BTC-USD,6,place,sell,85495,0.00029,quote-ask,rejoin best,fd49a9716914c91bd40e8f0dcf70ae04
2026-09-22T06:38:31.783Z,dry,ETH-USD,7,place,buy,2734.8,0.0091,quote-bid,back off: holding back-off,7a13c6006dedf016f36f4785da7b2238
2026-09-22T06:38:32.634Z,dry,ETH-USD,7,cancel,buy,2734.8,0.0091,quote-bid,target moved 2734.8 -> 2734.9,7a13c6006dedf016f36f4785da7b2238
2026-09-22T06:38:32.726Z,dry,ETH-USD,7,cancel,sell,2735.5,0.0091,quote-ask,target moved 2735.5 -> 2735.2,63dc1a0023ce03eed28327a6300a59ce
2026-09-22T06:38:32.834Z,dry,ETH-USD,7,place,buy,2734.9,0.0091,quote-bid,rejoin best,5f4b153043f41f500fef204a4dc41372
2026-09-22T06:38:32.942Z,dry,ETH-USD,7,place,sell,2735.2,0.0091,quote-ask,back off: book leaning up,f2024c88ed3074c60618919df2e54367
2026-09-22T06:38:33.469Z,dry,ETH-USD,7,cancel,buy,2734.9,0.0091,quote-bid,target moved 2734.9 -> 2735,5f4b153043f41f500fef204a4dc41372
2026-09-22T06:38:33.563Z,dry,ETH-USD,7,place,buy,2735,0.0091,quote-bid,rejoin best,990d6d998e55602207ea97366576eff8
2026-09-22T06:38:33.684Z,dry,ETH-USD,7,cancel,sell,2735.2,0.0091,quote-ask,target moved 2735.2 -> 2735.1,f2024c88ed3074c60618919df2e54367
2026-09-22T06:38:33.793Z,dry,ETH-USD,7,place,sell,2735.1,0.0091,quote-ask,rejoin best,fd67a92910e938e4e028f8e65596b308
2026-09-22T06:38:34.538Z,dry,ETH-USD,7,place,sell,2735.4,0.0091,quote-ask,back off: holding inventory,0d0b51319d0c8a85586a92005173f341
2026-09-22T06:38:35.553Z,dry,ETH-USD,7,cancel,buy,2735,0.0091,quote-bid,target moved 2735 -> 2734.9,990d6d998e55602207ea97366576eff8
2026-09-22T06:38:35.634Z,dry,ETH-USD,7,cancel,sell,2735.4,0.0091,quote-ask,target moved 2735.4 -> 2735.5,0d0b51319d0c8a85586a92005173f341
2026-09-22T06:38:35.743Z,dry,ETH-USD,7,place,buy,2734.9,0.0091,quote-bid,back off: holding back-off,e6e5d41890dfc52dafe2e2b393f7f841
2026-09-22T06:38:35.848Z,dry,ETH-USD,7,place,sell,2735.5,0.0091,quote-ask,back off: holding inventory,c79c85fbcf74572a216d633a7819201e
2026-09-22T06:38:35.967Z,dry,ETH-USD,7,cancel,buy,2734.9,0.0091,quote-bid,target moved 2734.9 -> 2735,e6e5d41890dfc52dafe2e2b393f7f841
2026-09-22T06:38:36.061Z,dry,ETH-USD,7,place,buy,2735,0.0091,quote-bid,rejoin best,4eca7adf1c89b103538fd567fbc6c7b4
2026-09-22T06:38:36.393Z,dry,ETH-USD,7,cancel,sell,2735.5,0.0091,quote-ask,target moved 2735.5 -> 2735.7,c79c85fbcf74572a216d633a7819201e
2026-09-22T06:38:36.501Z,dry,ETH-USD,7,place,sell,2735.7,0.0091,quote-ask,back off: holding inventory,8d7751301534c32cf1523750e7c31621
2026-09-22T06:38:39.969Z,dry,ETH-USD,7,cancel,sell,2735.7,0.0091,quote-ask,target moved 2735.7 -> 2735.6,8d7751301534c32cf1523750e7c31621
2026-09-22T06:38:40.061Z,dry,ETH-USD,7,place,sell,2735.6,0.0091,quote-ask,back off: book leaning up,34fe3f9abb6127821f7e9ae87393ba21
2026-09-22T06:38:44.354Z,dry,ETH-USD,7,cancel,buy,2735,0.0091,quote-bid,target moved 2735 -> 2735.3,4eca7adf1c89b103538fd567fbc6c7b4
2026-09-22T06:38:44.438Z,dry,ETH-USD,7,place,buy,2735.3,0.0091,quote-bid,back off: book leaning down,3a86c3b2b5683754cf392b08cc16c342
2026-09-22T06:38:52.094Z,dry,ETH-USD,7,cancel,buy,2735.3,0.0091,quote-bid,target moved 2735.3 -> 2735.2,3a86c3b2b5683754cf392b08cc16c342
2026-09-22T06:38:52.184Z,dry,ETH-USD,7,cancel,sell,2735.6,0.0091,quote-ask,target moved 2735.6 -> 2735.5,34fe3f9abb6127821f7e9ae87393ba21
2026-09-22T06:38:52.291Z,dry,ETH-USD,7,place,buy,2735.2,0.0091,quote-bid,back off: book leaning down,33a29b88add7850f5edc06eaece3e512
2026-09-22T06:38:52.396Z,dry,ETH-USD,7,place,sell,2735.5,0.0091,quote-ask,back off: holding inventory,cc6c33a5ee8f560a1e4548bf5b8df8be
2026-09-22T06:38:53.756Z,dry,ETH-USD,7,cancel,buy,2735.2,0.0091,quote-bid,target moved 2735.2 -> 2735.3,33a29b88add7850f5edc06eaece3e512
2026-09-22T06:38:53.849Z,dry,ETH-USD,7,place,buy,2735.3,0.0091,quote-bid,rejoin best,3be2f48f73d926415b2035a121d39e84
2026-09-22T06:38:54.179Z,dry,BTC-USD,6,cancel,sell,85495,0.00029,quote-ask,target moved 85495 -> 85496,fd49a9716914c91bd40e8f0dcf70ae04
2026-09-22T06:38:54.286Z,dry,BTC-USD,6,place,sell,85496,0.00029,quote-ask,back off: book leaning up,da0393c12cd50b446b2acfb0f8e80ba7
2026-09-22T06:38:54.392Z,dry,ETH-USD,7,place,sell,2735.7,0.0091,quote-ask,back off: holding inventory,6ff6705334edd1429f2e5b4b44ddf8d0
2026-09-22T06:38:54.605Z,dry,BTC-USD,6,cancel,buy,85493,0.00029,quote-bid,target moved 85493 -> 85494,4f8463947c8642056beb4ce6244d63aa
2026-09-22T06:38:54.697Z,dry,BTC-USD,6,place,buy,85494,0.00029,quote-bid,rejoin best,02f7dfba44bfce775ad392b98b0ff93f
2026-09-22T06:38:54.802Z,dry,ETH-USD,7,cancel,buy,2735.3,0.0091,quote-bid,target moved 2735.3 -> 2735.4,3be2f48f73d926415b2035a121d39e84
2026-09-22T06:38:54.911Z,dry,ETH-USD,7,place,buy,2735.4,0.0091,quote-bid,back off: book leaning down,d88901d93207f9f6dd2b39c67182d79c
2026-09-22T06:38:55.228Z,dry,BTC-USD,6,cancel,sell,85496,0.00029,quote-ask,target moved 85496 -> 85495,da0393c12cd50b446b2acfb0f8e80ba7
2026-09-22T06:38:55.335Z,dry,BTC-USD,6,place,sell,85495,0.00029,quote-ask,rejoin best,c6e166b3bf04507f65d3bd48fe537314
2026-09-22T06:38:57.316Z,dry,ETH-USD,7,cancel,buy,2735.4,0.0091,quote-bid,target moved 2735.4 -> 2735.5,d88901d93207f9f6dd2b39c67182d79c
2026-09-22T06:38:57.399Z,dry,ETH-USD,7,cancel,sell,2735.7,0.0091,quote-ask,target moved 2735.7 -> 2735.8,6ff6705334edd1429f2e5b4b44ddf8d0
2026-09-22T06:38:57.507Z,dry,ETH-USD,7,place,buy,2735.5,0.0091,quote-bid,back off: book leaning down,a8c03963f75e60aa628d50c61699f5e9
2026-09-22T06:38:57.594Z,dry,ETH-USD,7,place,sell,2735.8,0.0091,quote-ask,back off: holding inventory,a69fa3f8e425739a31457ff59569a789
2026-09-22T06:38:57.734Z,dry,BTC-USD,6,place,sell,85500,0.00029,quote-ask,back off: book leaning up,d4bdc69e324d8158f5a7bdb6c065f9ce
2026-09-22T06:38:58.156Z,dry,BTC-USD,6,cancel,buy,85494,0.00029,quote-bid,target moved 85494 -> 85498,02f7dfba44bfce775ad392b98b0ff93f
2026-09-22T06:38:58.263Z,dry,BTC-USD,6,place,buy,85498,0.00029,quote-bid,rejoin best,00def4840b10d0d1f82eef069dad63f0
2026-09-22T06:38:58.352Z,dry,ETH-USD,7,cancel,buy,2735.5,0.0091,quote-bid,target moved 2735.5 -> 2735.6,a8c03963f75e60aa628d50c61699f5e9
2026-09-22T06:38:58.442Z,dry,ETH-USD,7,cancel,sell,2735.8,0.0091,quote-ask,target moved 2735.8 -> 2735.9,a69fa3f8e425739a31457ff59569a789
2026-09-22T06:38:58.535Z,dry,ETH-USD,7,place,buy,2735.6,0.0091,quote-bid,back off: book leaning down,0450316082889f0afc04233651794136
2026-09-22T06:38:58.642Z,dry,ETH-USD,7,place,sell,2735.9,0.0091,quote-ask,back off: holding inventory,075b1fdaeb56d3e65a77a5396d5f00a2
2026-09-22T06:38:58.781Z,dry,BTC-USD,6,place,sell,85503,0.00029,quote-ask,back off: holding inventory,de1a223524269b1471bbdc47a967aef1
2026-09-22T06:38:58.871Z,dry,ETH-USD,7,cancel,sell,2735.9,0.0091,quote-ask,target moved 2735.9 -> 2736.1,075b1fdaeb56d3e65a77a5396d5f00a2
2026-09-22T06:38:58.964Z,dry,ETH-USD,7,place,sell,2736.1,0.0091,quote-ask,back off: book leaning up,ca2129923a45a4c0218038b949f13f3b
2026-09-22T06:38:59.205Z,dry,BTC-USD,6,cancel,buy,85498,0.00029,quote-bid,target moved 85498 -> 85501,00def4840b10d0d1f82eef069dad63f0
2026-09-22T06:38:59.313Z,dry,BTC-USD,6,place,buy,85501,0.00029,quote-bid,rejoin best,47601bf5fd7e8637b36c003977a99e1f
2026-09-22T06:38:59.402Z,dry,ETH-USD,7,cancel,sell,2736.1,0.0091,quote-ask,inventory cap $80,ca2129923a45a4c0218038b949f13f3b
2026-09-22T06:39:00.451Z,dry,BTC-USD,6,cancel,buy,85501,0.00029,quote-bid,target moved 85501 -> 85527,47601bf5fd7e8637b36c003977a99e1f
2026-09-22T06:39:00.546Z,dry,BTC-USD,6,place,buy,85527,0.00029,quote-bid,rejoin best,401fe05e953c801e137e5364682dc228
2026-09-22T06:39:01.256Z,dry,BTC-USD,6,cancel,buy,85527,0.00029,quote-bid,target moved 85527 -> 85526,401fe05e953c801e137e5364682dc228
2026-09-22T06:39:01.350Z,dry,BTC-USD,6,place,buy,85526,0.00029,quote-bid,back off: book leaning down,99c62637911e903db671d63e5104fa37
2026-09-22T06:39:01.454Z,dry,ETH-USD,7,cancel,buy,2735.6,0.0091,quote-bid,target moved 2735.6 -> 2735.7,0450316082889f0afc04233651794136
2026-09-22T06:39:01.564Z,dry,ETH-USD,7,place,buy,2735.7,0.0091,quote-bid,back off: book leaning down,0fb36b8f99a44ff15501e4b352472521
2026-09-22T06:39:02.078Z,dry,BTC-USD,6,cancel,buy,85526,0.00029,quote-bid,target moved 85526 -> 85525,99c62637911e903db671d63e5104fa37
2026-09-22T06:39:02.186Z,dry,BTC-USD,6,place,buy,85525,0.00029,quote-bid,back off: holding back-off,623e6e09c8925d205af239edfa154b56
2026-09-22T06:39:02.504Z,dry,BTC-USD,6,cancel,buy,85525,0.00029,quote-bid,target moved 85525 -> 85526,623e6e09c8925d205af239edfa154b56
2026-09-22T06:39:02.598Z,dry,BTC-USD,6,place,buy,85526,0.00029,quote-bid,rejoin best,11d3f8dde794466545dcc230db2881bf
2026-09-22T06:39:02.702Z,dry,ETH-USD,7,cancel,buy,2735.7,0.0091,quote-bid,target moved 2735.7 -> 2735.8,0fb36b8f99a44ff15501e4b352472521
2026-09-22T06:39:02.811Z,dry,ETH-USD,7,place,buy,2735.8,0.0091,quote-bid,rejoin best,cbe9eee8c47f003d1abdc1028671e0f5
2026-09-22T06:39:03.339Z,dry,ETH-USD,7,cancel,buy,2735.8,0.0091,quote-bid,target moved 2735.8 -> 2735.9,cbe9eee8c47f003d1abdc1028671e0f5
2026-09-22T06:39:03.433Z,dry,ETH-USD,7,place,buy,2735.9,0.0091,quote-bid,back off: book leaning down,b2f405a731131499fd42ec4a3542c11f
2026-09-22T06:39:08.316Z,dry,ETH-USD,7,cancel,buy,2735.9,0.0091,quote-bid,target moved 2735.9 -> 2736.3,b2f405a731131499fd42ec4a3542c11f
2026-09-22T06:39:08.411Z,dry,ETH-USD,7,place,buy,2736.3,0.0091,quote-bid,back off: book leaning down,35fba1c57fb0a6ae9059cc7e0d664959
2026-09-22T06:39:16.053Z,dry,BTC-USD,6,cancel,buy,85526,0.00029,quote-bid,target moved 85526 -> 85539,11d3f8dde794466545dcc230db2881bf
2026-09-22T06:39:16.137Z,dry,BTC-USD,6,place,buy,85539,0.00029,quote-bid,rejoin best,b895f73d1b603303c1521c237db9e35d
2026-09-22T06:39:17.276Z,dry,BTC-USD,6,cancel,buy,85539,0.00029,quote-bid,target moved 85539 -> 85543,b895f73d1b603303c1521c237db9e35d
2026-09-22T06:39:17.371Z,dry,BTC-USD,6,place,buy,85543,0.00029,quote-bid,rejoin best,3d68f5fb9c0c6fe7d3de498ef30f0798
2026-09-22T06:39:17.898Z,dry,BTC-USD,6,cancel,buy,85543,0.00029,quote-bid,target moved 85543 -> 85548,3d68f5fb9c0c6fe7d3de498ef30f0798
2026-09-22T06:39:17.995Z,dry,BTC-USD,6,place,buy,85548,0.00029,quote-bid,rejoin best,fc8b4988fcf04c08136f92dc4f86b5b8
2026-09-22T06:39:18.098Z,dry,ETH-USD,7,cancel,buy,2736.3,0.0091,quote-bid,target moved 2736.3 -> 2736.5,35fba1c57fb0a6ae9059cc7e0d664959
2026-09-22T06:39:18.207Z,dry,ETH-USD,7,place,buy,2736.5,0.0091,quote-bid,rejoin best,6aeb2b51ad066056df83d695fd0a7c37
2026-09-22T06:39:18.753Z,dry,BTC-USD,6,cancel,buy,85548,0.00029,quote-bid,target moved 85548 -> 85547,fc8b4988fcf04c08136f92dc4f86b5b8
2026-09-22T06:39:18.863Z,dry,BTC-USD,6,place,buy,85547,0.00029,quote-bid,back off: book leaning down,7d4229603fe66abd75814e60fb26ce5b
2026-09-22T06:39:19.158Z,dry,BTC-USD,6,place,buy,85537,0.00029,quote-bid,back off: holding back-off,77df519faa00d8453c3736aa9937ee54
2026-09-22T06:39:19.248Z,dry,BTC-USD,6,place,sell,85540,0.00029,quote-ask,back off: aggressive buying,7a55cd9326296ed61556f258f8b89bea
2026-09-22T06:39:19.765Z,dry,BTC-USD,6,cancel,buy,85537,0.00029,quote-bid,target moved 85537 -> 85538,77df519faa00d8453c3736aa9937ee54
2026-09-22T06:39:19.854Z,dry,BTC-USD,6,place,buy,85538,0.00029,quote-bid,rejoin best,b302d1b4fa3dbdb01b8133c86a040dc3
2026-09-22T06:39:19.964Z,dry,ETH-USD,7,place,buy,2736.2,0.0091,quote-bid,back off: book leaning down,b9fc735a07b95a6b40776ef09cf1f1fc
2026-09-22T06:39:20.071Z,dry,ETH-USD,7,place,sell,2736.5,0.0091,quote-ask,back off: holding inventory,4a3ee5cce7f53668c31749b64f21a952
2026-09-22T06:39:22.082Z,dry,BTC-USD,6,place,buy,85536,0.00029,quote-bid,back off: book leaning down,b496d47c1c9c4d23283088b675bc286d
2026-09-22T06:39:22.171Z,dry,ETH-USD,7,place,buy,2735.7,0.0091,quote-bid,back off: holding back-off,cc711409781ef712b17ffdf6a0134d20
2026-09-22T06:39:22.504Z,dry,BTC-USD,6,cancel,sell,85540,0.00029,quote-ask,target moved 85540 -> 85539,7a55cd9326296ed61556f258f8b89bea
2026-09-22T06:39:22.611Z,dry,BTC-USD,6,place,sell,85539,0.00029,quote-ask,back off: aggressive buying,67a434c64274ae60b64b394c734c809b
2026-09-22T06:39:22.702Z,dry,ETH-USD,7,cancel,sell,2736.5,0.0091,quote-ask,target moved 2736.5 -> 2736,4a3ee5cce7f53668c31749b64f21a952
2026-09-22T06:39:22.809Z,dry,ETH-USD,7,place,sell,2736,0.0091,quote-ask,back off: holding inventory,034baf16de2bce48a01847d451e85ad5
2026-09-22T06:39:22.927Z,dry,ETH-USD,7,cancel,buy,2735.7,0.0091,quote-bid,target moved 2735.7 -> 2735.8,cc711409781ef712b17ffdf6a0134d20
2026-09-22T06:39:23.032Z,dry,ETH-USD,7,place,buy,2735.8,0.0091,quote-bid,rejoin best,a26ed10ed81efb5652f03023ad20b4ce
2026-09-22T06:39:23.542Z,dry,BTC-USD,6,place,buy,85534,0.00029,quote-bid,back off: book leaning down,f5cd7fd9f8e410510d773e4f8c7162c8
2026-09-22T06:39:23.951Z,dry,BTC-USD,6,cancel,sell,85539,0.00029,quote-ask,target moved 85539 -> 85537,67a434c64274ae60b64b394c734c809b
2026-09-22T06:39:24.052Z,dry,BTC-USD,6,place,sell,85537,0.00029,quote-ask,back off: holding back-off,738b3c2b2b94d68fc591a7ca3f4e1c6f
2026-09-22T06:39:24.353Z,dry,BTC-USD,6,cancel,sell,85537,0.00029,quote-ask,target moved 85537 -> 85536,738b3c2b2b94d68fc591a7ca3f4e1c6f
2026-09-22T06:39:24.451Z,dry,BTC-USD,6,place,sell,85536,0.00029,quote-ask,rejoin best,767c99e11a24fe2f56031098ac3d8c53
2026-09-22T06:39:24.754Z,dry,ETH-USD,7,cancel,sell,2736,0.0091,quote-ask,target moved 2736 -> 2736.1,034baf16de2bce48a01847d451e85ad5
2026-09-22T06:39:24.847Z,dry,ETH-USD,7,place,sell,2736.1,0.0091,quote-ask,back off: holding inventory,3b40540b70d07ced19d188f4e62d18c9
2026-09-22T06:39:27.658Z,dry,BTC-USD,6,cancel,sell,85536,0.00029,quote-ask,target moved 85536 -> 85537,767c99e11a24fe2f56031098ac3d8c53
2026-09-22T06:39:27.743Z,dry,BTC-USD,6,place,sell,85537,0.00029,quote-ask,back off: book leaning up,ee6d009697d6a84edc0c9014e16146cc
2026-09-22T06:39:28.486Z,dry,BTC-USD,6,cancel,buy,85534,0.00029,quote-bid,target moved 85534 -> 85535,f5cd7fd9f8e410510d773e4f8c7162c8
2026-09-22T06:39:28.573Z,dry,BTC-USD,6,place,buy,85535,0.00029,quote-bid,rejoin best,ebe545cb706cb56580fe305f883cde46
2026-09-22T06:39:29.124Z,dry,BTC-USD,6,cancel,sell,85537,0.00029,quote-ask,target moved 85537 -> 85536,ee6d009697d6a84edc0c9014e16146cc
2026-09-22T06:39:29.217Z,dry,BTC-USD,6,place,sell,85536,0.00029,quote-ask,rejoin best,0a0bbb3349ba8c6d31025066836ad637
2026-09-22T06:39:30.360Z,dry,BTC-USD,6,cancel,buy,85535,0.00029,quote-bid,target moved 85535 -> 85534,ebe545cb706cb56580fe305f883cde46
2026-09-22T06:39:30.453Z,dry,BTC-USD,6,place,buy,85534,0.00029,quote-bid,back off: book leaning down,41b0060c3e6804ad32dadcc14fdf5821
2026-09-22T06:39:33.308Z,dry,BTC-USD,6,place,buy,85526,0.00029,quote-bid,back off: holding inventory,0c7f41a9ea305789cc14b6e12fa0aeed
2026-09-22T06:39:33.728Z,dry,BTC-USD,6,cancel,sell,85536,0.00029,quote-ask,target moved 85536 -> 85528,0a0bbb3349ba8c6d31025066836ad637
2026-09-22T06:39:33.821Z,dry,BTC-USD,6,place,sell,85528,0.00029,quote-ask,rejoin best,a1b3bd3f8b840116a24225ac2f606a22
2026-09-22T06:39:34.355Z,dry,ETH-USD,7,cancel,buy,2735.8,0.0091,quote-bid,flatten owns instrument,a26ed10ed81efb5652f03023ad20b4ce
2026-09-22T06:39:34.438Z,dry,ETH-USD,7,cancel,sell,2736.1,0.0091,quote-ask,flatten owns instrument,3b40540b70d07ced19d188f4e62d18c9
2026-09-22T06:39:34.547Z,dry,ETH-USD,7,place,buy,2735.9,0.0091,flatten-post,passive exit,4df677b23ceb0a15fc5cbd561fa6db8c
2026-09-22T06:39:34.989Z,dry,ETH-USD,7,place,buy,2735.7,0.0091,quote-bid,back off: holding back-off,e86dc5902be35127f6f9cf04d0369331
2026-09-22T06:39:35.090Z,dry,ETH-USD,7,reject,buy,2735.7,0.0091,quote-bid,post only order would cross,e86dc5902be35127f6f9cf04d0369331
2026-09-22T06:39:35.104Z,dry,ETH-USD,7,place,sell,2736,0.0091,quote-ask,back off: holding back-off,e3ad46ea54786ffeb7fa2d2a23bb1553
2026-09-22T06:39:35.398Z,dry,BTC-USD,6,place,buy,85523,0.00029,quote-bid,back off: holding inventory,524e903ca7f35157e3a16ab45285e7d8
2026-09-22T06:39:35.489Z,dry,ETH-USD,7,place,buy,2735.3,0.0091,quote-bid,back off: book leaning down,f123ff4ce023555bb10b4056b84f573a
2026-09-22T06:39:35.822Z,dry,BTC-USD,6,cancel,sell,85528,0.00029,quote-ask,target moved 85528 -> 85525,a1b3bd3f8b840116a24225ac2f606a22
2026-09-22T06:39:35.930Z,dry,BTC-USD,6,place,sell,85525,0.00029,quote-ask,rejoin best,b2953469c1c2e2e327a4bfafa528d6d7
2026-09-22T06:39:36.036Z,dry,ETH-USD,7,cancel,sell,2736,0.0091,quote-ask,target moved 2736 -> 2735.5,e3ad46ea54786ffeb7fa2d2a23bb1553
2026-09-22T06:39:36.129Z,dry,ETH-USD,7,place,sell,2735.5,0.0091,quote-ask,rejoin best,d9a15393ff9e06033865cbee0c296414
2026-09-22T06:39:36.654Z,dry,ETH-USD,7,place,buy,2734.5,0.0091,quote-bid,back off: book leaning down,b4c21acd5c4f3a07ad449f5b6be09ba1
2026-09-22T06:39:37.053Z,dry,BTC-USD,6,cancel,sell,85525,0.00029,quote-ask,target moved 85525 -> 85503,b2953469c1c2e2e327a4bfafa528d6d7
2026-09-22T06:39:37.150Z,dry,BTC-USD,6,place,sell,85503,0.00029,quote-ask,rejoin best,51af7c13e789a36a53f93a985ad0654a
2026-09-22T06:39:37.248Z,dry,ETH-USD,7,cancel,sell,2735.5,0.0091,quote-ask,target moved 2735.5 -> 2734.7,d9a15393ff9e06033865cbee0c296414
2026-09-22T06:39:37.346Z,dry,ETH-USD,7,place,sell,2734.7,0.0091,quote-ask,rejoin best,1418693355603dd2bf5a32361725260b
2026-09-22T06:39:37.681Z,dry,ETH-USD,7,place,buy,2734.2,0.0091,quote-bid,back off: book leaning down,08d8eee8eb2a6543fd58e3b73531de1e
2026-09-22T06:39:38.082Z,dry,BTC-USD,6,cancel,sell,85503,0.00029,quote-ask,target moved 85503 -> 85488,51af7c13e789a36a53f93a985ad0654a
2026-09-22T06:39:38.185Z,dry,BTC-USD,6,place,sell,85488,0.00029,quote-ask,rejoin best,c9fd12f1e0decdb6e55ae82cec68bf68
2026-09-22T06:39:38.290Z,dry,ETH-USD,7,cancel,sell,2734.7,0.0091,quote-ask,target moved 2734.7 -> 2734.4,1418693355603dd2bf5a32361725260b
2026-09-22T06:39:38.398Z,dry,ETH-USD,7,place,sell,2734.4,0.0091,quote-ask,rejoin best,caca346867da2d497d685b02e32ccb7d
2026-09-22T06:39:39.130Z,dry,ETH-USD,7,place,sell,2735.2,0.0091,quote-ask,join best,b0e1a8370b8f8ed799e90947700f10bb
2026-09-22T06:39:39.341Z,dry,BTC-USD,6,place,buy,85503,0.00029,quote-bid,back off: holding inventory,0e6438f202909809244b425ee83184a3
2026-09-22T06:39:39.449Z,dry,BTC-USD,6,place,sell,85505,0.00029,quote-ask,join best,5f175c8aae038bc6853089b7cad968a1
2026-09-22T06:39:39.753Z,dry,BTC-USD,6,place,sell,85513,0.00029,quote-ask,join best,1d6297c44ae39c596756d159db8346f0
2026-09-22T06:39:39.861Z,dry,ETH-USD,7,place,sell,2735.4,0.0091,quote-ask,back off: holding back-off,b374ad292643afafc1383ca94e066ea7
2026-09-22T06:39:40.590Z,dry,BTC-USD,6,cancel,buy,85503,0.00029,quote-bid,target moved 85503 -> 85504,0e6438f202909809244b425ee83184a3
2026-09-22T06:39:40.681Z,dry,BTC-USD,6,place,buy,85504,0.00029,quote-bid,back off: holding inventory,56ca67a1d7f8aff2b7d374a43f3e825e
2026-09-22T06:39:41.231Z,dry,BTC-USD,6,cancel,buy,85504,0.00029,quote-bid,target moved 85504 -> 85509,56ca67a1d7f8aff2b7d374a43f3e825e
2026-09-22T06:39:41.322Z,dry,BTC-USD,6,cancel,sell,85513,0.00029,quote-ask,target moved 85513 -> 85512,1d6297c44ae39c596756d159db8346f0
2026-09-22T06:39:41.430Z,dry,BTC-USD,6,place,buy,85509,0.00029,quote-bid,back off: book leaning down,8d4c0f7e5299af0ddc4dccf8eef6abef
2026-09-22T06:39:41.539Z,dry,BTC-USD,6,place,sell,85512,0.00029,quote-ask,back off: holding back-off,b70398ba94fde879a461d4e079ec092c
2026-09-22T06:39:41.641Z,dry,ETH-USD,7,cancel,buy,2734.2,0.0091,quote-bid,target moved 2734.2 -> 2735.1,08d8eee8eb2a6543fd58e3b73531de1e
2026-09-22T06:39:41.747Z,dry,ETH-USD,7,cancel,sell,2735.4,0.0091,quote-ask,target moved 2735.4 -> 2735.3,b374ad292643afafc1383ca94e066ea7
2026-09-22T06:39:41.853Z,dry,ETH-USD,7,place,buy,2735.1,0.0091,quote-bid,back off: book leaning down,3cc9627bbc076d820197f1e2cfcea2ac
2026-09-22T06:39:41.948Z,dry,ETH-USD,7,place,sell,2735.3,0.0091,quote-ask,rejoin best,aca1375db3835d4345cfbcb4a704d90c
2026-09-22T06:39:42.069Z,dry,BTC-USD,6,cancel,sell,85512,0.00029,quote-ask,target moved 85512 -> 85511,b70398ba94fde879a461d4e079ec092c
2026-09-22T06:39:42.163Z,dry,BTC-USD,6,place,sell,85511,0.00029,quote-ask,rejoin best,19fdefbb3224b7d589a8744059ce1ff3
2026-09-22T06:39:42.265Z,dry,ETH-USD,7,cancel,sell,2735.3,0.0091,quote-ask,target moved 2735.3 -> 2735.4,aca1375db3835d4345cfbcb4a704d90c
2026-09-22T06:39:42.373Z,dry,ETH-USD,7,place,sell,2735.4,0.0091,quote-ask,back off: book leaning up,6b48266bd187d66d3e5894d00c106959
2026-09-22T06:39:42.492Z,dry,ETH-USD,7,cancel,buy,2735.1,0.0091,quote-bid,target moved 2735.1 -> 2735.2,3cc9627bbc076d820197f1e2cfcea2ac
2026-09-22T06:39:42.601Z,dry,ETH-USD,7,place,buy,2735.2,0.0091,quote-bid,rejoin best,343503b56bec4f7fcf78f5b3fc3343ac
2026-09-22T06:39:42.907Z,dry,ETH-USD,7,place,buy,2734.8,0.0091,quote-bid,back off: holding inventory,2ca99857b2aefbf785664cc0bc808966
2026-09-22T06:39:43.329Z,dry,ETH-USD,7,cancel,sell,2735.4,0.0091,quote-ask,target moved 2735.4 -> 2735.1,6b48266bd187d66d3e5894d00c106959
2026-09-22T06:39:43.437Z,dry,ETH-USD,7,place,sell,2735.1,0.0091,quote-ask,back off: holding back-off,37e20e7858a74a8b3904726a91d3bd7f
2026-09-22T06:39:43.753Z,dry,ETH-USD,7,cancel,sell,2735.1,0.0091,quote-ask,target moved 2735.1 -> 2735,37e20e7858a74a8b3904726a91d3bd7f
2026-09-22T06:39:43.862Z,dry,ETH-USD,7,place,sell,2735,0.0091,quote-ask,rejoin best,c06cb09b75ad87e7133c3497bac2a2bc
2026-09-22T06:39:45.032Z,dry,ETH-USD,7,place,buy,2734.6,0.0091,quote-bid,back off: book leaning down,2fe9a526aca794ff1d75551ad23672b7
2026-09-22T06:39:45.452Z,dry,BTC-USD,6,cancel,buy,85509,0.00029,quote-bid,target moved 85509 -> 85508,8d4c0f7e5299af0ddc4dccf8eef6abef
2026-09-22T06:39:45.539Z,dry,BTC-USD,6,cancel,sell,85511,0.00029,quote-ask,target moved 85511 -> 85510,19fdefbb3224b7d589a8744059ce1ff3
2026-09-22T06:39:45.638Z,dry,BTC-USD,6,place,buy,85508,0.00029,quote-bid,back off: book leaning down,c4cb05e59ede597a70436bbaf7b57602
2026-09-22T06:39:45.744Z,dry,BTC-USD,6,reject,buy,85508,0.00029,quote-bid,post only order would cross,c4cb05e59ede597a70436bbaf7b57602
2026-09-22T06:39:45.758Z,dry,BTC-USD,6,place,sell,85510,0.00029,quote-ask,rejoin best,ac0b6443954927e1d17cf770becb09e2
2026-09-22T06:39:45.852Z,dry,ETH-USD,7,cancel,buy,2734.6,0.0091,quote-bid,target moved 2734.6 -> 2734.7,2fe9a526aca794ff1d75551ad23672b7
2026-09-22T06:39:45.959Z,dry,ETH-USD,7,cancel,sell,2735,0.0091,quote-ask,target moved 2735 -> 2734.9,c06cb09b75ad87e7133c3497bac2a2bc
2026-09-22T06:39:46.068Z,dry,ETH-USD,7,place,buy,2734.7,0.0091,quote-bid,back off: book leaning down,ae5485f2b5b11e58d1cdc6812a3c10b8
2026-09-22T06:39:46.174Z,dry,ETH-USD,7,place,sell,2734.9,0.0091,quote-ask,rejoin best,56abd4b2d3d7f3e3d39eed5ba6c82979
2026-09-22T06:39:46.296Z,dry,BTC-USD,6,place,buy,85504,0.00029,quote-bid,back off: holding inventory,3d387ec8b11b30082c07ec12dd665c13
2026-09-22T06:39:46.721Z,dry,BTC-USD,6,cancel,sell,85510,0.00029,quote-ask,target moved 85510 -> 85507,ac0b6443954927e1d17cf770becb09e2
2026-09-22T06:39:46.830Z,dry,BTC-USD,6,place,sell,85507,0.00029,quote-ask,back off: book leaning up,21466ceb7f2f26ee3b217c5c7f1efa96
2026-09-22T06:39:47.975Z,dry,BTC-USD,6,place,sell,85514,0.00029,quote-ask,back off: book leaning up,cbf62dc260ebad8dc827a59226e6dbf5
2026-09-22T06:39:48.079Z,dry,ETH-USD,7,place,sell,2735.4,0.0091,quote-ask,back off: holding back-off,6e7c579bbb391971c311c5de119a82af
2026-09-22T06:39:48.396Z,dry,BTC-USD,6,cancel,buy,85504,0.00029,quote-bid,target moved 85504 -> 85511,3d387ec8b11b30082c07ec12dd665c13
2026-09-22T06:39:48.505Z,dry,BTC-USD,6,place,buy,85511,0.00029,quote-bid,back off: holding back-off,18dc4e9c652a5c92fec9fb46f36b4caf
2026-09-22T06:39:48.822Z,dry,BTC-USD,6,cancel,buy,85511,0.00029,quote-bid,target moved 85511 -> 85512,18dc4e9c652a5c92fec9fb46f36b4caf
2026-09-22T06:39:48.932Z,dry,BTC-USD,6,place,buy,85512,0.00029,quote-bid,rejoin best,ba2e88ebdcc50756a4599d9fe8f9ffbb
2026-09-22T06:39:49.036Z,dry,ETH-USD,7,cancel,buy,2734.7,0.0091,quote-bid,target moved 2734.7 -> 2734.9,ae5485f2b5b11e58d1cdc6812a3c10b8
2026-09-22T06:39:49.140Z,dry,ETH-USD,7,place,buy,2734.9,0.0091,quote-bid,back off: holding inventory,857ebde72d4fdfc31559e27339ac3f42
2026-09-22T06:39:49.655Z,dry,ETH-USD,7,cancel,sell,2735.4,0.0091,quote-ask,target moved 2735.4 -> 2735.2,6e7c579bbb391971c311c5de119a82af
2026-09-22T06:39:49.767Z,dry,ETH-USD,7,place,sell,2735.2,0.0091,quote-ask,rejoin best,8d860c2c3ad3f512d131625217f2e1a6
2026-09-22T06:39:50.681Z,dry,ETH-USD,7,cancel,sell,2735.2,0.0091,quote-ask,target moved 2735.2 -> 2735.4,8d860c2c3ad3f512d131625217f2e1a6
2026-09-22T06:39:50.788Z,dry,ETH-USD,7,place,sell,2735.4,0.0091,quote-ask,back off: book leaning up,548e2a1e2b7f52871606adceca96b8d4
2026-09-22T06:39:51.092Z,dry,ETH-USD,7,cancel,buy,2734.9,0.0091,quote-bid,target moved 2734.9 -> 2734.8,857ebde72d4fdfc31559e27339ac3f42
2026-09-22T06:39:51.184Z,dry,ETH-USD,7,place,buy,2734.8,0.0091,quote-bid,back off: holding inventory,07c33a23700e1232e7f858fc1c480334
2026-09-22T06:39:51.505Z,dry,ETH-USD,7,place,sell,2735.7,0.0091,quote-ask,back off: holding back-off,57483816e9116447a780f93cde4820ed
2026-09-22T06:39:51.909Z,dry,BTC-USD,6,place,sell,85524,0.00029,quote-ask,back off: holding inventory,92741daa0bce6fadbebec671de03079a
2026-09-22T06:39:52.320Z,dry,BTC-USD,6,cancel,buy,85512,0.00029,quote-bid,target moved 85512 -> 85522,ba2e88ebdcc50756a4599d9fe8f9ffbb
2026-09-22T06:39:52.429Z,dry,BTC-USD,6,place,buy,85522,0.00029,quote-bid,rejoin best,713f595d553daea09b331a33b46ed6bc
2026-09-22T06:39:52.746Z,dry,ETH-USD,7,cancel,buy,2734.8,0.0091,quote-bid,target moved 2734.8 -> 2735.2,07c33a23700e1232e7f858fc1c480334
2026-09-22T06:39:52.852Z,dry,ETH-USD,7,cancel,sell,2735.7,0.0091,quote-ask,target moved 2735.7 -> 2735.6,57483816e9116447a780f93cde4820ed
2026-09-22T06:39:52.957Z,dry,ETH-USD,7,place,buy,2735.2,0.0091,quote-bid,rejoin best,721499e3054c2202fe2024c04367196d
2026-09-22T06:39:53.053Z,dry,ETH-USD,7,place,sell,2735.6,0.0091,quote-ask,back off: book leaning up,616cec0cff73c9cf0f33366a8eb72c82
2026-09-22T06:39:53.570Z,dry,BTC-USD,6,place,sell,85532,0.00029,quote-ask,back off: holding inventory,a60dc11b53d12874eea205bbc1d624ec
2026-09-22T06:39:53.655Z,dry,ETH-USD,7,cancel,sell,2735.6,0.0091,quote-ask,target moved 2735.6 -> 2735.7,616cec0cff73c9cf0f33366a8eb72c82
2026-09-22T06:39:53.752Z,dry,ETH-USD,7,place,sell,2735.7,0.0091,quote-ask,back off: book leaning up,49d68943bb050f6515baaa94ee938ae2
2026-09-22T06:39:53.994Z,dry,BTC-USD,6,cancel,buy,85522,0.00029,quote-bid,target moved 85522 -> 85527,713f595d553daea09b331a33b46ed6bc
2026-09-22T06:39:54.103Z,dry,BTC-USD,6,place,buy,85527,0.00029,quote-bid,back off: holding back-off,ae9b32182247cb1476f9a36c30454b19
2026-09-22T06:39:54.207Z,dry,ETH-USD,7,cancel,buy,2735.2,0.0091,quote-bid,target moved 2735.2 -> 2735.5,721499e3054c2202fe2024c04367196d
2026-09-22T06:39:54.315Z,dry,ETH-USD,7,place,buy,2735.5,0.0091,quote-bid,rejoin best,f6b275eda9b2639314c2ba0554f5212b
2026-09-22T06:39:54.411Z,dry,BTC-USD,6,cancel,sell,85532,0.00029,quote-ask,target moved 85532 -> 85530,a60dc11b53d12874eea205bbc1d624ec
2026-09-22T06:39:54.496Z,dry,BTC-USD,6,place,sell,85530,0.00029,quote-ask,back off: book leaning up,da0de90594e2e003206ae85794a692f2
2026-09-22T06:39:54.614Z,dry,BTC-USD,6,cancel,buy,85527,0.00029,quote-bid,target moved 85527 -> 85528,ae9b32182247cb1476f9a36c30454b19
2026-09-22T06:39:54.708Z,dry,BTC-USD,6,place,buy,85528,0.00029,quote-bid,rejoin best,32cf2296298dc5ff049367b62da01dd1
2026-09-22T06:39:54.814Z,dry,ETH-USD,7,cancel,sell,2735.7,0.0091,quote-ask,target moved 2735.7 -> 2735.6,49d68943bb050f6515baaa94ee938ae2
2026-09-22T06:39:54.922Z,dry,ETH-USD,7,place,sell,2735.6,0.0091,quote-ask,rejoin best,96ec43055e65528cd0c44d574b4acaff
2026-09-22T06:39:55.455Z,dry,ETH-USD,7,place,sell,2736.3,0.0091,quote-ask,back off: book leaning up,6c0794f6d0aa3f7fcfa997827f6e1ed8
2026-09-22T06:39:56.063Z,dry,ETH-USD,7,cancel,buy,2735.5,0.0091,quote-bid,target moved 2735.5 -> 2735.7,f6b275eda9b2639314c2ba0554f5212b
2026-09-22T06:39:56.165Z,dry,ETH-USD,7,cancel,sell,2736.3,0.0091,quote-ask,target moved 2736.3 -> 2736,6c0794f6d0aa3f7fcfa997827f6e1ed8
2026-09-22T06:39:56.257Z,dry,ETH-USD,7,place,buy,2735.7,0.0091,quote-bid,back off: book leaning down,61adb09d1c36d65d4ee8cc81c1cdfef2
2026-09-22T06:39:56.353Z,dry,ETH-USD,7,place,sell,2736,0.0091,quote-ask,back off: holding inventory,a3d83e1e7f6282303cbef8728538e98e
2026-09-22T06:39:56.488Z,dry,BTC-USD,6,cancel,buy,85528,0.00029,quote-bid,target moved 85528 -> 85531,32cf2296298dc5ff049367b62da01dd1
2026-09-22T06:39:56.596Z,dry,BTC-USD,6,place,buy,85531,0.00029,quote-bid,rejoin best,fc0f78d5903f55e611fdd915188dd990
2026-09-22T06:40:00.910Z,dry,BTC-USD,6,place,buy,85522,0.00029,quote-bid,join best,9f89b7004de859488d48d6fdd687e205
2026-09-22T06:40:01.004Z,dry,BTC-USD,6,place,sell,85526,0.00029,quote-ask,back off: holding inventory,6731b81cbc8f2c1a6ca02bdd02d89fbd
2026-09-22T06:40:01.109Z,dry,ETH-USD,7,place,buy,2735.2,0.0091,quote-bid,back off: book leaning down,c78170f34750603835b53a9aef7ec28a
2026-09-22T06:40:01.522Z,dry,BTC-USD,6,place,buy,85517,0.00029,quote-bid,back off: holding back-off,c5a900185b9945ce115d787564672f33
2026-09-22T06:40:01.631Z,dry,ETH-USD,7,place,buy,2734.9,0.0091,quote-bid,back off: holding inventory,5df84a12e128e5976dbd7a94b1b215fe
2026-09-22T06:40:01.934Z,dry,BTC-USD,6,cancel,sell,85526,0.00029,quote-ask,target moved 85526 -> 85520,6731b81cbc8f2c1a6ca02bdd02d89fbd
2026-09-22T06:40:02.028Z,dry,BTC-USD,6,place,sell,85520,0.00029,quote-ask,back off: book leaning up,b02e650c6fedecab9951a3878a44ec7e
2026-09-22T06:40:02.132Z,dry,ETH-USD,7,cancel,sell,2736,0.0091,quote-ask,target moved 2736 -> 2735.2,a3d83e1e7f6282303cbef8728538e98e
2026-09-22T06:40:02.240Z,dry,ETH-USD,7,place,sell,2735.2,0.0091,quote-ask,back off: book leaning up,2653485708352c9f41defea52cda2477
2026-09-22T06:40:02.360Z,dry,BTC-USD,6,cancel,buy,85517,0.00029,quote-bid,target moved 85517 -> 85518,c5a900185b9945ce115d787564672f33
2026-09-22T06:40:02.453Z,dry,BTC-USD,6,place,buy,85518,0.00029,quote-bid,rejoin best,3c5f7c3013adf378e2739fd578ab021c
2026-09-22T06:40:03.001Z,dry,ETH-USD,7,place,sell,2735.5,0.0091,quote-ask,back off: holding back-off,657af6959ea6c81602c42591bb4a7014
2026-09-22T06:40:03.414Z,dry,ETH-USD,7,place,sell,2735.7,0.0091,quote-ask,back off: holding inventory,dc66172a1028647fcb312a9fdab560d8
2026-09-22T06:40:04.027Z,dry,BTC-USD,6,place,sell,85544,0.00029,quote-ask,back off: book leaning up,ebde21f8a8c2473e00a07c33da58a773
2026-09-22T06:40:04.133Z,dry,ETH-USD,7,place,sell,2736.1,0.0091,quote-ask,back off: holding inventory,45a9cc8c148eba068de2a4ceed863247
2026-09-22T06:40:04.449Z,dry,ETH-USD,7,cancel,buy,2734.9,0.0091,quote-bid,target moved 2734.9 -> 2735.8,5df84a12e128e5976dbd7a94b1b215fe
2026-09-22T06:40:04.539Z,dry,ETH-USD,7,place,buy,2735.8,0.0091,quote-bid,back off: book leaning down,eb67f0917e801cfb03b813425bff1009
2026-09-22T06:40:04.859Z,dry,BTC-USD,6,cancel,buy,85518,0.00029,quote-bid,target moved 85518 -> 85542,3c5f7c3013adf378e2739fd578ab021c
2026-09-22T06:40:04.952Z,dry,BTC-USD,6,place,buy,85542,0.00029,quote-bid,rejoin best,a769740df6232f05cc984686f843dbfc
2026-09-22T06:40:05.071Z,dry,ETH-USD,7,cancel,buy,2735.8,0.0091,quote-bid,target moved 2735.8 -> 2735.9,eb67f0917e801cfb03b813425bff1009
2026-09-22T06:40:05.177Z,dry,ETH-USD,7,cancel,sell,2736.1,0.0091,quote-ask,target moved 2736.1 -> 2736.2,45a9cc8c148eba068de2a4ceed863247
2026-09-22T06:40:05.287Z,dry,ETH-USD,7,place,buy,2735.9,0.0091,quote-bid,back off: book leaning down,3ac27990aad0ba62733a6449d82e037b
2026-09-22T06:40:05.395Z,dry,ETH-USD,7,place,sell,2736.2,0.0091,quote-ask,back off: holding inventory,6fb025567e2c09431984c7e5514cdddc
2026-09-22T06:40:05.711Z,dry,BTC-USD,6,cancel,buy,85542,0.00029,quote-bid,target moved 85542 -> 85541,a769740df6232f05cc984686f843dbfc
2026-09-22T06:40:05.835Z,dry,BTC-USD,6,place,buy,85541,0.00029,quote-bid,back off: book leaning down,94abc9d79ab80ab0dea655b54f0e2c74
2026-09-22T06:40:07.789Z,dry,BTC-USD,6,cancel,buy,85541,0.00029,quote-bid,target moved 85541 -> 85542,94abc9d79ab80ab0dea655b54f0e2c74
2026-09-22T06:40:07.896Z,dry,BTC-USD,6,place,buy,85542,0.00029,quote-bid,rejoin best,e40d4af70c8b3890815ac4a878e30e5d
2026-09-22T06:40:09.453Z,dry,ETH-USD,7,place,buy,2735.7,0.0091,quote-bid,back off: book leaning down,281a089edfcff3d9d655e51cdc96b56f
2026-09-22T06:40:09.857Z,dry,ETH-USD,7,cancel,sell,2736.2,0.0091,quote-ask,target moved 2736.2 -> 2736,6fb025567e2c09431984c7e5514cdddc
2026-09-22T06:40:09.966Z,dry,ETH-USD,7,place,sell,2736,0.0091,quote-ask,back off: holding inventory,056a1990bb3f082a3a42472c72cade37
2026-09-22T06:40:10.921Z,dry,ETH-USD,7,place,sell,2736.2,0.0091,quote-ask,back off: book leaning up,b0fbae1f360aae2527bcf276b00000b6
2026-09-22T06:40:11.341Z,dry,ETH-USD,7,cancel,buy,2735.7,0.0091,quote-bid,target moved 2735.7 -> 2735.9,281a089edfcff3d9d655e51cdc96b56f
2026-09-22T06:40:11.450Z,dry,ETH-USD,7,place,buy,2735.9,0.0091,quote-bid,back off: book leaning down,2d739404dcd712c48f9a3d92dd019e0b
2026-09-22T06:40:13.186Z,dry,BTC-USD,6,place,buy,85527,0.00029,quote-bid,join best,5b4ae4c57c7fffe5c165d14ef4f59635
2026-09-22T06:40:13.415Z,dry,ETH-USD,7,place,buy,2735.4,0.0091,quote-bid,back off: holding back-off,ff281223098e9c531e01677f2597d57d
2026-09-22T06:40:14.019Z,dry,BTC-USD,6,cancel,sell,85544,0.00029,quote-ask,target moved 85544 -> 85535,ebde21f8a8c2473e00a07c33da58a773
2026-09-22T06:40:14.145Z,dry,BTC-USD,6,place,sell,85535,0.00029,quote-ask,back off: holding inventory,45375b2deacb3d7b3a0dd3c2c17e1b08
2026-09-22T06:40:14.264Z,dry,ETH-USD,7,cancel,buy,2735.4,0.0091,quote-bid,target moved 2735.4 -> 2735.5,ff281223098e9c531e01677f2597d57d
2026-09-22T06:40:14.384Z,dry,ETH-USD,7,place,buy,2735.5,0.0091,quote-bid,rejoin best,20721f4e90a5113078df47b67e695d6f
2026-09-22T06:40:14.649Z,dry,BTC-USD,6,place,sell,85545,0.00029,quote-ask,back off: holding inventory,72fd01f634fee91e566e443958b628e4
2026-09-22T06:40:15.054Z,dry,BTC-USD,6,cancel,buy,85527,0.00029,quote-bid,target moved 85527 -> 85539,5b4ae4c57c7fffe5c165d14ef4f59635
2026-09-22T06:40:15.167Z,dry,BTC-USD,6,place,buy,85539,0.00029,quote-bid,back off: book leaning down,99f959713cc67f957f0334104e7ad7ac
2026-09-22T06:40:15.282Z,dry,ETH-USD,7,cancel,buy,2735.5,0.0091,quote-bid,target moved 2735.5 -> 2735.7,20721f4e90a5113078df47b67e695d6f
2026-09-22T06:40:15.390Z,dry,ETH-USD,7,place,buy,2735.7,0.0091,quote-bid,rejoin best,7cf5d81ee851153d3b2fcf00d98c1b3f
2026-09-22T06:40:16.090Z,dry,BTC-USD,6,cancel,buy,85539,0.00029,quote-bid,target moved 85539 -> 85540,99f959713cc67f957f0334104e7ad7ac
2026-09-22T06:40:16.196Z,dry,BTC-USD,6,cancel,sell,85545,0.00029,quote-ask,target moved 85545 -> 85542,72fd01f634fee91e566e443958b628e4
2026-09-22T06:40:16.304Z,dry,BTC-USD,6,place,buy,85540,0.00029,quote-bid,rejoin best,12e030f26aeb29074e9fe70c6568de0f
2026-09-22T06:40:16.410Z,dry,BTC-USD,6,place,sell,85542,0.00029,quote-ask,back off: holding inventory,2687e15272552b061273395b7ee3fc64
2026-09-22T06:40:16.513Z,dry,ETH-USD,7,cancel,buy,2735.7,0.0091,quote-bid,target moved 2735.7 -> 2735.9,7cf5d81ee851153d3b2fcf00d98c1b3f
2026-09-22T06:40:16.607Z,dry,ETH-USD,7,place,buy,2735.9,0.0091,quote-bid,back off: book leaning down,76bd890c725064cbe06581e052020700
2026-09-22T06:40:16.715Z,dry,BTC-USD,6,place,buy,85537,0.00029,quote-bid,join best,63e710286ecd56ee6ad683384399aa52
2026-09-22T06:40:17.124Z,dry,BTC-USD,6,place,buy,85526,0.00029,quote-bid,back off: holding back-off,af0aac46accb203bdf68985629667721
2026-09-22T06:40:17.546Z,dry,BTC-USD,6,cancel,sell,85542,0.00029,quote-ask,target moved 85542 -> 85529,2687e15272552b061273395b7ee3fc64
2026-09-22T06:40:17.646Z,dry,BTC-USD,6,place,sell,85529,0.00029,quote-ask,back off: book leaning up,95a796ce9fb0a8f194cb0aa81d24a098
2026-09-22T06:40:17.756Z,dry,ETH-USD,7,cancel,buy,2735.9,0.0091,quote-bid,target moved 2735.9 -> 2735.2,76bd890c725064cbe06581e052020700
2026-09-22T06:40:17.865Z,dry,ETH-USD,7,cancel,sell,2736.2,0.0091,quote-ask,target moved 2736.2 -> 2736.1,b0fbae1f360aae2527bcf276b00000b6
2026-09-22T06:40:17.958Z,dry,ETH-USD,7,place,buy,2735.2,0.0091,quote-bid,back off: holding back-off,69ff4a4ef00e93569f4e450bbed9aae9
2026-09-22T06:40:18.065Z,dry,ETH-USD,7,place,sell,2736.1,0.0091,quote-ask,back off: book leaning up,de28becb50d6ecb764e708fb57605133
2026-09-22T06:40:18.612Z,dry,BTC-USD,6,cancel,sell,85529,0.00029,quote-ask,target moved 85529 -> 85528,95a796ce9fb0a8f194cb0aa81d24a098
2026-09-22T06:40:18.704Z,dry,BTC-USD,6,place,sell,85528,0.00029,quote-ask,rejoin best,8350860ba5721c4d6980dca0c2744252
2026-09-22T06:40:18.794Z,dry,ETH-USD,7,cancel,sell,2736.1,0.0091,quote-ask,target moved 2736.1 -> 2735.7,de28becb50d6ecb764e708fb57605133
2026-09-22T06:40:18.887Z,dry,ETH-USD,7,place,sell,2735.7,0.0091,quote-ask,back off: holding back-off,b0344f3fcf0eec3419384ea550abf305
2026-09-22T06:40:19.250Z,dry,ETH-USD,7,cancel,sell,2735.7,0.0091,quote-ask,target moved 2735.7 -> 2735.6,b0344f3fcf0eec3419384ea550abf305
2026-09-22T06:40:19.343Z,dry,ETH-USD,7,place,sell,2735.6,0.0091,quote-ask,rejoin best,42102d3d9ecd0d5e39dbca72f1044b58
2026-09-22T06:40:19.450Z,dry,ETH-USD,7,cancel,buy,2735.2,0.0091,quote-bid,target moved 2735.2 -> 2735.4,69ff4a4ef00e93569f4e450bbed9aae9
2026-09-22T06:40:19.540Z,dry,ETH-USD,7,place,buy,2735.4,0.0091,quote-bid,back off: book leaning down,7d60f6fe67a480ae5817039ba334aeb0
2026-09-22T06:40:21.127Z,dry,BTC-USD,6,place,buy,85517,0.00029,quote-bid,back off: holding inventory,79d936b0f8470729bc45d254c1340527
2026-09-22T06:40:21.215Z,dry,ETH-USD,7,cancel,buy,2735.4,0.0091,quote-bid,target moved 2735.4 -> 2735.1,7d60f6fe67a480ae5817039ba334aeb0
2026-09-22T06:40:21.319Z,dry,ETH-USD,7,place,buy,2735.1,0.0091,quote-bid,back off: holding back-off,5f54c5b958fc39ef575e28db25392d8b
2026-09-22T06:40:21.957Z,dry,BTC-USD,6,cancel,buy,85517,0.00029,quote-bid,target moved 85517 -> 85518,79d936b0f8470729bc45d254c1340527
2026-09-22T06:40:22.064Z,dry,BTC-USD,6,cancel,sell,85528,0.00029,quote-ask,target moved 85528 -> 85520,8350860ba5721c4d6980dca0c2744252
2026-09-22T06:40:22.171Z,dry,BTC-USD,6,place,buy,85518,0.00029,quote-bid,back off: book leaning down,10db9e93912f09ff0699707e98f9536f
2026-09-22T06:40:22.281Z,dry,BTC-USD,6,place,sell,85520,0.00029,quote-ask,rejoin best,b3d142d75e81457f6bb2c76f4561d6dd
2026-09-22T06:40:22.383Z,dry,ETH-USD,7,cancel,sell,2735.6,0.0091,quote-ask,target moved 2735.6 -> 2735.4,42102d3d9ecd0d5e39dbca72f1044b58
2026-09-22T06:40:22.490Z,dry,ETH-USD,7,place,sell,2735.4,0.0091,quote-ask,back off: holding back-off,68d7e8fa43556d937088ee47ff180290
2026-09-22T06:40:22.796Z,dry,ETH-USD,7,cancel,sell,2735.4,0.0091,quote-ask,target moved 2735.4 -> 2735.3,68d7e8fa43556d937088ee47ff180290
2026-09-22T06:40:22.904Z,dry,ETH-USD,7,place,sell,2735.3,0.0091,quote-ask,rejoin best,9695e3377694ccfd4530b2e9cae72b3e
2026-09-22T06:40:23.001Z,dry,BTC-USD,6,place,buy,85509,0.00029,quote-bid,back off: holding inventory,9e7ae43faa443d7a5309bca27da2fdc8
2026-09-22T06:40:23.615Z,dry,BTC-USD,6,cancel,buy,85509,0.00029,quote-bid,target moved 85509 -> 85514,9e7ae43faa443d7a5309bca27da2fdc8
2026-09-22T06:40:23.706Z,dry,BTC-USD,6,cancel,sell,85520,0.00029,quote-ask,target moved 85520 -> 85516,b3d142d75e81457f6bb2c76f4561d6dd
2026-09-22T06:40:23.815Z,dry,BTC-USD,6,place,buy,85514,0.00029,quote-bid,back off: book leaning down,cfbbc1bc5ffc72328ce66fe5b55a1734
2026-09-22T06:40:23.920Z,dry,BTC-USD,6,place,sell,85516,0.00029,quote-ask,rejoin best,0d0ec4508e8f5dfa66602ed35138a897
2026-09-22T06:40:24.453Z,dry,ETH-USD,7,place,buy,2734.9,0.0091,quote-bid,back off: holding inventory,ed4226952f0dfc5efa7f73b8d60754dd
2026-09-22T06:40:24.856Z,dry,BTC-USD,6,cancel,sell,85516,0.00029,quote-ask,target moved 85516 -> 85510,0d0ec4508e8f5dfa66602ed35138a897
2026-09-22T06:40:24.942Z,dry,BTC-USD,6,place,sell,85510,0.00029,quote-ask,rejoin best,a5bd4133196d02f7f97688c3beae0d3c
2026-09-22T06:40:25.047Z,dry,ETH-USD,7,cancel,sell,2735.3,0.0091,quote-ask,target moved 2735.3 -> 2735.2,9695e3377694ccfd4530b2e9cae72b3e
2026-09-22T06:40:25.153Z,dry,ETH-USD,7,place,sell,2735.2,0.0091,quote-ask,back off: book leaning up,3d9313f5b1dda35813d12458b59e6cc7
2026-09-22T06:40:26.549Z,dry,BTC-USD,6,cancel,sell,85510,0.00029,quote-ask,target moved 85510 -> 85511,a5bd4133196d02f7f97688c3beae0d3c
2026-09-22T06:40:26.642Z,dry,BTC-USD,6,place,sell,85511,0.00029,quote-ask,back off: book leaning up,7560bc9e30b51bca6dcc92bcd4c5cb1e
2026-09-22T06:40:26.746Z,dry,ETH-USD,7,cancel,sell,2735.2,0.0091,quote-ask,target moved 2735.2 -> 2734.9,3d9313f5b1dda35813d12458b59e6cc7
2026-09-22T06:40:26.854Z,dry,ETH-USD,7,place,sell,2734.9,0.0091,quote-ask,back off: holding back-off,10f6c8211ed15009f2943cf3614cef65
2026-09-22T06:40:27.381Z,dry,ETH-USD,7,cancel,sell,2734.9,0.0091,quote-ask,target moved 2734.9 -> 2734.8,10f6c8211ed15009f2943cf3614cef65
2026-09-22T06:40:27.488Z,dry,ETH-USD,7,place,sell,2734.8,0.0091,quote-ask,rejoin best,fc0ccdefbdc45d9266e9c66c6326fcfb
2026-09-22T06:40:27.793Z,dry,ETH-USD,7,place,buy,2734.7,0.0091,quote-bid,back off: holding inventory,ce813429b48554a9e517cc371d66028d
2026-09-22T06:40:27.899Z,dry,ETH-USD,7,place,sell,2735.2,0.0091,quote-ask,join best,dfebcd56cc3a408bcced1817c697f917
2026-09-22T06:40:28.643Z,dry,ETH-USD,7,cancel,buy,2734.7,0.0091,quote-bid,target moved 2734.7 -> 2734.6,ce813429b48554a9e517cc371d66028d
2026-09-22T06:40:28.736Z,dry,ETH-USD,7,place,buy,2734.6,0.0091,quote-bid,back off: holding inventory,31019cd3b9160833e7f9c3c17701a1cc
2026-09-22T06:40:30.513Z,dry,ETH-USD,7,cancel,sell,2735.2,0.0091,quote-ask,target moved 2735.2 -> 2735.3,dfebcd56cc3a408bcced1817c697f917
2026-09-22T06:40:30.606Z,dry,ETH-USD,7,place,sell,2735.3,0.0091,quote-ask,back off: book leaning up,b2c9bf5c190603e615d5eeae8e93a7eb
2026-09-22T06:40:30.927Z,dry,ETH-USD,7,cancel,buy,2734.6,0.0091,quote-bid,target moved 2734.6 -> 2734.7,31019cd3b9160833e7f9c3c17701a1cc
2026-09-22T06:40:31.033Z,dry,ETH-USD,7,place,buy,2734.7,0.0091,quote-bid,back off: holding inventory,fdc57e438ce02a06776c3a64ebd44840
2026-09-22T06:40:31.351Z,dry,ETH-USD,7,cancel,sell,2735.3,0.0091,quote-ask,target moved 2735.3 -> 2735.4,b2c9bf5c190603e615d5eeae8e93a7eb
2026-09-22T06:40:31.453Z,dry,ETH-USD,7,place,sell,2735.4,0.0091,quote-ask,back off: holding back-off,9a88b8a8a740c7b068158503990e24e2
2026-09-22T06:40:31.551Z,dry,ETH-USD,7,cancel,buy,2734.7,0.0091,quote-bid,target moved 2734.7 -> 2734.8,fdc57e438ce02a06776c3a64ebd44840
2026-09-22T06:40:31.656Z,dry,ETH-USD,7,place,buy,2734.8,0.0091,quote-bid,back off: holding inventory,6a313b59044355585656df10d27b2fd6
2026-09-22T06:40:31.954Z,dry,ETH-USD,7,cancel,sell,2735.4,0.0091,quote-ask,target moved 2735.4 -> 2735.3,9a88b8a8a740c7b068158503990e24e2
2026-09-22T06:40:32.053Z,dry,ETH-USD,7,place,sell,2735.3,0.0091,quote-ask,rejoin best,c4e331ede9153a6cf1eee26d48e6ba32
2026-09-22T06:40:33.648Z,dry,BTC-USD,6,cancel,sell,85511,0.00029,quote-ask,target moved 85511 -> 85510,7560bc9e30b51bca6dcc92bcd4c5cb1e
2026-09-22T06:40:33.756Z,dry,BTC-USD,6,place,sell,85510,0.00029,quote-ask,rejoin best,bdbad34d82556ce6a4654ab1d23d5d6b
2026-09-22T06:40:33.846Z,dry,ETH-USD,7,cancel,sell,2735.3,0.0091,quote-ask,target moved 2735.3 -> 2735.1,c4e331ede9153a6cf1eee26d48e6ba32
2026-09-22T06:40:33.954Z,dry,ETH-USD,7,place,sell,2735.1,0.0091,quote-ask,rejoin best,4c8bba32bf7f0efb144556976ad0959c
2026-09-22T06:40:35.533Z,dry,ETH-USD,7,cancel,buy,2734.8,0.0091,quote-bid,target moved 2734.8 -> 2734.9,6a313b59044355585656df10d27b2fd6
2026-09-22T06:40:35.626Z,dry,ETH-USD,7,place,buy,2734.9,0.0091,quote-bid,back off: book leaning down,86e8f659aa050acf7d8b1e97485e32f6
2026-09-22T06:40:40.356Z,dry,ETH-USD,7,place,sell,2736,0.0091,quote-ask,back off: holding back-off,cd1dd59e59588f3dd0a32a44f0964fe6
2026-09-22T06:40:40.770Z,dry,ETH-USD,7,cancel,buy,2734.9,0.0091,quote-bid,target moved 2734.9 -> 2735.7,86e8f659aa050acf7d8b1e97485e32f6
2026-09-22T06:40:40.858Z,dry,ETH-USD,7,place,buy,2735.7,0.0091,quote-bid,back off: book leaning down,51941a28a43962ec324588e8dbd71f10
2026-09-22T06:40:41.181Z,dry,ETH-USD,7,cancel,sell,2736,0.0091,quote-ask,target moved 2736 -> 2735.9,cd1dd59e59588f3dd0a32a44f0964fe6
2026-09-22T06:40:41.305Z,dry,ETH-USD,7,place,sell,2735.9,0.0091,quote-ask,rejoin best,73e8857073de7b7636120d6e72c461a0
2026-09-22T06:40:42.030Z,dry,ETH-USD,7,place,buy,2735,0.0091,quote-bid,back off: holding inventory,58e05e4c5218fbb3e593e048053d599a
2026-09-22T06:40:43.290Z,dry,BTC-USD,6,cancel,sell,85510,0.00029,quote-ask,target moved 85510 -> 85501,bdbad34d82556ce6a4654ab1d23d5d6b
2026-09-22T06:40:43.384Z,dry,BTC-USD,6,place,sell,85501,0.00029,quote-ask,rejoin best,31f0c47e6d55d812e3637b9c1de92563
2026-09-22T06:40:43.488Z,dry,ETH-USD,7,cancel,sell,2735.9,0.0091,quote-ask,target moved 2735.9 -> 2735.1,73e8857073de7b7636120d6e72c461a0
2026-09-22T06:40:43.596Z,dry,ETH-USD,7,place,sell,2735.1,0.0091,quote-ask,back off: holding back-off,3a351fdb26a8308da5ddf703d557e550
2026-09-22T06:40:46.440Z,dry,ETH-USD,7,cancel,sell,2735.1,0.0091,quote-ask,target moved 2735.1 -> 2734.8,3a351fdb26a8308da5ddf703d557e550
2026-09-22T06:40:46.533Z,dry,ETH-USD,7,place,sell,2734.8,0.0091,quote-ask,rejoin best,44313c588b9cc22f2a3edd44d2189d79
2026-09-22T06:40:47.270Z,dry,ETH-USD,7,cancel,sell,2734.8,0.0091,quote-ask,target moved 2734.8 -> 2734.9,44313c588b9cc22f2a3edd44d2189d79
2026-09-22T06:40:47.356Z,dry,ETH-USD,7,place,sell,2734.9,0.0091,quote-ask,back off: book leaning up,e49997c09e2868e25780468e21bdb7d2
2026-09-22T06:40:47.459Z,dry,ETH-USD,7,reject,sell,2734.9,0.0091,quote-ask,post only order would cross,e49997c09e2868e25780468e21bdb7d2
2026-09-22T06:40:47.474Z,dry,ETH-USD,7,place,sell,2735.2,0.0091,quote-ask,back off: holding back-off,fe14225e24062c24e1185b79c656d52e
2026-09-22T06:40:48.305Z,dry,BTC-USD,6,cancel,sell,85501,0.00029,quote-ask,target moved 85501 -> 85502,31f0c47e6d55d812e3637b9c1de92563
2026-09-22T06:40:48.406Z,dry,BTC-USD,6,place,sell,85502,0.00029,quote-ask,back off: book leaning up,eb5a8bc3ff3bf8559ff5c686e4a95a57
2026-09-22T06:40:48.507Z,dry,BTC-USD,6,reject,sell,85502,0.00029,quote-ask,post only order would cross,eb5a8bc3ff3bf8559ff5c686e4a95a57
2026-09-22T06:40:48.524Z,dry,ETH-USD,7,place,buy,2736,0.0091,quote-bid,back off: holding inventory,72332fe3a0c171a6310bc5d7ede908a1
2026-09-22T06:40:48.620Z,dry,ETH-USD,7,place,sell,2736.2,0.0091,quote-ask,join best,6ed758457a7002c7ed97e726ed18aab1
2026-09-22T06:40:48.922Z,dry,BTC-USD,6,place,buy,85512,0.00029,quote-bid,back off: book leaning down,b73de31c8ba4bfb192a56bc4f1d12ea3
2026-09-22T06:40:49.031Z,dry,BTC-USD,6,place,sell,85515,0.00029,quote-ask,back off: holding back-off,a8e14d23e698754e17cfcdeb50427f98
2026-09-22T06:40:49.333Z,dry,BTC-USD,6,cancel,sell,85515,0.00029,quote-ask,target moved 85515 -> 85514,a8e14d23e698754e17cfcdeb50427f98
2026-09-22T06:40:49.441Z,dry,BTC-USD,6,place,sell,85514,0.00029,quote-ask,rejoin best,93220c16681d37e489004e493f78e114
2026-09-22T06:40:49.545Z,dry,ETH-USD,7,cancel,sell,2736.2,0.0091,quote-ask,target moved 2736.2 -> 2736,6ed758457a7002c7ed97e726ed18aab1
2026-09-22T06:40:49.653Z,dry,ETH-USD,7,place,sell,2736,0.0091,quote-ask,rejoin best,50b7a961a6df328a9451a63f072c8c37
2026-09-22T06:40:50.760Z,dry,ETH-USD,7,cancel,sell,2736,0.0091,quote-ask,target moved 2736 -> 2736.1,50b7a961a6df328a9451a63f072c8c37
2026-09-22T06:40:50.874Z,dry,ETH-USD,7,place,sell,2736.1,0.0091,quote-ask,back off: book leaning up,4baf573e66965c0a4f1072c304eb06bb
2026-09-22T06:40:53.514Z,dry,ETH-USD,7,place,buy,2736,0.0091,quote-bid,back off: book leaning down,f0ec15d2c8c32acbb70bdc227b597024
2026-09-22T06:40:53.604Z,dry,ETH-USD,7,place,sell,2736.2,0.0091,quote-ask,join best,d4fe818cb45bdf9f83fbd982eec57e82
2026-09-22T06:40:53.710Z,dry,ETH-USD,7,reject,sell,2736.2,0.0091,quote-ask,post only order would cross,d4fe818cb45bdf9f83fbd982eec57e82
2026-09-22T06:40:53.724Z,dry,ETH-USD,7,place,sell,2736.3,0.0091,quote-ask,join best,1182355af532c1708e78064045eda458
2026-09-22T06:40:54.135Z,dry,BTC-USD,6,cancel,sell,85514,0.00029,quote-ask,target moved 85514 -> 85515,93220c16681d37e489004e493f78e114
2026-09-22T06:40:54.244Z,dry,BTC-USD,6,place,sell,85515,0.00029,quote-ask,back off: book leaning up,dafda5457c215efbf773c5160ce564f3
2026-09-22T06:40:54.352Z,dry,ETH-USD,7,place,sell,2736.5,0.0091,quote-ask,join best,38abe20bafa204fcc4d44555df8023e7
2026-09-22T06:40:54.554Z,dry,ETH-USD,7,cancel,buy,2736,0.0091,quote-bid,target moved 2736 -> 2736.3,f0ec15d2c8c32acbb70bdc227b597024
2026-09-22T06:40:54.653Z,dry,ETH-USD,7,place,buy,2736.3,0.0091,quote-bid,back off: book leaning down,6df3d95417970fcd6905288ea4210cbc
2026-09-22T06:40:54.958Z,dry,ETH-USD,7,place,buy,2735.9,0.0091,quote-bid,back off: book leaning down,18eae187f052639691685e3b18e40ccf
2026-09-22T06:40:55.383Z,dry,ETH-USD,7,cancel,sell,2736.5,0.0091,quote-ask,target moved 2736.5 -> 2736.2,38abe20bafa204fcc4d44555df8023e7
2026-09-22T06:40:55.477Z,dry,ETH-USD,7,place,sell,2736.2,0.0091,quote-ask,rejoin best,b2cc7b64e92959bef42d3943376244b7
2026-09-22T06:40:55.796Z,dry,ETH-USD,7,cancel,buy,2735.9,0.0091,quote-bid,target moved 2735.9 -> 2736,18eae187f052639691685e3b18e40ccf
2026-09-22T06:40:55.903Z,dry,ETH-USD,7,place,buy,2736,0.0091,quote-bid,back off: book leaning down,cddf178beeff2b957013ac60f1ab24a4
2026-09-22T06:40:57.266Z,dry,BTC-USD,6,place,sell,85524,0.00029,quote-ask,back off: holding back-off,c9e957132b7a790df579e54d74687fa7
2026-09-22T06:40:57.683Z,dry,BTC-USD,6,cancel,buy,85512,0.00029,quote-bid,target moved 85512 -> 85521,b73de31c8ba4bfb192a56bc4f1d12ea3
2026-09-22T06:40:57.792Z,dry,BTC-USD,6,place,buy,85521,0.00029,quote-bid,back off: holding inventory,36b6165cd01c8b8cd9a14d207d5f02bf
2026-09-22T06:40:57.895Z,dry,ETH-USD,7,cancel,buy,2736,0.0091,quote-bid,target moved 2736 -> 2735.9,cddf178beeff2b957013ac60f1ab24a4
2026-09-22T06:40:58.001Z,dry,ETH-USD,7,cancel,sell,2736.2,0.0091,quote-ask,target moved 2736.2 -> 2736.1,b2cc7b64e92959bef42d3943376244b7
2026-09-22T06:40:58.112Z,dry,ETH-USD,7,place,buy,2735.9,0.0091,quote-bid,back off: holding inventory,c87969c75935a17280da5216a92e76c2
2026-09-22T06:40:58.216Z,dry,ETH-USD,7,place,sell,2736.1,0.0091,quote-ask,rejoin best,1f2e5ac459e74530329d9144ec064cbb
2026-09-22T06:40:58.721Z,dry,BTC-USD,6,cancel,sell,85524,0.00029,quote-ask,target moved 85524 -> 85523,c9e957132b7a790df579e54d74687fa7
2026-09-22T06:40:58.816Z,dry,BTC-USD,6,place,sell,85523,0.00029,quote-ask,rejoin best,85daa84e3258796c7c147ff0f719fb85
2026-09-22T06:40:58.935Z,dry,ETH-USD,7,cancel,sell,2736.1,0.0091,quote-ask,target moved 2736.1 -> 2736.2,1f2e5ac459e74530329d9144ec064cbb
2026-09-22T06:40:59.044Z,dry,ETH-USD,7,place,sell,2736.2,0.0091,quote-ask,rejoin best,bb5c60c2de891dbdeff53a7a7e4bb26e
2026-09-22T06:41:01.847Z,dry,ETH-USD,7,cancel,sell,2736.2,0.0091,quote-ask,target moved 2736.2 -> 2736.1,bb5c60c2de891dbdeff53a7a7e4bb26e
2026-09-22T06:41:01.939Z,dry,ETH-USD,7,place,sell,2736.1,0.0091,quote-ask,rejoin best,fc8236f90c5b2c55d6585eea383522f1
2026-09-22T06:41:02.051Z,dry,BTC-USD,6,place,sell,85527,0.00029,quote-ask,back off: book leaning up,8d9ff3d2895e955fb3d741940e4cfbe7
2026-09-22T06:41:02.465Z,dry,BTC-USD,6,cancel,buy,85521,0.00029,quote-bid,target moved 85521 -> 85524,36b6165cd01c8b8cd9a14d207d5f02bf
2026-09-22T06:41:02.557Z,dry,BTC-USD,6,place,buy,85524,0.00029,quote-bid,back off: holding back-off,8af6e272859914cde25d4990642c5c70
2026-09-22T06:41:02.648Z,dry,ETH-USD,7,cancel,buy,2735.9,0.0091,quote-bid,target moved 2735.9 -> 2735.8,c87969c75935a17280da5216a92e76c2
2026-09-22T06:41:02.757Z,dry,ETH-USD,7,place,buy,2735.8,0.0091,quote-bid,back off: holding inventory,7c420c6796042adf39ec0fcc79168d02
2026-09-22T06:41:02.893Z,dry,BTC-USD,6,cancel,buy,85524,0.00029,quote-bid,target moved 85524 -> 85525,8af6e272859914cde25d4990642c5c70
2026-09-22T06:41:03.001Z,dry,BTC-USD,6,place,buy,85525,0.00029,quote-bid,rejoin best,d56d1dda5ae9e961e91e1738a4e166ed
2026-09-22T06:41:03.109Z,dry,ETH-USD,7,place,sell,2736.3,0.0091,quote-ask,back off: holding back-off,cb929898a24574730d416476b176c482
2026-09-22T06:41:03.305Z,dry,ETH-USD,7,cancel,buy,2735.8,0.0091,quote-bid,target moved 2735.8 -> 2736,7c420c6796042adf39ec0fcc79168d02
2026-09-22T06:41:03.412Z,dry,ETH-USD,7,place,buy,2736,0.0091,quote-bid,back off: book leaning down,e233a27ecaaf4443d3c92bfedc928f9b
2026-09-22T06:41:03.518Z,dry,ETH-USD,7,cancel,sell,2736.3,0.0091,quote-ask,target moved 2736.3 -> 2736.2,cb929898a24574730d416476b176c482
2026-09-22T06:41:03.626Z,dry,ETH-USD,7,place,sell,2736.2,0.0091,quote-ask,rejoin best,8893c7d4d6fec11a78455f4d1eeb6ba4
2026-09-22T06:41:07.733Z,dry,ETH-USD,7,place,buy,2735.8,0.0091,quote-bid,back off: book leaning down,83c4967b67bf4eb5dfc9cbb99b3876eb
2026-09-22T06:41:08.152Z,dry,ETH-USD,7,cancel,sell,2736.2,0.0091,quote-ask,target moved 2736.2 -> 2736,8893c7d4d6fec11a78455f4d1eeb6ba4
2026-09-22T06:41:08.234Z,dry,ETH-USD,7,place,sell,2736,0.0091,quote-ask,rejoin best,f937fcd7bba6c18b59e54c3e6434e9ea
2026-09-22T06:41:08.568Z,dry,ETH-USD,7,place,sell,2736.1,0.0091,quote-ask,join best,7a8422f97c97f4f10e2b4e58733db019
2026-09-22T06:41:08.990Z,dry,ETH-USD,7,cancel,buy,2735.8,0.0091,quote-bid,target moved 2735.8 -> 2735.9,83c4967b67bf4eb5dfc9cbb99b3876eb
2026-09-22T06:41:09.084Z,dry,ETH-USD,7,place,buy,2735.9,0.0091,quote-bid,back off: book leaning down,96241d3782333fee4bdc0de52b388969
2026-09-22T06:41:11.088Z,dry,BTC-USD,6,cancel,buy,85525,0.00029,quote-bid,target moved 85525 -> 85524,d56d1dda5ae9e961e91e1738a4e166ed
2026-09-22T06:41:11.182Z,dry,BTC-USD,6,place,buy,85524,0.00029,quote-bid,back off: book leaning down,cd329f23ed545fb2e13ac8e180dae1ce
2026-09-22T06:41:11.514Z,dry,BTC-USD,6,cancel,sell,85527,0.00029,quote-ask,target moved 85527 -> 85526,8d9ff3d2895e955fb3d741940e4cfbe7
2026-09-22T06:41:11.623Z,dry,BTC-USD,6,place,sell,85526,0.00029,quote-ask,rejoin best,e3d9aaf8c1574698e84a26330b917465
2026-09-22T06:41:12.976Z,dry,ETH-USD,7,place,buy,2735.7,0.0091,quote-bid,back off: holding inventory,e831c665eb7c50cc0ad9fdb733cf1b8e
2026-09-22T06:41:13.400Z,dry,ETH-USD,7,cancel,sell,2736.1,0.0091,quote-ask,target moved 2736.1 -> 2735.9,7a8422f97c97f4f10e2b4e58733db019
2026-09-22T06:41:13.508Z,dry,ETH-USD,7,place,sell,2735.9,0.0091,quote-ask,rejoin best,b412018e8a229d3a5b47cb144e553e93
2026-09-22T06:41:14.238Z,dry,ETH-USD,7,place,sell,2736,0.0091,quote-ask,join best,7ce23164ad14b26317de56fa1184ab50
2026-09-22T06:41:14.650Z,dry,ETH-USD,7,cancel,buy,2735.7,0.0091,quote-bid,target moved 2735.7 -> 2735.8,e831c665eb7c50cc0ad9fdb733cf1b8e
2026-09-22T06:41:14.751Z,dry,ETH-USD,7,place,buy,2735.8,0.0091,quote-bid,back off: book leaning down,3beaf496c5ec2cd231920e11739c06b4
2026-09-22T06:41:16.525Z,dry,BTC-USD,6,cancel,buy,85524,0.00029,quote-bid,target moved 85524 -> 85525,cd329f23ed545fb2e13ac8e180dae1ce
2026-09-22T06:41:16.618Z,dry,BTC-USD,6,place,buy,85525,0.00029,quote-bid,rejoin best,01372725ac9405c3bbc1efa6191b0037
2026-09-22T06:41:18.622Z,dry,ETH-USD,7,place,sell,2736.1,0.0091,quote-ask,join best,fa3069e70584f55a823f184258a7f741
2026-09-22T06:41:19.038Z,dry,ETH-USD,7,cancel,buy,2735.8,0.0091,quote-bid,target moved 2735.8 -> 2735.9,3beaf496c5ec2cd231920e11739c06b4
2026-09-22T06:41:19.148Z,dry,ETH-USD,7,place,buy,2735.9,0.0091,quote-bid,back off: book leaning down,531281eae4c7610a1c20c0c2ede50aba
2026-09-22T06:41:20.726Z,dry,ETH-USD,7,cancel,buy,2735.9,0.0091,quote-bid,target moved 2735.9 -> 2735.8,531281eae4c7610a1c20c0c2ede50aba
2026-09-22T06:41:20.816Z,dry,ETH-USD,7,cancel,sell,2736.1,0.0091,quote-ask,target moved 2736.1 -> 2736,fa3069e70584f55a823f184258a7f741
2026-09-22T06:41:20.925Z,dry,ETH-USD,7,place,buy,2735.8,0.0091,quote-bid,back off: book leaning down,0bf9f97bc91fb560aeef5ef68bf7152f
2026-09-22T06:41:21.031Z,dry,ETH-USD,7,place,sell,2736,0.0091,quote-ask,rejoin best,d5dafe1407afe148469ce3b6bd53a135
2026-09-22T06:41:21.364Z,dry,BTC-USD,6,cancel,buy,85525,0.00029,quote-bid,target moved 85525 -> 85524,01372725ac9405c3bbc1efa6191b0037
2026-09-22T06:41:21.456Z,dry,BTC-USD,6,place,buy,85524,0.00029,quote-bid,back off: book leaning down,ba43a8219790dec02199b41fa055507d
2026-09-22T06:41:21.575Z,dry,ETH-USD,7,cancel,buy,2735.8,0.0091,quote-bid,target moved 2735.8 -> 2735.7,0bf9f97bc91fb560aeef5ef68bf7152f
2026-09-22T06:41:21.680Z,dry,ETH-USD,7,cancel,sell,2736,0.0091,quote-ask,target moved 2736 -> 2735.9,d5dafe1407afe148469ce3b6bd53a135
2026-09-22T06:41:21.788Z,dry,ETH-USD,7,place,buy,2735.7,0.0091,quote-bid,back off: book leaning down,6cb3331fd8a8b42e00b09508864c189e
2026-09-22T06:41:21.894Z,dry,ETH-USD,7,place,sell,2735.9,0.0091,quote-ask,rejoin best,7fc12917e28c69d300dc84d9ec706284
2026-09-22T06:41:22.211Z,dry,ETH-USD,7,place,sell,2736.1,0.0091,quote-ask,back off: holding inventory,fcd6da381eec5689f289806c7d1fe07f
2026-09-22T06:41:22.634Z,dry,ETH-USD,7,cancel,buy,2735.7,0.0091,quote-bid,target moved 2735.7 -> 2735.9,6cb3331fd8a8b42e00b09508864c189e
2026-09-22T06:41:22.730Z,dry,ETH-USD,7,place,buy,2735.9,0.0091,quote-bid,rejoin best,edc6812d35da58f082d0962172f07c23
2026-09-22T06:41:23.450Z,dry,ETH-USD,7,cancel,sell,2736.1,0.0091,quote-ask,target moved 2736.1 -> 2736.2,fcd6da381eec5689f289806c7d1fe07f
2026-09-22T06:41:23.547Z,dry,ETH-USD,7,place,sell,2736.2,0.0091,quote-ask,back off: holding inventory,df3dbb6b348d416e19c018dc75a3d518
2026-09-22T06:41:23.852Z,dry,ETH-USD,7,cancel,buy,2735.9,0.0091,quote-bid,target moved 2735.9 -> 2736,edc6812d35da58f082d0962172f07c23
2026-09-22T06:41:23.952Z,dry,ETH-USD,7,place,buy,2736,0.0091,quote-bid,rejoin best,b71808fd182d87ac0921618be97e35c7
2026-09-22T06:41:25.328Z,dry,ETH-USD,7,cancel,sell,2736.2,0.0091,quote-ask,target moved 2736.2 -> 2736.3,df3dbb6b348d416e19c018dc75a3d518
2026-09-22T06:41:25.415Z,dry,ETH-USD,7,place,sell,2736.3,0.0091,quote-ask,back off: holding inventory,5c29585eaeabc6cfa0a291cf4e40ba37
2026-09-22T06:41:33.264Z,dry,ETH-USD,7,cancel,buy,2736,0.0091,quote-bid,target moved 2736 -> 2736.1,b71808fd182d87ac0921618be97e35c7
2026-09-22T06:41:33.353Z,dry,ETH-USD,7,place,buy,2736.1,0.0091,quote-bid,rejoin best,5eca280c8ab0c0923537e83e5e14da7e
2026-09-22T06:41:34.724Z,dry,ETH-USD,7,place,buy,2735.9,0.0091,quote-bid,join best,5f6e466421cf0a784ec307a210e59b57
2026-09-22T06:41:34.937Z,dry,BTC-USD,6,cancel,buy,85524,0.00029,quote-bid,target moved 85524 -> 85523,ba43a8219790dec02199b41fa055507d
2026-09-22T06:41:35.043Z,dry,BTC-USD,6,cancel,sell,85526,0.00029,quote-ask,target moved 85526 -> 85525,e3d9aaf8c1574698e84a26330b917465
2026-09-22T06:41:35.151Z,dry,BTC-USD,6,place,buy,85523,0.00029,quote-bid,back off: book leaning down,c1aa44f865fce6c13d2ea8dcbb362087
2026-09-22T06:41:35.258Z,dry,BTC-USD,6,place,sell,85525,0.00029,quote-ask,rejoin best,1aaca6e33f90f0d9f7e585bc481c722a
2026-09-22T06:41:35.551Z,dry,ETH-USD,7,cancel,buy,2735.9,0.0091,quote-bid,target moved 2735.9 -> 2735.8,5f6e466421cf0a784ec307a210e59b57
2026-09-22T06:41:35.651Z,dry,ETH-USD,7,cancel,sell,2736.3,0.0091,quote-ask,target moved 2736.3 -> 2736.1,5c29585eaeabc6cfa0a291cf4e40ba37
2026-09-22T06:41:35.747Z,dry,ETH-USD,7,place,buy,2735.8,0.0091,quote-bid,back off: book leaning down,945878ee5872b0bb3ff5fe9022d51f5f
2026-09-22T06:41:35.855Z,dry,ETH-USD,7,place,sell,2736.1,0.0091,quote-ask,back off: holding back-off,42b2675a31d4771745103a672d3f1e8c
2026-09-22T06:41:35.959Z,dry,ETH-USD,7,cancel,sell,2736.1,0.0091,quote-ask,target moved 2736.1 -> 2736,42b2675a31d4771745103a672d3f1e8c
2026-09-22T06:41:36.069Z,dry,ETH-USD,7,place,sell,2736,0.0091,quote-ask,rejoin best,d6c34e7ee18232cb149e09a430cbbb80
2026-09-22T06:41:38.063Z,dry,ETH-USD,7,place,sell,2736.2,0.0091,quote-ask,back off: holding inventory,b091e7070edfdd84a05d5c00fdbd56a4
2026-09-22T06:41:38.487Z,dry,ETH-USD,7,cancel,buy,2735.8,0.0091,quote-bid,target moved 2735.8 -> 2735.9,945878ee5872b0bb3ff5fe9022d51f5f
2026-09-22T06:41:38.603Z,dry,ETH-USD,7,place,buy,2735.9,0.0091,quote-bid,back off: book leaning down,6393903e65061decff2c61c04bbce894
2026-09-22T06:41:40.164Z,dry,BTC-USD,6,cancel,sell,85525,0.00029,quote-ask,target moved 85525 -> 85526,1aaca6e33f90f0d9f7e585bc481c722a
2026-09-22T06:41:40.276Z,dry,BTC-USD,6,place,sell,85526,0.00029,quote-ask,back off: book leaning up,0ec93fde35c7a3f261d7dc13871be8e8
2026-09-22T06:41:40.379Z,dry,ETH-USD,7,place,sell,2736.4,0.0091,quote-ask,back off: holding inventory,7c81a9618d0b0b0c8765d265610a0444
2026-09-22T06:41:40.591Z,dry,ETH-USD,7,cancel,buy,2735.9,0.0091,quote-bid,target moved 2735.9 -> 2736.1,6393903e65061decff2c61c04bbce894
2026-09-22T06:41:40.699Z,dry,ETH-USD,7,place,buy,2736.1,0.0091,quote-bid,back off: book leaning down,7474242052c64b08864e47cfb107c05d
2026-09-22T06:41:41.011Z,dry,BTC-USD,6,cancel,buy,85523,0.00029,quote-bid,target moved 85523 -> 85525,c1aa44f865fce6c13d2ea8dcbb362087
2026-09-22T06:41:41.107Z,dry,BTC-USD,6,cancel,sell,85526,0.00029,quote-ask,target moved 85526 -> 85527,0ec93fde35c7a3f261d7dc13871be8e8
2026-09-22T06:41:41.214Z,dry,BTC-USD,6,place,buy,85525,0.00029,quote-bid,rejoin best,705716b4d286f87374b7b2032e440466
2026-09-22T06:41:41.305Z,dry,BTC-USD,6,place,sell,85527,0.00029,quote-ask,back off: book leaning up,e8a53a721c6af2c716b13781d0142dc3
2026-09-22T06:41:41.424Z,dry,BTC-USD,6,cancel,buy,85525,0.00029,quote-bid,target moved 85525 -> 85524,705716b4d286f87374b7b2032e440466
2026-09-22T06:41:41.520Z,dry,BTC-USD,6,place,buy,85524,0.00029,quote-bid,back off: book leaning down,5cb85c8d76ed67e14a952abe987bbbc7
2026-09-22T06:41:42.453Z,dry,BTC-USD,6,place,buy,85511,0.00029,quote-bid,back off: holding back-off,15427a273d94b2a50641377409182d7c
2026-09-22T06:41:42.860Z,dry,BTC-USD,6,cancel,sell,85527,0.00029,quote-ask,target moved 85527 -> 85514,e8a53a721c6af2c716b13781d0142dc3
2026-09-22T06:41:42.971Z,dry,BTC-USD,6,place,sell,85514,0.00029,quote-ask,back off: holding back-off,1595a59ef90674542d2e0e0ecbed922e
2026-09-22T06:41:43.061Z,dry,BTC-USD,6,cancel,buy,85511,0.00029,quote-bid,target moved 85511 -> 85512,15427a273d94b2a50641377409182d7c
2026-09-22T06:41:43.170Z,dry,BTC-USD,6,place,buy,85512,0.00029,quote-bid,rejoin best,dd59318e0ffda4ccec249f35a12cbb3c
2026-09-22T06:41:43.487Z,dry,BTC-USD,6,cancel,sell,85514,0.00029,quote-ask,target moved 85514 -> 85513,1595a59ef90674542d2e0e0ecbed922e
2026-09-22T06:41:43.595Z,dry,BTC-USD,6,place,sell,85513,0.00029,quote-ask,rejoin best,410685f5a62978047efd860179cd1c26
2026-09-22T06:41:45.378Z,dry,ETH-USD,7,place,buy,2735.9,0.0091,quote-bid,back off: book leaning down,799372a46e18dc26afd04fe4476e1010
2026-09-22T06:41:45.802Z,dry,ETH-USD,7,cancel,sell,2736.4,0.0091,quote-ask,target moved 2736.4 -> 2736.2,7c81a9618d0b0b0c8765d265610a0444
2026-09-22T06:41:45.895Z,dry,ETH-USD,7,place,sell,2736.2,0.0091,quote-ask,back off: holding inventory,300995b02f6c53e04b72d81425be3b46
2026-09-22T06:41:46.005Z,dry,ETH-USD,7,place,buy,2735.4,0.0091,quote-bid,back off: book leaning down,5e8c79e031e8e55e84e04add05d906e5
2026-09-22T06:41:46.430Z,dry,ETH-USD,7,cancel,sell,2736.2,0.0091,quote-ask,target moved 2736.2 -> 2735.7,300995b02f6c53e04b72d81425be3b46
2026-09-22T06:41:46.537Z,dry,ETH-USD,7,place,sell,2735.7,0.0091,quote-ask,back off: holding back-off,38df82026e9024709d1babdfe57df99e
2026-09-22T06:41:46.842Z,dry,ETH-USD,7,cancel,sell,2735.7,0.0091,quote-ask,target moved 2735.7 -> 2735.6,38df82026e9024709d1babdfe57df99e
2026-09-22T06:41:46.935Z,dry,ETH-USD,7,place,sell,2735.6,0.0091,quote-ask,rejoin best,fb248e6da5e003bd3906b55c3feb9808
2026-09-22T06:41:48.729Z,dry,ETH-USD,7,cancel,buy,2735.4,0.0091,quote-bid,target moved 2735.4 -> 2735.5,5e8c79e031e8e55e84e04add05d906e5
2026-09-22T06:41:48.824Z,dry,ETH-USD,7,place,buy,2735.5,0.0091,quote-bid,rejoin best,3a9628b79ea63d60cf049ab3acc3fe29
2026-09-22T06:41:49.765Z,dry,BTC-USD,6,cancel,sell,85513,0.00029,quote-ask,target moved 85513 -> 85514,410685f5a62978047efd860179cd1c26
2026-09-22T06:41:49.853Z,dry,BTC-USD,6,place,sell,85514,0.00029,quote-ask,back off: book leaning up,1cc038d5215ca50c6b396261552007d0
2026-09-22T06:41:49.963Z,dry,BTC-USD,6,reject,sell,85514,0.00029,quote-ask,post only order would cross,1cc038d5215ca50c6b396261552007d0
2026-09-22T06:41:49.980Z,dry,ETH-USD,7,cancel,buy,2735.5,0.0091,quote-bid,target moved 2735.5 -> 2735.8,3a9628b79ea63d60cf049ab3acc3fe29
2026-09-22T06:41:50.086Z,dry,ETH-USD,7,place,buy,2735.8,0.0091,quote-bid,rejoin best,6f04982421bef052b3ecfc35614e62d8
2026-09-22T06:41:50.193Z,dry,ETH-USD,7,place,sell,2736,0.0091,quote-ask,back off: holding inventory,b42f52489d4b172f793cf395c07355fa
2026-09-22T06:41:50.420Z,dry,BTC-USD,6,place,sell,85522,0.00029,quote-ask,back off: holding back-off,9233851feb170298753268d3e7a8a094
2026-09-22T06:41:50.842Z,dry,BTC-USD,6,cancel,buy,85512,0.00029,quote-bid,target moved 85512 -> 85520,dd59318e0ffda4ccec249f35a12cbb3c
2026-09-22T06:41:50.933Z,dry,BTC-USD,6,cancel,sell,85522,0.00029,quote-ask,target moved 85522 -> 85521,9233851feb170298753268d3e7a8a094
2026-09-22T06:41:51.027Z,dry,BTC-USD,6,place,buy,85520,0.00029,quote-bid,rejoin best,2e4dac9c259ea37a7afbe4a8baf5171a
2026-09-22T06:41:51.135Z,dry,BTC-USD,6,place,sell,85521,0.00029,quote-ask,rejoin best,9356adb344935edab853ec83456c9193
2026-09-22T06:41:51.256Z,dry,ETH-USD,7,cancel,sell,2736,0.0091,quote-ask,target moved 2736 -> 2736.1,b42f52489d4b172f793cf395c07355fa
2026-09-22T06:41:51.364Z,dry,ETH-USD,7,place,sell,2736.1,0.0091,quote-ask,back off: holding inventory,f8a61202a5d2c5168a9fbc2867d79031
2026-09-22T06:41:52.535Z,dry,BTC-USD,6,cancel,buy,85520,0.00029,quote-bid,target moved 85520 -> 85519,2e4dac9c259ea37a7afbe4a8baf5171a
2026-09-22T06:41:52.629Z,dry,BTC-USD,6,place,buy,85519,0.00029,quote-bid,back off: book leaning down,1864d34b6d32470d108926e8ecf2b85f
2026-09-22T06:41:54.179Z,dry,BTC-USD,6,place,sell,85529,0.00029,quote-ask,back off: book leaning up,641d591f998c160ba8204cbde738da62
2026-09-22T06:41:54.583Z,dry,BTC-USD,6,cancel,buy,85519,0.00029,quote-bid,target moved 85519 -> 85526,1864d34b6d32470d108926e8ecf2b85f
2026-09-22T06:41:54.690Z,dry,BTC-USD,6,place,buy,85526,0.00029,quote-bid,back off: holding back-off,36a3587c8119b663ee05d79c8b7e1cd2
2026-09-22T06:41:54.795Z,dry,ETH-USD,7,place,sell,2736.4,0.0091,quote-ask,back off: holding inventory,2e8921edf342c6dbe125e98f7d0f62e7
2026-09-22T06:41:55.007Z,dry,BTC-USD,6,cancel,buy,85526,0.00029,quote-bid,target moved 85526 -> 85527,36a3587c8119b663ee05d79c8b7e1cd2
2026-09-22T06:41:55.112Z,dry,BTC-USD,6,place,buy,85527,0.00029,quote-bid,rejoin best,78882ade40f0282cb43c920a99e1c4f6
2026-09-22T06:41:55.216Z,dry,ETH-USD,7,cancel,buy,2735.8,0.0091,quote-bid,target moved 2735.8 -> 2736.1,6f04982421bef052b3ecfc35614e62d8
2026-09-22T06:41:55.324Z,dry,ETH-USD,7,place,buy,2736.1,0.0091,quote-bid,back off: book leaning down,5edada3ab2f67d71e1a5cf60d78f4ef8
2026-09-22T06:41:57.297Z,dry,BTC-USD,6,cancel,buy,85527,0.00029,quote-bid,target moved 85527 -> 85526,78882ade40f0282cb43c920a99e1c4f6
2026-09-22T06:41:57.396Z,dry,BTC-USD,6,place,buy,85526,0.00029,quote-bid,back off: book leaning down,7306d983ef0433205395ea3a4b6112a2
2026-09-22T06:41:57.558Z,dry,ETH-USD,7,place,buy,2735.9,0.0091,quote-bid,back off: holding back-off,6518de91ee343c948ca4eb921da45b0c
2026-09-22T06:41:57.721Z,dry,ETH-USD,7,cancel,sell,2736.4,0.0091,quote-ask,target moved 2736.4 -> 2736.2,2e8921edf342c6dbe125e98f7d0f62e7
2026-09-22T06:41:57.814Z,dry,ETH-USD,7,place,sell,2736.2,0.0091,quote-ask,back off: book leaning up,754585f7d998652501cc5e6c03fd622d
2026-09-22T06:41:58.131Z,dry,ETH-USD,7,cancel,buy,2735.9,0.0091,quote-bid,target moved 2735.9 -> 2736,6518de91ee343c948ca4eb921da45b0c
2026-09-22T06:41:58.223Z,dry,ETH-USD,7,place,buy,2736,0.0091,quote-bid,rejoin best,84bd75b7a230ab64c83b55400bd847a4
2026-09-22T06:41:58.345Z,dry,BTC-USD,6,place,sell,85536,0.00029,quote-ask,back off: holding inventory,4c19a099d25e8cbf4c3bf708c5aa0111
2026-09-22T06:41:58.451Z,dry,ETH-USD,7,place,sell,2736.4,0.0091,quote-ask,back off: holding inventory,7a0ac6b480d66cbee2e35c60085433a6
2026-09-22T06:41:58.752Z,dry,BTC-USD,6,cancel,buy,85526,0.00029,quote-bid,target moved 85526 -> 85534,7306d983ef0433205395ea3a4b6112a2
2026-09-22T06:41:58.858Z,dry,BTC-USD,6,place,buy,85534,0.00029,quote-bid,rejoin best,38065b357176acfec34c042d54ffb7b3
2026-09-22T06:41:58.963Z,dry,ETH-USD,7,cancel,buy,2736,0.0091,quote-bid,target moved 2736 -> 2736.1,84bd75b7a230ab64c83b55400bd847a4
2026-09-22T06:41:59.072Z,dry,ETH-USD,7,place,buy,2736.1,0.0091,quote-bid,back off: book leaning down,bc73b2db185bbe29545102ac580fa29a
2026-09-22T06:41:59.781Z,dry,ETH-USD,7,cancel,buy,2736.1,0.0091,quote-bid,target moved 2736.1 -> 2736.2,bc73b2db185bbe29545102ac580fa29a
2026-09-22T06:41:59.874Z,dry,ETH-USD,7,place,buy,2736.2,0.0091,quote-bid,rejoin best,296025d8d33cc07a80ab915e09b31685
2026-09-22T06:42:00.621Z,dry,ETH-USD,7,cancel,buy,2736.2,0.0091,quote-bid,target moved 2736.2 -> 2736.1,296025d8d33cc07a80ab915e09b31685
2026-09-22T06:42:00.730Z,dry,ETH-USD,7,place,buy,2736.1,0.0091,quote-bid,back off: book leaning down,5d8259ab84f98a657ddfb012921e30fe
2026-09-22T06:42:01.039Z,dry,BTC-USD,6,cancel,buy,85534,0.00029,quote-bid,target moved 85534 -> 85533,38065b357176acfec34c042d54ffb7b3
2026-09-22T06:42:01.142Z,dry,BTC-USD,6,place,buy,85533,0.00029,quote-bid,back off: book leaning down,94c61ef220a689fab3b46b310852f43c
2026-09-22T06:42:01.243Z,dry,ETH-USD,7,cancel,sell,2736.4,0.0091,quote-ask,target moved 2736.4 -> 2736.3,7a0ac6b480d66cbee2e35c60085433a6
2026-09-22T06:42:01.350Z,dry,ETH-USD,7,place,sell,2736.3,0.0091,quote-ask,back off: holding inventory,e5e3de4a33835450609f14868bf97117
2026-09-22T06:42:01.655Z,dry,ETH-USD,7,place,buy,2735.9,0.0091,quote-bid,back off: holding back-off,49d11d6694af6c569dfe87c7fb8050ca
2026-09-22T06:42:02.056Z,dry,ETH-USD,7,cancel,buy,2735.9,0.0091,quote-bid,target moved 2735.9 -> 2736,49d11d6694af6c569dfe87c7fb8050ca
2026-09-22T06:42:02.145Z,dry,ETH-USD,7,cancel,sell,2736.3,0.0091,quote-ask,target moved 2736.3 -> 2736.2,e5e3de4a33835450609f14868bf97117
2026-09-22T06:42:02.254Z,dry,ETH-USD,7,place,buy,2736,0.0091,quote-bid,rejoin best,946727414ebb0bd0067e75e887585073
2026-09-22T06:42:02.376Z,dry,ETH-USD,7,place,sell,2736.2,0.0091,quote-ask,back off: book leaning up,8a9874e3d65dfc70d959c90054003f55
2026-09-22T06:42:03.321Z,dry,BTC-USD,6,place,buy,85530,0.00029,quote-bid,back off: book leaning down,b87c3b4fd4178b72d82e0acd2a81a115
2026-09-22T06:42:03.406Z,dry,ETH-USD,7,place,buy,2735.6,0.0091,quote-bid,join best,5ceca2a433d4d779afed7531ad23a947
2026-09-22T06:42:03.527Z,dry,BTC-USD,6,place,buy,85525,0.00029,quote-bid,back off: book leaning down,a0e648a500754018c789466d94675254
2026-09-22T06:42:03.951Z,dry,BTC-USD,6,cancel,sell,85536,0.00029,quote-ask,target moved 85536 -> 85528,4c19a099d25e8cbf4c3bf708c5aa0111
2026-09-22T06:42:04.045Z,dry,BTC-USD,6,place,sell,85528,0.00029,quote-ask,back off: holding back-off,0a768a424cba66d834418213ba96d5ef
2026-09-22T06:42:04.149Z,dry,ETH-USD,7,cancel,buy,2735.6,0.0091,quote-bid,target moved 2735.6 -> 2735.5,5ceca2a433d4d779afed7531ad23a947
2026-09-22T06:42:04.239Z,dry,ETH-USD,7,cancel,sell,2736.2,0.0091,quote-ask,target moved 2736.2 -> 2735.8,8a9874e3d65dfc70d959c90054003f55
2026-09-22T06:42:04.333Z,dry,ETH-USD,7,place,buy,2735.5,0.0091,quote-bid,back off: book leaning down,01bdad46efeb0bbba7e5ef5763f2d8c7
2026-09-22T06:42:04.438Z,dry,ETH-USD,7,place,sell,2735.8,0.0091,quote-ask,back off: holding back-off,a5a55a76c403421602bdda9050e0bf4d
2026-09-22T06:42:04.589Z,dry,BTC-USD,6,cancel,sell,85528,0.00029,quote-ask,target moved 85528 -> 85527,0a768a424cba66d834418213ba96d5ef
2026-09-22T06:42:04.683Z,dry,BTC-USD,6,place,sell,85527,0.00029,quote-ask,rejoin best,cd311464b966c36430b2862645fcf24b
2026-09-22T06:42:04.788Z,dry,ETH-USD,7,cancel,sell,2735.8,0.0091,quote-ask,target moved 2735.8 -> 2735.7,a5a55a76c403421602bdda9050e0bf4d
2026-09-22T06:42:04.883Z,dry,ETH-USD,7,place,sell,2735.7,0.0091,quote-ask,rejoin best,44b092ee9e3b6647906558c98036cb68
2026-09-22T06:42:15.690Z,dry,BTC-USD,6,place,buy,85520,0.00029,quote-bid,back off: book leaning down,432e262ce18e6eb06723b31c40c5d343
2026-09-22T06:42:16.106Z,dry,BTC-USD,6,cancel,sell,85527,0.00029,quote-ask,target moved 85527 -> 85522,cd311464b966c36430b2862645fcf24b
2026-09-22T06:42:16.209Z,dry,BTC-USD,6,place,sell,85522,0.00029,quote-ask,rejoin best,02e8ba35eef7b592dd6fc479018d830c
2026-09-22T06:42:16.316Z,dry,ETH-USD,7,cancel,sell,2735.7,0.0091,quote-ask,target moved 2735.7 -> 2735.6,44b092ee9e3b6647906558c98036cb68
2026-09-22T06:42:16.423Z,dry,ETH-USD,7,place,sell,2735.6,0.0091,quote-ask,rejoin best,1bccc89427621e9debec39b5b4aad649
2026-09-22T06:42:16.740Z,dry,ETH-USD,7,cancel,buy,2735.5,0.0091,quote-bid,target moved 2735.5 -> 2735.4,01bdad46efeb0bbba7e5ef5763f2d8c7
2026-09-22T06:42:16.833Z,dry,ETH-USD,7,place,buy,2735.4,0.0091,quote-bid,back off: holding back-off,6f7fa4609a7095c2adb267cd192ff5cd
2026-09-22T06:42:18.174Z,dry,ETH-USD,7,cancel,buy,2735.4,0.0091,quote-bid,target moved 2735.4 -> 2735.5,6f7fa4609a7095c2adb267cd192ff5cd
2026-09-22T06:42:18.268Z,dry,ETH-USD,7,place,buy,2735.5,0.0091,quote-bid,rejoin best,aae518036b45743168bcf8b1b8ae8ab4
2026-09-22T06:42:19.024Z,dry,ETH-USD,7,cancel,buy,2735.5,0.0091,quote-bid,target moved 2735.5 -> 2735.4,aae518036b45743168bcf8b1b8ae8ab4
2026-09-22T06:42:19.117Z,dry,ETH-USD,7,place,buy,2735.4,0.0091,quote-bid,back off: book leaning down,bc31e8b5a323b7abd548537b99e0118a
2026-09-22T06:42:20.496Z,dry,BTC-USD,6,cancel,sell,85522,0.00029,quote-ask,target moved 85522 -> 85523,02e8ba35eef7b592dd6fc479018d830c
2026-09-22T06:42:20.588Z,dry,BTC-USD,6,place,sell,85523,0.00029,quote-ask,back off: book leaning up,10b2a9466d0fb1ba4bea1135bb8a29f6
2026-09-22T06:42:21.347Z,dry,ETH-USD,7,cancel,buy,2735.4,0.0091,quote-bid,target moved 2735.4 -> 2735.5,bc31e8b5a323b7abd548537b99e0118a
2026-09-22T06:42:21.441Z,dry,ETH-USD,7,place,buy,2735.5,0.0091,quote-bid,rejoin best,ce7d4975e0b99693515fb69ddb39ffbe
2026-09-22T06:42:21.554Z,dry,ETH-USD,7,place,sell,2735.9,0.0091,quote-ask,back off: holding inventory,a6320c818b0203e58c47c161e1151a7a
2026-09-22T06:42:21.971Z,dry,ETH-USD,7,cancel,buy,2735.5,0.0091,quote-bid,target moved 2735.5 -> 2735.6,ce7d4975e0b99693515fb69ddb39ffbe
2026-09-22T06:42:22.058Z,dry,ETH-USD,7,place,buy,2735.6,0.0091,quote-bid,back off: holding back-off,62f18e8672b0d43fc73d285a61d64b8b
2026-09-22T06:42:22.608Z,dry,ETH-USD,7,place,buy,2735.4,0.0091,quote-bid,back off: holding back-off,e86a54f8a3c43ed694ecc4a5bbfd8ff1
2026-09-22T06:42:23.016Z,dry,ETH-USD,7,cancel,sell,2735.9,0.0091,quote-ask,target moved 2735.9 -> 2735.7,a6320c818b0203e58c47c161e1151a7a
2026-09-22T06:42:23.107Z,dry,ETH-USD,7,place,sell,2735.7,0.0091,quote-ask,back off: book leaning up,c10dc2c610465ab4cb306347e5c760b7
2026-09-22T06:42:23.216Z,dry,BTC-USD,6,cancel,sell,85523,0.00029,quote-ask,target moved 85523 -> 85522,10b2a9466d0fb1ba4bea1135bb8a29f6
2026-09-22T06:42:23.322Z,dry,BTC-USD,6,place,sell,85522,0.00029,quote-ask,rejoin best,dd3e01585fd4674851aa73bede906378
2026-09-22T06:42:23.428Z,dry,ETH-USD,7,place,buy,2735.2,0.0091,quote-bid,back off: holding inventory,8fdb04a0e8471fed3d053e0406b25355
2026-09-22T06:42:24.031Z,dry,ETH-USD,7,cancel,buy,2735.2,0.0091,quote-bid,target moved 2735.2 -> 2735.4,8fdb04a0e8471fed3d053e0406b25355
2026-09-22T06:42:24.123Z,dry,ETH-USD,7,cancel,sell,2735.7,0.0091,quote-ask,target moved 2735.7 -> 2735.6,c10dc2c610465ab4cb306347e5c760b7
2026-09-22T06:42:24.232Z,dry,ETH-USD,7,place,buy,2735.4,0.0091,quote-bid,back off: book leaning down,e7613147faab977345a08e206647012c
2026-09-22T06:42:24.336Z,dry,ETH-USD,7,place,sell,2735.6,0.0091,quote-ask,rejoin best,0b886d0b3b524dddbb5c4f85fb440b55
2026-09-22T06:42:28.440Z,dry,ETH-USD,7,cancel,sell,2735.6,0.0091,quote-ask,target moved 2735.6 -> 2735.7,0b886d0b3b524dddbb5c4f85fb440b55
2026-09-22T06:42:28.535Z,dry,ETH-USD,7,place,sell,2735.7,0.0091,quote-ask,back off: book leaning up,09616feb18c9a26c339b256fca8e4807
2026-09-22T06:42:29.915Z,dry,ETH-USD,7,cancel,sell,2735.7,0.0091,quote-ask,target moved 2735.7 -> 2735.6,09616feb18c9a26c339b256fca8e4807
2026-09-22T06:42:30.008Z,dry,ETH-USD,7,place,sell,2735.6,0.0091,quote-ask,rejoin best,3130ec953021cbffb8c47fe4f36c6860
2026-09-22T06:42:30.340Z,dry,ETH-USD,7,cancel,sell,2735.6,0.0091,quote-ask,target moved 2735.6 -> 2735.7,3130ec953021cbffb8c47fe4f36c6860
2026-09-22T06:42:30.433Z,dry,ETH-USD,7,place,sell,2735.7,0.0091,quote-ask,back off: book leaning up,7f336b8a1a0e1c33305cde3ec1533300
2026-09-22T06:42:32.648Z,dry,ETH-USD,7,cancel,sell,2735.7,0.0091,quote-ask,target moved 2735.7 -> 2735.6,7f336b8a1a0e1c33305cde3ec1533300
2026-09-22T06:42:32.752Z,dry,ETH-USD,7,place,sell,2735.6,0.0091,quote-ask,rejoin best,bd7ea94598d33e7882b476aca42ac527
2026-09-22T06:42:35.320Z,dry,ETH-USD,7,cancel,sell,2735.6,0.0091,quote-ask,target moved 2735.6 -> 2735.7,bd7ea94598d33e7882b476aca42ac527
2026-09-22T06:42:35.413Z,dry,ETH-USD,7,place,sell,2735.7,0.0091,quote-ask,back off: book leaning up,d8da126f6734a67009dbb252a6f03ebe
2026-09-22T06:42:36.350Z,dry,ETH-USD,7,cancel,sell,2735.7,0.0091,quote-ask,target moved 2735.7 -> 2735.6,d8da126f6734a67009dbb252a6f03ebe
2026-09-22T06:42:36.432Z,dry,ETH-USD,7,place,sell,2735.6,0.0091,quote-ask,rejoin best,eeb5f25a9e696df69489cbd4d8aec482
2026-09-22T06:42:36.952Z,dry,ETH-USD,7,place,buy,2735.2,0.0091,quote-bid,back off: book leaning down,8f2879d3eb387b629236a4638b916c70
2026-09-22T06:42:37.360Z,dry,ETH-USD,7,cancel,sell,2735.6,0.0091,quote-ask,target moved 2735.6 -> 2735.4,eeb5f25a9e696df69489cbd4d8aec482
2026-09-22T06:42:37.453Z,dry,ETH-USD,7,place,sell,2735.4,0.0091,quote-ask,rejoin best,a5b421735c7a9187504f2ac3cb4b9dc6
2026-09-22T06:42:39.248Z,dry,ETH-USD,7,cancel,sell,2735.4,0.0091,quote-ask,target moved 2735.4 -> 2735.5,a5b421735c7a9187504f2ac3cb4b9dc6
2026-09-22T06:42:39.342Z,dry,ETH-USD,7,place,sell,2735.5,0.0091,quote-ask,back off: book leaning up,5f8e755414b27300fdcf51467b0b5200
2026-09-22T06:42:40.059Z,dry,ETH-USD,7,place,sell,2736,0.0091,quote-ask,back off: book leaning up,b822292095ed9bc349aca039b09d6421
2026-09-22T06:42:40.483Z,dry,ETH-USD,7,cancel,buy,2735.2,0.0091,quote-bid,target moved 2735.2 -> 2735.7,8f2879d3eb387b629236a4638b916c70
2026-09-22T06:42:40.592Z,dry,ETH-USD,7,place,buy,2735.7,0.0091,quote-bid,back off: book leaning down,44bd5d8f69fc9ec5db48ef3e4b621233
2026-09-22T06:42:41.123Z,dry,ETH-USD,7,cancel,sell,2736,0.0091,quote-ask,target moved 2736 -> 2735.9,b822292095ed9bc349aca039b09d6421
2026-09-22T06:42:41.215Z,dry,ETH-USD,7,place,sell,2735.9,0.0091,quote-ask,rejoin best,dace57d76f44cf054752137da70a2fe9
2026-09-22T06:42:50.550Z,dry,ETH-USD,7,cancel,buy,2735.7,0.0091,quote-bid,target moved 2735.7 -> 2735.6,44bd5d8f69fc9ec5db48ef3e4b621233
2026-09-22T06:42:50.646Z,dry,ETH-USD,7,place,buy,2735.6,0.0091,quote-bid,back off: book leaning down,35247be9d47153e8ccfcece347294853
2026-09-22T06:42:50.750Z,dry,ETH-USD,7,cancel,sell,2735.9,0.0091,quote-ask,target moved 2735.9 -> 2735.8,dace57d76f44cf054752137da70a2fe9
2026-09-22T06:42:50.852Z,dry,ETH-USD,7,place,sell,2735.8,0.0091,quote-ask,rejoin best,cd320839f2743ba1c1f58938a33fb6ed
2026-09-22T06:42:55.988Z,dry,ETH-USD,7,place,buy,2735,0.0091,quote-bid,back off: book leaning down,4bcaf745863d15a5d096bc840fb447f8
2026-09-22T06:42:56.411Z,dry,ETH-USD,7,cancel,sell,2735.8,0.0091,quote-ask,target moved 2735.8 -> 2735.3,cd320839f2743ba1c1f58938a33fb6ed
2026-09-22T06:42:56.519Z,dry,ETH-USD,7,place,sell,2735.3,0.0091,quote-ask,rejoin best,2b3c2148624b48cd2b3c07271010a4fc
2026-09-22T06:42:56.838Z,dry,ETH-USD,7,cancel,buy,2735,0.0091,quote-bid,target moved 2735 -> 2735.1,4bcaf745863d15a5d096bc840fb447f8
2026-09-22T06:42:56.946Z,dry,ETH-USD,7,place,buy,2735.1,0.0091,quote-bid,back off: holding inventory,8dc89b35791f490ecf44afda92d95b34
2026-09-22T06:42:59.145Z,dry,ETH-USD,7,cancel,sell,2735.3,0.0091,quote-ask,target moved 2735.3 -> 2735.4,2b3c2148624b48cd2b3c07271010a4fc
2026-09-22T06:42:59.239Z,dry,ETH-USD,7,place,sell,2735.4,0.0091,quote-ask,back off: book leaning up,f5ff56c8d1c0deb84537393ce28ec33c
2026-09-22T06:43:01.045Z,dry,BTC-USD,6,place,buy,85509,0.00029,quote-bid,back off: book leaning down,39ede56a60df117fc93f1d4850db2070
2026-09-22T06:43:01.133Z,dry,ETH-USD,7,cancel,sell,2735.4,0.0091,quote-ask,target moved 2735.4 -> 2735.1,f5ff56c8d1c0deb84537393ce28ec33c
2026-09-22T06:43:01.230Z,dry,ETH-USD,7,place,sell,2735.1,0.0091,quote-ask,back off: holding back-off,0d21726ad2058a9ce71a2d1de49c5183
2026-09-22T06:43:01.882Z,dry,BTC-USD,6,cancel,sell,85522,0.00029,quote-ask,target moved 85522 -> 85511,dd3e01585fd4674851aa73bede906378
2026-09-22T06:43:01.974Z,dry,BTC-USD,6,place,sell,85511,0.00029,quote-ask,rejoin best,dd97af7263bcab49eaf964f2f7439aaa
2026-09-22T06:43:02.078Z,dry,ETH-USD,7,cancel,sell,2735.1,0.0091,quote-ask,target moved 2735.1 -> 2735,0d21726ad2058a9ce71a2d1de49c5183
2026-09-22T06:43:02.163Z,dry,ETH-USD,7,place,sell,2735,0.0091,quote-ask,rejoin best,c37469487f038ad597744905f04d0c01
2026-09-22T06:43:03.751Z,dry,ETH-USD,7,place,buy,2734.9,0.0091,quote-bid,back off: holding inventory,101ffb6289c3bdd28bef81cd167defe5
2026-09-22T06:43:03.844Z,dry,ETH-USD,7,place,sell,2735.2,0.0091,quote-ask,back off: holding back-off,738cb9ce12d33724b2d7e2e5a7b92b7a
2026-09-22T06:43:05.835Z,dry,ETH-USD,7,cancel,sell,2735.2,0.0091,quote-ask,target moved 2735.2 -> 2734.5,738cb9ce12d33724b2d7e2e5a7b92b7a
2026-09-22T06:43:05.929Z,dry,ETH-USD,7,place,sell,2734.5,0.0091,quote-ask,rejoin best,9d0610e46be338b763f808b7d494d32b
2026-09-22T06:43:06.048Z,dry,BTC-USD,6,cancel,sell,85511,0.00029,quote-ask,target moved 85511 -> 85477,dd97af7263bcab49eaf964f2f7439aaa
2026-09-22T06:43:06.151Z,dry,BTC-USD,6,place,sell,85477,0.00029,quote-ask,rejoin best,b9126f64149ad89d3aec5ab9f06dbe00
2026-09-22T06:43:06.656Z,dry,BTC-USD,6,place,buy,85482,0.00029,quote-bid,back off: holding inventory,466beb5e028abd29a60b3570cb942e95
2026-09-22T06:43:06.768Z,dry,BTC-USD,6,place,sell,85487,0.00029,quote-ask,back off: book leaning up,5da8aaff0acf1bac205b358ae95c1a77
2026-09-22T06:43:06.876Z,dry,ETH-USD,7,place,buy,2734.7,0.0091,quote-bid,back off: holding inventory,863a868e9db1e9ae2659f995e220caa6
2026-09-22T06:43:06.983Z,dry,ETH-USD,7,place,sell,2734.9,0.0091,quote-ask,join best,c4783485b6a543b6e01483d80d480eb3
2026-09-22T06:43:07.712Z,dry,BTC-USD,6,cancel,buy,85482,0.00029,quote-bid,target moved 85482 -> 85484,466beb5e028abd29a60b3570cb942e95
2026-09-22T06:43:07.813Z,dry,BTC-USD,6,cancel,sell,85487,0.00029,quote-ask,target moved 85487 -> 85486,5da8aaff0acf1bac205b358ae95c1a77
2026-09-22T06:43:07.926Z,dry,BTC-USD,6,place,buy,85484,0.00029,quote-bid,back off: book leaning down,4df87f290f96bb44aa033d808bee9a61
2026-09-22T06:43:08.030Z,dry,BTC-USD,6,reject,buy,85484,0.00029,quote-bid,post only order would cross,4df87f290f96bb44aa033d808bee9a61
2026-09-22T06:43:08.051Z,dry,BTC-USD,6,place,sell,85486,0.00029,quote-ask,rejoin best,3f6a14745d70151c737604a86166f981
2026-09-22T06:43:08.182Z,dry,ETH-USD,7,cancel,sell,2734.9,0.0091,quote-ask,target moved 2734.9 -> 2734.6,c4783485b6a543b6e01483d80d480eb3
2026-09-22T06:43:08.350Z,dry,ETH-USD,7,place,sell,2734.6,0.0091,quote-ask,rejoin best,6a04af01bdcacc14ea8e34f2c4d9542c
2026-09-22T06:43:08.555Z,dry,BTC-USD,6,place,buy,85480,0.00029,quote-bid,back off: book leaning down,ffaf3af84b400fd0335dcc90de4eae62
2026-09-22T06:43:08.958Z,dry,BTC-USD,6,cancel,sell,85486,0.00029,quote-ask,target moved 85486 -> 85482,3f6a14745d70151c737604a86166f981
2026-09-22T06:43:09.066Z,dry,BTC-USD,6,place,sell,85482,0.00029,quote-ask,rejoin best,57f3c471dfa769c79667f2e1f9886848
2026-09-22T06:43:09.172Z,dry,ETH-USD,7,place,buy,2734.5,0.0091,quote-bid,back off: holding inventory,21f7e310d9756096485eb674594f1e4a
2026-09-22T06:43:09.278Z,dry,ETH-USD,7,place,sell,2734.7,0.0091,quote-ask,join best,9a868a87946a483e2770d630e3388005
2026-09-22T06:43:15.650Z,dry,BTC-USD,6,cancel,sell,85482,0.00029,quote-ask,flatten owns instrument,57f3c471dfa769c79667f2e1f9886848
2026-09-22T06:43:15.737Z,dry,BTC-USD,6,place,sell,85482,0.00087,flatten-post,passive exit,805950fea53863baa5194ca1b690e54c
2026-09-22T06:43:17.929Z,dry,ETH-USD,7,place,sell,2734.9,0.0091,quote-ask,back off: book leaning up,6ed7212385477cc893d900b063a99f76
2026-09-22T06:43:18.021Z,dry,ETH-USD,7,reject,sell,2734.9,0.0091,quote-ask,post only order would cross,6ed7212385477cc893d900b063a99f76
2026-09-22T06:43:18.131Z,dry,ETH-USD,7,place,sell,2735.1,0.0091,quote-ask,back off: holding back-off,f0108e99615e807b2f27c12baa997452
2026-09-22T06:43:18.550Z,dry,ETH-USD,7,cancel,buy,2734.5,0.0091,quote-bid,target moved 2734.5 -> 2734.8,21f7e310d9756096485eb674594f1e4a
2026-09-22T06:43:18.650Z,dry,ETH-USD,7,place,buy,2734.8,0.0091,quote-bid,back off: holding inventory,3172bdda437adc65f636c93c94e659dc
2026-09-22T06:43:18.753Z,dry,ETH-USD,7,place,sell,2735.3,0.0091,quote-ask,back off: holding back-off,56c96b624aa8a71dd0d6d952d4db8804
2026-09-22T06:43:19.165Z,dry,ETH-USD,7,cancel,buy,2734.8,0.0091,quote-bid,target moved 2734.8 -> 2735,3172bdda437adc65f636c93c94e659dc
2026-09-22T06:43:19.258Z,dry,ETH-USD,7,place,buy,2735,0.0091,quote-bid,back off: book leaning down,5c444c1de70119682943d3b6d7b13266
2026-09-22T06:43:19.575Z,dry,ETH-USD,7,cancel,sell,2735.3,0.0091,quote-ask,target moved 2735.3 -> 2735.2,56c96b624aa8a71dd0d6d952d4db8804
2026-09-22T06:43:19.683Z,dry,ETH-USD,7,place,sell,2735.2,0.0091,quote-ask,rejoin best,39b009915bb3f2cb4351ba1ca9a754e1
2026-09-22T06:43:21.050Z,dry,ETH-USD,7,cancel,buy,2735,0.0091,quote-bid,target moved 2735 -> 2734.9,5c444c1de70119682943d3b6d7b13266
2026-09-22T06:43:21.137Z,dry,ETH-USD,7,cancel,sell,2735.2,0.0091,quote-ask,target moved 2735.2 -> 2735.1,39b009915bb3f2cb4351ba1ca9a754e1
2026-09-22T06:43:21.246Z,dry,ETH-USD,7,place,buy,2734.9,0.0091,quote-bid,back off: holding back-off,ee42370b2c66bd4b9b66d280b4f5acb0
2026-09-22T06:43:21.351Z,dry,ETH-USD,7,place,sell,2735.1,0.0091,quote-ask,rejoin best,5c6747ef4124e81e2576046efb99443a
2026-09-22T06:43:21.472Z,dry,ETH-USD,7,cancel,buy,2734.9,0.0091,quote-bid,target moved 2734.9 -> 2735,ee42370b2c66bd4b9b66d280b4f5acb0
2026-09-22T06:43:21.564Z,dry,ETH-USD,7,place,buy,2735,0.0091,quote-bid,rejoin best,683978f7a84c8f4e175e0d9bc398479e
2026-09-22T06:43:22.731Z,dry,ETH-USD,7,cancel,sell,2735.1,0.0091,quote-ask,target moved 2735.1 -> 2735.2,5c6747ef4124e81e2576046efb99443a
2026-09-22T06:43:22.825Z,dry,ETH-USD,7,place,sell,2735.2,0.0091,quote-ask,back off: book leaning up,d23f615af01dedee18beed92bb853379
2026-09-22T06:43:24.001Z,dry,ETH-USD,7,cancel,sell,2735.2,0.0091,quote-ask,target moved 2735.2 -> 2735.1,d23f615af01dedee18beed92bb853379
2026-09-22T06:43:24.093Z,dry,ETH-USD,7,place,sell,2735.1,0.0091,quote-ask,rejoin best,1d6b8750e81dd1ad9f93260fba5df60b
2026-09-22T06:43:26.731Z,dry,ETH-USD,7,place,buy,2734.8,0.0091,quote-bid,back off: book leaning down,d104da366bbf78f8034c4c4b6b5e2a43
2026-09-22T06:43:27.150Z,dry,ETH-USD,7,cancel,sell,2735.1,0.0091,quote-ask,target moved 2735.1 -> 2735,1d6b8750e81dd1ad9f93260fba5df60b
2026-09-22T06:43:27.244Z,dry,ETH-USD,7,place,sell,2735,0.0091,quote-ask,rejoin best,ecd1477dca99ad2183c979e3503d925f
2026-09-22T06:43:27.570Z,dry,ETH-USD,7,place,buy,2734.2,0.0091,quote-bid,back off: holding inventory,a71a5b55d17b619a75df3a4dc66ad3e3
2026-09-22T06:43:28.183Z,dry,ETH-USD,7,cancel,buy,2734.2,0.0091,quote-bid,target moved 2734.2 -> 2734.3,a71a5b55d17b619a75df3a4dc66ad3e3
2026-09-22T06:43:28.273Z,dry,ETH-USD,7,cancel,sell,2735,0.0091,quote-ask,target moved 2735 -> 2734.6,ecd1477dca99ad2183c979e3503d925f
2026-09-22T06:43:28.381Z,dry,ETH-USD,7,place,buy,2734.3,0.0091,quote-bid,back off: book leaning down,64a2812a02b0bfaf84eb47c1c45d5f14
2026-09-22T06:43:28.487Z,dry,ETH-USD,7,place,sell,2734.6,0.0091,quote-ask,back off: holding back-off,aa55508b9e83e025bf2a784ab4e51ae6
2026-09-22T06:43:28.608Z,dry,ETH-USD,7,cancel,sell,2734.6,0.0091,quote-ask,target moved 2734.6 -> 2734.5,aa55508b9e83e025bf2a784ab4e51ae6
2026-09-22T06:43:28.702Z,dry,ETH-USD,7,place,sell,2734.5,0.0091,quote-ask,rejoin best,ddc52a803155fbda7ecc117ecee101ca
2026-09-22T06:43:29.251Z,dry,ETH-USD,7,place,sell,2734.8,0.0091,quote-ask,join best,6e3d58d1bee2ca57890b724bb84ed965
2026-09-22T06:43:29.867Z,dry,ETH-USD,7,cancel,buy,2734.3,0.0091,quote-bid,target moved 2734.3 -> 2734.5,64a2812a02b0bfaf84eb47c1c45d5f14
2026-09-22T06:43:29.973Z,dry,ETH-USD,7,cancel,sell,2734.8,0.0091,quote-ask,target moved 2734.8 -> 2734.7,6e3d58d1bee2ca57890b724bb84ed965
2026-09-22T06:43:30.074Z,dry,ETH-USD,7,place,buy,2734.5,0.0091,quote-bid,back off: holding inventory,29cc3004cf9f356193805058e557e002
2026-09-22T06:43:30.190Z,dry,ETH-USD,7,place,sell,2734.7,0.0091,quote-ask,rejoin best,c74fa0e27a337b11a3d6e2d644dc27f5
2026-09-22T06:43:30.520Z,dry,ETH-USD,7,cancel,sell,2734.7,0.0091,quote-ask,target moved 2734.7 -> 2734.8,c74fa0e27a337b11a3d6e2d644dc27f5
2026-09-22T06:43:30.613Z,dry,ETH-USD,7,place,sell,2734.8,0.0091,quote-ask,back off: book leaning up,e28103cb635ae701489f2357fd300b0f
2026-09-22T06:43:30.734Z,dry,BTC-USD,6,cancel,sell,85482,0.00087,flatten-post,flatten escalating to taker,805950fea53863baa5194ca1b690e54c
2026-09-22T06:43:31.753Z,dry,BTC-USD,6,place,sell,85439,0.00087,flatten-ioc,taker exit (passive window elapsed),fd288a391b696368389b4d6d25363843
2026-09-22T06:43:31.967Z,dry,BTC-USD,6,place,buy,85480,0.00029,quote-bid,back off: book leaning down,b992043a7df03712ad32707a5edd49ba
2026-09-22T06:43:32.069Z,dry,BTC-USD,6,place,sell,85482,0.00029,quote-ask,join best,ca1d89a0f463676be4a8611314a08b4d
2026-09-22T06:43:32.602Z,dry,ETH-USD,7,place,sell,2735,0.0091,quote-ask,back off: holding back-off,872fe51536b461a0898fd6a7a1699307
2026-09-22T06:43:33.438Z,dry,ETH-USD,7,place,buy,2734.3,0.0091,quote-bid,back off: holding inventory,fd8b8380d2ea0e1c1b55efcfca922d3c
2026-09-22T06:43:33.849Z,dry,ETH-USD,7,cancel,sell,2735,0.0091,quote-ask,target moved 2735 -> 2734.5,872fe51536b461a0898fd6a7a1699307
2026-09-22T06:43:33.944Z,dry,ETH-USD,7,place,sell,2734.5,0.0091,quote-ask,rejoin best,ecf60c44b0fae4c125fcc1c2ad3fb607
2026-09-22T06:43:37.772Z,dry,BTC-USD,6,cancel,sell,85482,0.00029,quote-ask,target moved 85482 -> 85483,ca1d89a0f463676be4a8611314a08b4d
2026-09-22T06:43:37.872Z,dry,BTC-USD,6,place,sell,85483,0.00029,quote-ask,back off: book leaning up,931ea2827d536038ba32f8b184cb2e96
2026-09-22T06:43:37.964Z,dry,ETH-USD,7,place,sell,2734.8,0.0091,quote-ask,join best,838ebdfe4a86a6b6fb3be72be3188796
2026-09-22T06:43:38.189Z,dry,ETH-USD,7,cancel,buy,2734.3,0.0091,quote-bid,target moved 2734.3 -> 2734.6,fd8b8380d2ea0e1c1b55efcfca922d3c
2026-09-22T06:43:38.298Z,dry,ETH-USD,7,place,buy,2734.6,0.0091,quote-bid,back off: holding back-off,9f57d05899e996e5ad42cbf6648fb951
2026-09-22T06:43:38.614Z,dry,BTC-USD,6,cancel,buy,85480,0.00029,quote-bid,target moved 85480 -> 85481,b992043a7df03712ad32707a5edd49ba
2026-09-22T06:43:38.708Z,dry,BTC-USD,6,place,buy,85481,0.00029,quote-bid,rejoin best,a6b1f0a5f1edd96d8ea5ebfd271cb8dc
2026-09-22T06:43:38.812Z,dry,ETH-USD,7,cancel,buy,2734.6,0.0091,quote-bid,target moved 2734.6 -> 2734.7,9f57d05899e996e5ad42cbf6648fb951
2026-09-22T06:43:38.918Z,dry,ETH-USD,7,place,buy,2734.7,0.0091,quote-bid,rejoin best,557498fdc494f99741d1aff743fda7a3
2026-09-22T06:43:40.489Z,dry,ETH-USD,7,place,buy,2734.5,0.0091,quote-bid,back off: holding inventory,1eb603f510f3286f59bac1aba0d777fc
2026-09-22T06:43:40.907Z,dry,ETH-USD,7,cancel,sell,2734.8,0.0091,quote-ask,target moved 2734.8 -> 2734.7,838ebdfe4a86a6b6fb3be72be3188796
2026-09-22T06:43:41.016Z,dry,ETH-USD,7,place,sell,2734.7,0.0091,quote-ask,rejoin best,28698788365aca6d407f421c92c0720d
2026-09-22T06:43:42.765Z,dry,BTC-USD,6,cancel,buy,85481,0.00029,quote-bid,target moved 85481 -> 85480,a6b1f0a5f1edd96d8ea5ebfd271cb8dc
2026-09-22T06:43:42.854Z,dry,BTC-USD,6,place,buy,85480,0.00029,quote-bid,back off: book leaning down,aaad6100bbc89a88bd40f4732898c7d4
2026-09-22T06:43:43.816Z,dry,BTC-USD,6,cancel,buy,85480,0.00029,quote-bid,target moved 85480 -> 85481,aaad6100bbc89a88bd40f4732898c7d4
2026-09-22T06:43:43.919Z,dry,BTC-USD,6,place,buy,85481,0.00029,quote-bid,rejoin best,9a42ed7a8a84ae89ffa8ea88100a6ca1
2026-09-22T06:43:44.024Z,dry,ETH-USD,7,cancel,sell,2734.7,0.0091,quote-ask,target moved 2734.7 -> 2735,28698788365aca6d407f421c92c0720d
2026-09-22T06:43:44.134Z,dry,ETH-USD,7,place,sell,2735,0.0091,quote-ask,rejoin best,2097456558691ec3b543d79cdeb8038c
2026-09-22T06:43:44.851Z,dry,ETH-USD,7,cancel,buy,2734.5,0.0091,quote-bid,target moved 2734.5 -> 2734.6,1eb603f510f3286f59bac1aba0d777fc
2026-09-22T06:43:44.952Z,dry,ETH-USD,7,place,buy,2734.6,0.0091,quote-bid,back off: book leaning down,f9d3539711e52eb0f3c2eb77b1a96f9d
2026-09-22T06:43:45.050Z,dry,ETH-USD,7,cancel,sell,2735,0.0091,quote-ask,target moved 2735 -> 2734.8,2097456558691ec3b543d79cdeb8038c
2026-09-22T06:43:45.153Z,dry,ETH-USD,7,place,sell,2734.8,0.0091,quote-ask,rejoin best,0042e0d1079585076815d07e78dfc527
2026-09-22T06:43:45.662Z,dry,BTC-USD,6,place,sell,85496,0.00029,quote-ask,back off: holding inventory,7af31bda487c188026e256129c20901b
2026-09-22T06:43:46.082Z,dry,BTC-USD,6,cancel,buy,85481,0.00029,quote-bid,target moved 85481 -> 85493,9a42ed7a8a84ae89ffa8ea88100a6ca1
2026-09-22T06:43:46.192Z,dry,BTC-USD,6,place,buy,85493,0.00029,quote-bid,back off: book leaning down,dc1ddf91f8f9a60545204ad43f21782a
2026-09-22T06:43:46.719Z,dry,BTC-USD,6,place,buy,85481,0.00029,quote-bid,back off: holding back-off,233bbed9b5c273159f43edc1cf82c84e
2026-09-22T06:43:46.931Z,dry,ETH-USD,7,cancel,buy,2734.6,0.0091,quote-bid,target moved 2734.6 -> 2734.5,f9d3539711e52eb0f3c2eb77b1a96f9d
2026-09-22T06:43:47.038Z,dry,ETH-USD,7,cancel,sell,2734.8,0.0091,quote-ask,target moved 2734.8 -> 2734.7,0042e0d1079585076815d07e78dfc527
2026-09-22T06:43:47.147Z,dry,ETH-USD,7,place,buy,2734.5,0.0091,quote-bid,back off: holding back-off,125f389d5c8eed171e624b6f216fa49f
2026-09-22T06:43:47.253Z,dry,ETH-USD,7,place,sell,2734.7,0.0091,quote-ask,rejoin best,37130d68c6b7345f8ab5bd2879d5af00
2026-09-22T06:43:47.557Z,dry,BTC-USD,6,cancel,buy,85481,0.00029,quote-bid,target moved 85481 -> 85482,233bbed9b5c273159f43edc1cf82c84e
2026-09-22T06:43:47.662Z,dry,BTC-USD,6,cancel,sell,85496,0.00029,quote-ask,target moved 85496 -> 85484,7af31bda487c188026e256129c20901b
2026-09-22T06:43:47.770Z,dry,BTC-USD,6,place,buy,85482,0.00029,quote-bid,rejoin best,bbf5d67762180499e1d6d43c40acc211
2026-09-22T06:43:47.878Z,dry,BTC-USD,6,place,sell,85484,0.00029,quote-ask,back off: book leaning up,27cafd926da01ddea6acc9ee8348247e
2026-09-22T06:43:47.981Z,dry,ETH-USD,7,cancel,buy,2734.5,0.0091,quote-bid,target moved 2734.5 -> 2734.6,125f389d5c8eed171e624b6f216fa49f
2026-09-22T06:43:48.089Z,dry,ETH-USD,7,place,buy,2734.6,0.0091,quote-bid,rejoin best,ffd3f3afd8efe078496012f55925bc96
2026-09-22T06:43:48.405Z,dry,ETH-USD,7,place,buy,2734.4,0.0091,quote-bid,back off: holding inventory,68ebe26d597e77e65d567a360495c3f3
2026-09-22T06:43:48.617Z,dry,BTC-USD,6,cancel,sell,85484,0.00029,quote-ask,target moved 85484 -> 85483,27cafd926da01ddea6acc9ee8348247e
2026-09-22T06:43:48.728Z,dry,BTC-USD,6,place,sell,85483,0.00029,quote-ask,rejoin best,7a5a4195faa21b4958491f43fee36fb3
2026-09-22T06:43:49.242Z,dry,BTC-USD,6,cancel,sell,85483,0.00029,quote-ask,target moved 85483 -> 85484,7a5a4195faa21b4958491f43fee36fb3
2026-09-22T06:43:49.352Z,dry,BTC-USD,6,place,sell,85484,0.00029,quote-ask,back off: book leaning up,e12172e8119eba35d951004e86a5f3cc
2026-09-22T06:43:52.586Z,dry,BTC-USD,6,cancel,sell,85484,0.00029,quote-ask,target moved 85484 -> 85483,e12172e8119eba35d951004e86a5f3cc
2026-09-22T06:43:52.679Z,dry,BTC-USD,6,place,sell,85483,0.00029,quote-ask,rejoin best,e2e92f7f777b49639799d71c27c9aa28
2026-09-22T06:43:53.434Z,dry,ETH-USD,7,cancel,sell,2734.7,0.0091,quote-ask,target moved 2734.7 -> 2734.6,37130d68c6b7345f8ab5bd2879d5af00
2026-09-22T06:43:53.542Z,dry,ETH-USD,7,place,sell,2734.6,0.0091,quote-ask,rejoin best,f66c7e6e566fd21850a27e6542cce2a7
2026-09-22T06:43:54.050Z,dry,BTC-USD,6,cancel,buy,85482,0.00029,quote-bid,target moved 85482 -> 85481,bbf5d67762180499e1d6d43c40acc211
2026-09-22T06:43:54.134Z,dry,BTC-USD,6,place,buy,85481,0.00029,quote-bid,back off: book leaning down,99825e6332aaa25ea77a9805a9185e41
2026-09-22T06:43:57.189Z,dry,BTC-USD,6,cancel,sell,85483,0.00029,quote-ask,target moved 85483 -> 85484,e2e92f7f777b49639799d71c27c9aa28
2026-09-22T06:43:57.282Z,dry,BTC-USD,6,place,sell,85484,0.00029,quote-ask,back off: book leaning up,c876dff23d0791dd59c8cd73657ca51b
2026-09-22T06:43:57.610Z,dry,BTC-USD,6,cancel,buy,85481,0.00029,quote-bid,target moved 85481 -> 85480,99825e6332aaa25ea77a9805a9185e41
2026-09-22T06:43:57.704Z,dry,BTC-USD,6,place,buy,85480,0.00029,quote-bid,back off: holding back-off,ed7ad15e2750dcd7864d98deb3b16e5c
2026-09-22T06:43:57.824Z,dry,BTC-USD,6,cancel,sell,85484,0.00029,quote-ask,target moved 85484 -> 85483,c876dff23d0791dd59c8cd73657ca51b
2026-09-22T06:43:57.932Z,dry,BTC-USD,6,place,sell,85483,0.00029,quote-ask,back off: holding back-off,8688f7eac85daa5647d8fa1c5b7612b9
2026-09-22T06:43:58.248Z,dry,BTC-USD,6,cancel,buy,85480,0.00029,quote-bid,target moved 85480 -> 85481,ed7ad15e2750dcd7864d98deb3b16e5c
2026-09-22T06:43:58.351Z,dry,BTC-USD,6,cancel,sell,85483,0.00029,quote-ask,target moved 85483 -> 85482,8688f7eac85daa5647d8fa1c5b7612b9
2026-09-22T06:43:58.462Z,dry,BTC-USD,6,place,buy,85481,0.00029,quote-bid,rejoin best,e86383b502d75efe606fda4dce6f435e
2026-09-22T06:43:58.569Z,dry,BTC-USD,6,place,sell,85482,0.00029,quote-ask,rejoin best,32c7614abf9fb3af2a0690c3cde74780
2026-09-22T06:44:01.153Z,dry,BTC-USD,6,cancel,buy,85481,0.00029,quote-bid,target moved 85481 -> 85480,e86383b502d75efe606fda4dce6f435e
2026-09-22T06:44:01.241Z,dry,BTC-USD,6,place,buy,85480,0.00029,quote-bid,back off: book leaning down,f75a158f629915e0aad45818349bce87
2026-09-22T06:44:03.469Z,dry,BTC-USD,6,cancel,sell,85482,0.00029,quote-ask,target moved 85482 -> 85483,32c7614abf9fb3af2a0690c3cde74780
2026-09-22T06:44:03.561Z,dry,BTC-USD,6,place,sell,85483,0.00029,quote-ask,back off: book leaning up,03722e0496673e1051ee232aa7ff3663
2026-09-22T06:44:03.681Z,dry,BTC-USD,6,place,buy,85478,0.00029,quote-bid,back off: holding inventory,2ff9c5d0e49178ec5ffd4e0a435b4d6d
2026-09-22T06:44:04.107Z,dry,BTC-USD,6,cancel,sell,85483,0.00029,quote-ask,target moved 85483 -> 85481,03722e0496673e1051ee232aa7ff3663
2026-09-22T06:44:04.201Z,dry,BTC-USD,6,place,sell,85481,0.00029,quote-ask,back off: holding back-off,0a7b7bcbddbee680d29e27954e9603b2
2026-09-22T06:44:04.532Z,dry,BTC-USD,6,cancel,sell,85481,0.00029,quote-ask,target moved 85481 -> 85480,0a7b7bcbddbee680d29e27954e9603b2
2026-09-22T06:44:04.640Z,dry,BTC-USD,6,place,sell,85480,0.00029,quote-ask,rejoin best,a248834be7eb163c5f46c71015df5b20
2026-09-22T06:44:05.350Z,dry,BTC-USD,6,place,buy,85462,0.00029,quote-bid,back off: holding inventory,b048e525a44f2a2d2427339843603382
2026-09-22T06:44:05.445Z,dry,ETH-USD,7,cancel,sell,2734.6,0.0091,quote-ask,target moved 2734.6 -> 2734.3,f66c7e6e566fd21850a27e6542cce2a7
2026-09-22T06:44:05.546Z,dry,ETH-USD,7,place,buy,2733.8,0.0091,quote-bid,back off: book leaning down,dccf339c8c28a58f1d542cac821dc72a
2026-09-22T06:44:05.644Z,dry,ETH-USD,7,place,sell,2734.3,0.0091,quote-ask,rejoin best,8803948466b1be614c34a4ad9aab59d8
2026-09-22T06:44:06.176Z,dry,ETH-USD,7,cancel,sell,2734.3,0.0091,quote-ask,target moved 2734.3 -> 2734,8803948466b1be614c34a4ad9aab59d8
2026-09-22T06:44:06.283Z,dry,ETH-USD,7,place,sell,2734,0.0091,quote-ask,rejoin best,39010fb3bd2d7ba86313ed724ee2b93d
2026-09-22T06:44:06.600Z,dry,BTC-USD,6,cancel,buy,85462,0.00029,quote-bid,target moved 85462 -> 85467,b048e525a44f2a2d2427339843603382
2026-09-22T06:44:06.690Z,dry,BTC-USD,6,cancel,sell,85480,0.00029,quote-ask,target moved 85480 -> 85469,a248834be7eb163c5f46c71015df5b20
2026-09-22T06:44:06.797Z,dry,BTC-USD,6,place,buy,85467,0.00029,quote-bid,back off: book leaning down,314b95a861947a559aae879229311c6c
2026-09-22T06:44:06.887Z,dry,BTC-USD,6,place,sell,85469,0.00029,quote-ask,rejoin best,b2c8af729f57d9a0f81b2c9bab7e1c94
2026-09-22T06:44:06.987Z,dry,ETH-USD,7,cancel,buy,2733.8,0.0091,quote-bid,target moved 2733.8 -> 2734.1,dccf339c8c28a58f1d542cac821dc72a
2026-09-22T06:44:07.086Z,dry,ETH-USD,7,place,buy,2734.1,0.0091,quote-bid,back off: holding inventory,e557c53b645c29384758b8d25addb881
2026-09-22T06:44:07.199Z,dry,ETH-USD,7,place,sell,2734.3,0.0091,quote-ask,join best,54412b720180132d5d9b2a3cd9c002a6
2026-09-22T06:44:21.468Z,dry,ETH-USD,7,place,buy,2733.9,0.0091,quote-bid,back off: holding inventory,091874cf62ea8e1b93d2ba34a23991c4
2026-09-22T06:44:21.878Z,dry,ETH-USD,7,cancel,sell,2734.3,0.0091,quote-ask,target moved 2734.3 -> 2734.1,54412b720180132d5d9b2a3cd9c002a6
2026-09-22T06:44:21.987Z,dry,ETH-USD,7,place,sell,2734.1,0.0091,quote-ask,rejoin best,dfe0a9bf016d4f2362209de88ea9faee
2026-09-22T06:44:23.141Z,dry,BTC-USD,6,cancel,sell,85469,0.00029,quote-ask,target moved 85469 -> 85467,b2c8af729f57d9a0f81b2c9bab7e1c94
2026-09-22T06:44:23.225Z,dry,BTC-USD,6,place,sell,85467,0.00029,quote-ask,rejoin best,0adf8552e7663ddf8cad981c99a65637
2026-09-22T06:44:23.345Z,dry,ETH-USD,7,cancel,sell,2734.1,0.0091,quote-ask,target moved 2734.1 -> 2733.5,dfe0a9bf016d4f2362209de88ea9faee
2026-09-22T06:44:23.453Z,dry,ETH-USD,7,place,sell,2733.5,0.0091,quote-ask,rejoin best,0bff9d025d220b4da3cf6eb5e7b867a2
2026-09-22T06:44:23.752Z,dry,BTC-USD,6,cancel,sell,85467,0.00029,quote-ask,target moved 85467 -> 85460,0adf8552e7663ddf8cad981c99a65637
2026-09-22T06:44:23.848Z,dry,BTC-USD,6,place,sell,85460,0.00029,quote-ask,rejoin best,a4a8dafb57515702edd4c35d818b1724
2026-09-22T06:44:24.567Z,dry,BTC-USD,6,cancel,sell,85460,0.00029,quote-ask,target moved 85460 -> 85461,a4a8dafb57515702edd4c35d818b1724
2026-09-22T06:44:24.668Z,dry,BTC-USD,6,place,sell,85461,0.00029,quote-ask,back off: book leaning up,b76439a3a49dc44b1225412d04f9644d
2026-09-22T06:44:25.412Z,dry,ETH-USD,7,place,buy,2733.4,0.0091,quote-bid,back off: book leaning down,536c76826c86bbd07646e6041ac4bacd
2026-09-22T06:44:25.503Z,dry,ETH-USD,7,place,sell,2733.6,0.0091,quote-ask,join best,fcd421d4484e47371a02caeadc9e0d5e
2026-09-22T06:44:25.840Z,dry,ETH-USD,7,place,sell,2734.1,0.0091,quote-ask,join best,21a335d1311c79d901ebca99d2e295d2
2026-09-22T06:44:26.251Z,dry,BTC-USD,6,cancel,sell,85461,0.00029,quote-ask,target moved 85461 -> 85460,b76439a3a49dc44b1225412d04f9644d
2026-09-22T06:44:26.372Z,dry,BTC-USD,6,place,sell,85460,0.00029,quote-ask,rejoin best,ef0d329710b88c5b62d226ab9902bbe2
2026-09-22T06:44:26.477Z,dry,ETH-USD,7,cancel,buy,2733.4,0.0091,quote-bid,target moved 2733.4 -> 2733.9,536c76826c86bbd07646e6041ac4bacd
2026-09-22T06:44:26.583Z,dry,ETH-USD,7,cancel,sell,2734.1,0.0091,quote-ask,target moved 2734.1 -> 2734.2,21a335d1311c79d901ebca99d2e295d2
2026-09-22T06:44:26.690Z,dry,ETH-USD,7,place,buy,2733.9,0.0091,quote-bid,back off: holding inventory,e80e494afc278001612b37aca9175969
2026-09-22T06:44:26.784Z,dry,ETH-USD,7,place,sell,2734.2,0.0091,quote-ask,back off: book leaning up,0d9a72be08b580b72351c5632cc53be0
2026-09-22T06:44:27.510Z,dry,BTC-USD,6,cancel,sell,85460,0.00029,quote-ask,target moved 85460 -> 85461,ef0d329710b88c5b62d226ab9902bbe2
2026-09-22T06:44:27.603Z,dry,BTC-USD,6,place,sell,85461,0.00029,quote-ask,back off: book leaning up,0cfe55b1ea43068506e7f6003cd227d1
2026-09-22T06:44:27.692Z,dry,ETH-USD,7,cancel,buy,2733.9,0.0091,quote-bid,target moved 2733.9 -> 2734,e80e494afc278001612b37aca9175969
2026-09-22T06:44:27.799Z,dry,ETH-USD,7,place,buy,2734,0.0091,quote-bid,back off: book leaning down,3d19bb60bf9494d5670fff7f1569a269
2026-09-22T06:44:28.548Z,dry,ETH-USD,7,place,sell,2734.4,0.0091,quote-ask,back off: holding inventory,fd7d9e315a462cde1d59c6be2d45fee1
2026-09-22T06:44:28.952Z,dry,ETH-USD,7,cancel,buy,2734,0.0091,quote-bid,target moved 2734 -> 2734.1,3d19bb60bf9494d5670fff7f1569a269
2026-09-22T06:44:29.064Z,dry,ETH-USD,7,place,buy,2734.1,0.0091,quote-bid,back off: holding back-off,29becde5f266df032b95d632c3da070e
2026-09-22T06:44:29.781Z,dry,ETH-USD,7,cancel,sell,2734.4,0.0091,quote-ask,target moved 2734.4 -> 2734.5,fd7d9e315a462cde1d59c6be2d45fee1
2026-09-22T06:44:29.875Z,dry,ETH-USD,7,place,sell,2734.5,0.0091,quote-ask,back off: holding inventory,7e7cf0b7c676eee7571e2d65864fcb08
2026-09-22T06:44:29.996Z,dry,ETH-USD,7,cancel,buy,2734.1,0.0091,quote-bid,target moved 2734.1 -> 2734.2,29becde5f266df032b95d632c3da070e
2026-09-22T06:44:30.090Z,dry,ETH-USD,7,place,buy,2734.2,0.0091,quote-bid,back off: book leaning down,dabfb76995dabc004d5ee4e4da2185da
2026-09-22T06:44:35.684Z,dry,BTC-USD,6,cancel,sell,85461,0.00029,quote-ask,target moved 85461 -> 85460,0cfe55b1ea43068506e7f6003cd227d1
2026-09-22T06:44:35.778Z,dry,BTC-USD,6,place,sell,85460,0.00029,quote-ask,rejoin best,fec51b84163cd49fa7ee7ab84a235fc5
2026-09-22T06:44:36.107Z,dry,BTC-USD,6,place,buy,85467,0.00029,quote-bid,back off: holding inventory,145978079661a968e37176a56dfcc767
2026-09-22T06:44:36.219Z,dry,BTC-USD,6,place,sell,85470,0.00029,quote-ask,back off: book leaning up,d45cdd29b2ab00d6a6b4d298cfef123a
2026-09-22T06:44:36.322Z,dry,ETH-USD,7,place,sell,2735.1,0.0091,quote-ask,back off: holding inventory,07fc425543263e86f69562bd6241c9a6
2026-09-22T06:44:37.149Z,dry,ETH-USD,7,cancel,buy,2734.2,0.0091,quote-bid,target moved 2734.2 -> 2734.7,dabfb76995dabc004d5ee4e4da2185da
2026-09-22T06:44:37.249Z,dry,ETH-USD,7,cancel,sell,2735.1,0.0091,quote-ask,target moved 2735.1 -> 2735,07fc425543263e86f69562bd6241c9a6
2026-09-22T06:44:37.359Z,dry,ETH-USD,7,place,buy,2734.7,0.0091,quote-bid,back off: book leaning down,171ac5d7cb6c2a21fa5cc190dc610737
2026-09-22T06:44:37.465Z,dry,ETH-USD,7,place,sell,2735,0.0091,quote-ask,back off: holding inventory,ded8ebfa79e8440a48779c93f72da7e8
2026-09-22T06:44:37.752Z,dry,BTC-USD,6,cancel,sell,85470,0.00029,quote-ask,target moved 85470 -> 85469,d45cdd29b2ab00d6a6b4d298cfef123a
2026-09-22T06:44:37.863Z,dry,BTC-USD,6,place,sell,85469,0.00029,quote-ask,rejoin best,183ae07c8c1021d6d62e8785d279d104
2026-09-22T06:44:39.852Z,dry,ETH-USD,7,place,buy,2734.5,0.0091,quote-bid,back off: book leaning down,78e21b9a1bbfeba9d92afd14a02520d2
2026-09-22T06:44:40.249Z,dry,ETH-USD,7,cancel,sell,2735,0.0091,quote-ask,target moved 2735 -> 2734.8,ded8ebfa79e8440a48779c93f72da7e8
2026-09-22T06:44:40.357Z,dry,ETH-USD,7,place,sell,2734.8,0.0091,quote-ask,back off: holding inventory,4f872285ec69864a55ae3e56ace10ef8
2026-09-22T06:44:45.862Z,dry,BTC-USD,6,cancel,sell,85469,0.00029,quote-ask,target moved 85469 -> 85465,183ae07c8c1021d6d62e8785d279d104
2026-09-22T06:44:45.954Z,dry,BTC-USD,6,place,sell,85465,0.00029,quote-ask,rejoin best,71cd968a0a357881d59af985f5ce876f
2026-09-22T06:44:46.061Z,dry,ETH-USD,7,cancel,buy,2734.5,0.0091,quote-bid,target moved 2734.5 -> 2734.4,78e21b9a1bbfeba9d92afd14a02520d2
2026-09-22T06:44:46.151Z,dry,ETH-USD,7,cancel,sell,2734.8,0.0091,quote-ask,target moved 2734.8 -> 2734.7,4f872285ec69864a55ae3e56ace10ef8
2026-09-22T06:44:46.261Z,dry,ETH-USD,7,place,buy,2734.4,0.0091,quote-bid,back off: book leaning down,17337e7bee46f4a71f5e1ed540edef28
2026-09-22T06:44:46.366Z,dry,ETH-USD,7,place,sell,2734.7,0.0091,quote-ask,back off: holding inventory,a8bc966c411cfdf6ecee30828f7bece3
2026-09-22T06:44:47.950Z,dry,BTC-USD,6,cancel,sell,85465,0.00029,quote-ask,target moved 85465 -> 85464,71cd968a0a357881d59af985f5ce876f
2026-09-22T06:44:48.042Z,dry,BTC-USD,6,place,sell,85464,0.00029,quote-ask,rejoin best,deb9a836cde0a640c5747f706bd094fa
2026-09-22T06:44:49.654Z,dry,ETH-USD,7,cancel,buy,2734.4,0.0091,quote-bid,target moved 2734.4 -> 2734.5,17337e7bee46f4a71f5e1ed540edef28
2026-09-22T06:44:49.746Z,dry,ETH-USD,7,place,buy,2734.5,0.0091,quote-bid,rejoin best,95381e9c977bf75558539e614bb59153
2026-09-22T06:44:50.905Z,dry,ETH-USD,7,cancel,buy,2734.5,0.0091,quote-bid,target moved 2734.5 -> 2734.4,95381e9c977bf75558539e614bb59153
2026-09-22T06:44:51.002Z,dry,ETH-USD,7,place,buy,2734.4,0.0091,quote-bid,back off: book leaning down,89afafe35bde5a7f96a1844edf2e72aa
2026-09-22T06:44:52.350Z,dry,ETH-USD,7,cancel,buy,2734.4,0.0091,quote-bid,target moved 2734.4 -> 2734.3,89afafe35bde5a7f96a1844edf2e72aa
2026-09-22T06:44:52.448Z,dry,ETH-USD,7,cancel,sell,2734.7,0.0091,quote-ask,target moved 2734.7 -> 2734.6,a8bc966c411cfdf6ecee30828f7bece3
2026-09-22T06:44:52.551Z,dry,ETH-USD,7,place,buy,2734.3,0.0091,quote-bid,back off: book leaning down,f521bb4e451d59bbfd79baa752818658
2026-09-22T06:44:52.664Z,dry,ETH-USD,7,place,sell,2734.6,0.0091,quote-ask,back off: holding inventory,75aef1492464a20eb9835f477efd7159
2026-09-22T06:44:59.859Z,dry,ETH-USD,7,cancel,buy,2734.3,0.0091,quote-bid,target moved 2734.3 -> 2734.4,f521bb4e451d59bbfd79baa752818658
2026-09-22T06:44:59.953Z,dry,ETH-USD,7,cancel,sell,2734.6,0.0091,quote-ask,target moved 2734.6 -> 2734.7,75aef1492464a20eb9835f477efd7159
2026-09-22T06:45:00.061Z,dry,ETH-USD,7,place,buy,2734.4,0.0091,quote-bid,back off: book leaning down,3ce6a226cce01c8877ae87242f7bedfa
2026-09-22T06:45:00.169Z,dry,ETH-USD,7,place,sell,2734.7,0.0091,quote-ask,back off: holding inventory,74884c5ad4b300ab061370d258b82a64
2026-09-22T06:45:01.750Z,dry,ETH-USD,7,place,buy,2734,0.0091,quote-bid,back off: holding back-off,ec8422fc20d4d01e7e2a7225b42ad605
2026-09-22T06:45:02.150Z,dry,ETH-USD,7,cancel,sell,2734.7,0.0091,quote-ask,target moved 2734.7 -> 2734.3,74884c5ad4b300ab061370d258b82a64
2026-09-22T06:45:02.235Z,dry,ETH-USD,7,place,sell,2734.3,0.0091,quote-ask,back off: holding back-off,8a45deed5fbaf5c58138341adbc6495c
2026-09-22T06:45:02.566Z,dry,ETH-USD,7,cancel,sell,2734.3,0.0091,quote-ask,target moved 2734.3 -> 2734.2,8a45deed5fbaf5c58138341adbc6495c
2026-09-22T06:45:02.675Z,dry,ETH-USD,7,place,sell,2734.2,0.0091,quote-ask,rejoin best,f06639f1b2460e5a89eeeb37bc60e802
2026-09-22T06:45:03.633Z,dry,BTC-USD,6,cancel,sell,85464,0.00029,quote-ask,flatten owns instrument,deb9a836cde0a640c5747f706bd094fa
2026-09-22T06:45:03.741Z,dry,BTC-USD,6,place,sell,85464,0.00087,flatten-post,passive exit,5927a5bef08bbf7a4debc017d576129c
2026-09-22T06:45:06.154Z,dry,BTC-USD,6,cancel,sell,85464,0.00087,flatten-post,re-peg flatten,5927a5bef08bbf7a4debc017d576129c
2026-09-22T06:45:06.250Z,dry,ETH-USD,7,cancel,buy,2734,0.0091,quote-bid,target moved 2734 -> 2733.9,ec8422fc20d4d01e7e2a7225b42ad605
2026-09-22T06:45:06.352Z,dry,ETH-USD,7,cancel,sell,2734.2,0.0091,quote-ask,target moved 2734.2 -> 2734.3,f06639f1b2460e5a89eeeb37bc60e802
2026-09-22T06:45:06.465Z,dry,ETH-USD,7,place,buy,2733.9,0.0091,quote-bid,back off: holding back-off,5eb0ae76357ca637f87a4fc599e3837b
2026-09-22T06:45:06.569Z,dry,ETH-USD,7,reject,buy,2733.9,0.0091,quote-bid,post only order would cross,5eb0ae76357ca637f87a4fc599e3837b
2026-09-22T06:45:06.571Z,dry,ETH-USD,7,place,sell,2734.3,0.0091,quote-ask,back off: book leaning up,a8d92eef44c5a2ed2786c3d4e271c189
2026-09-22T06:45:06.797Z,dry,BTC-USD,6,place,sell,85458,0.00087,flatten-post,passive exit,052bb141c96e1a3fdf1a5380512ab242
2026-09-22T06:45:06.905Z,dry,ETH-USD,7,place,buy,2733.6,0.0091,quote-bid,back off: holding inventory,14315cdb2fab8e82f211fadfd97ade69
2026-09-22T06:45:07.209Z,dry,ETH-USD,7,cancel,sell,2734.3,0.0091,quote-ask,target moved 2734.3 -> 2733.9,a8d92eef44c5a2ed2786c3d4e271c189
2026-09-22T06:45:07.320Z,dry,ETH-USD,7,place,sell,2733.9,0.0091,quote-ask,back off: book leaning up,c93cde310b730ae4ca51898edda7f733
2026-09-22T06:45:08.451Z,dry,BTC-USD,6,cancel,sell,85458,0.00087,flatten-post,re-peg flatten,052bb141c96e1a3fdf1a5380512ab242
2026-09-22T06:45:08.653Z,dry,BTC-USD,6,place,sell,85456,0.00087,flatten-post,passive exit,5d8eb01f70e2dc84695b1da98eabbe47
2026-09-22T06:45:09.467Z,dry,BTC-USD,6,cancel,sell,85456,0.00087,flatten-post,re-peg flatten,5d8eb01f70e2dc84695b1da98eabbe47
2026-09-22T06:45:09.682Z,dry,BTC-USD,6,place,sell,85455,0.00087,flatten-post,passive exit,b9c9b19807f63a5e067f23aac2222988
2026-09-22T06:45:09.886Z,dry,ETH-USD,7,cancel,sell,2733.9,0.0091,quote-ask,target moved 2733.9 -> 2733.8,c93cde310b730ae4ca51898edda7f733
2026-09-22T06:45:09.989Z,dry,ETH-USD,7,place,sell,2733.8,0.0091,quote-ask,rejoin best,78353a51d1052eac3c81ee827b4a4845
2026-09-22T06:45:10.944Z,dry,ETH-USD,7,cancel,sell,2733.8,0.0091,quote-ask,target moved 2733.8 -> 2733.9,78353a51d1052eac3c81ee827b4a4845
2026-09-22T06:45:11.051Z,dry,ETH-USD,7,place,sell,2733.9,0.0091,quote-ask,back off: book leaning up,8e5e8d8d31d9bacc54b3fdf1dc7a3e45
2026-09-22T06:45:11.156Z,dry,ETH-USD,7,reject,sell,2733.9,0.0091,quote-ask,post only order would cross,8e5e8d8d31d9bacc54b3fdf1dc7a3e45
2026-09-22T06:45:11.350Z,dry,ETH-USD,7,place,sell,2734.2,0.0091,quote-ask,back off: holding back-off,47459fd6f83ce730406213a6084bbcc8
2026-09-22T06:45:11.751Z,dry,ETH-USD,7,cancel,buy,2733.6,0.0091,quote-bid,target moved 2733.6 -> 2733.9,14315cdb2fab8e82f211fadfd97ade69
2026-09-22T06:45:11.858Z,dry,ETH-USD,7,place,buy,2733.9,0.0091,quote-bid,back off: holding inventory,b0ec1c4396a4289068d924996c882179
2026-09-22T06:45:12.160Z,dry,ETH-USD,7,cancel,sell,2734.2,0.0091,quote-ask,target moved 2734.2 -> 2734.1,47459fd6f83ce730406213a6084bbcc8
2026-09-22T06:45:12.268Z,dry,ETH-USD,7,place,sell,2734.1,0.0091,quote-ask,rejoin best,04d7d940adc185b3f85ba501e5baa0c5
2026-09-22T06:45:12.997Z,dry,BTC-USD,6,cancel,sell,85455,0.00087,flatten-post,re-peg flatten,b9c9b19807f63a5e067f23aac2222988
2026-09-22T06:45:13.104Z,dry,ETH-USD,7,cancel,buy,2733.9,0.0091,quote-bid,target moved 2733.9 -> 2733.8,b0ec1c4396a4289068d924996c882179
2026-09-22T06:45:13.211Z,dry,ETH-USD,7,cancel,sell,2734.1,0.0091,quote-ask,target moved 2734.1 -> 2734,04d7d940adc185b3f85ba501e5baa0c5
2026-09-22T06:45:13.320Z,dry,ETH-USD,7,place,buy,2733.8,0.0091,quote-bid,back off: book leaning down,d74babd8e81d427fa8d14e695aa7e098
2026-09-22T06:45:13.427Z,dry,ETH-USD,7,place,sell,2734,0.0091,quote-ask,rejoin best,dabae9dcf20f5eee37b44b991613af4a
2026-09-22T06:45:13.641Z,dry,BTC-USD,6,place,sell,85454,0.00087,flatten-post,passive exit,442552245a67806005ac6ba0c5fdf240
2026-09-22T06:45:14.250Z,dry,ETH-USD,7,cancel,buy,2733.8,0.0091,quote-bid,target moved 2733.8 -> 2733.7,d74babd8e81d427fa8d14e695aa7e098
2026-09-22T06:45:14.351Z,dry,ETH-USD,7,cancel,sell,2734,0.0091,quote-ask,target moved 2734 -> 2733.9,dabae9dcf20f5eee37b44b991613af4a
2026-09-22T06:45:14.466Z,dry,ETH-USD,7,place,buy,2733.7,0.0091,quote-bid,back off: book leaning down,1f4f0908a5e413b9c0f0aa2773dfc580
2026-09-22T06:45:14.574Z,dry,ETH-USD,7,place,sell,2733.9,0.0091,quote-ask,rejoin best,00e9122b426e8ac586050e3b07d9658e
2026-09-22T06:45:16.140Z,dry,ETH-USD,7,cancel,buy,2733.7,0.0091,quote-bid,target moved 2733.7 -> 2733.6,1f4f0908a5e413b9c0f0aa2773dfc580
2026-09-22T06:45:16.250Z,dry,ETH-USD,7,place,buy,2733.6,0.0091,quote-bid,back off: book leaning down,6a6d740af25cdbf52b30318f11ad9a17
2026-09-22T06:45:16.567Z,dry,ETH-USD,7,cancel,sell,2733.9,0.0091,quote-ask,target moved 2733.9 -> 2733.8,00e9122b426e8ac586050e3b07d9658e
2026-09-22T06:45:16.675Z,dry,ETH-USD,7,place,sell,2733.8,0.0091,quote-ask,rejoin best,238eb96d1f9fff7f91cc0c8da654596e
2026-09-22T06:45:18.651Z,dry,BTC-USD,6,cancel,sell,85454,0.00087,flatten-post,flatten escalating to taker,442552245a67806005ac6ba0c5fdf240
2026-09-22T06:45:19.686Z,dry,BTC-USD,6,place,sell,85398,0.00087,flatten-ioc,taker exit (passive window elapsed),1476f3c327018356beb6e1a63cf42f20
2026-09-22T06:45:19.898Z,dry,BTC-USD,6,place,buy,85439,0.00029,quote-bid,back off: book leaning down,55ea69716b1b7ca3988a4991f8b217d9
2026-09-22T06:45:20.006Z,dry,BTC-USD,6,place,sell,85441,0.00029,quote-ask,join best,527374a10ebf92234325c09a342777b1
2026-09-22T06:45:20.518Z,dry,ETH-USD,7,cancel,sell,2733.8,0.0091,quote-ask,target moved 2733.8 -> 2733.9,238eb96d1f9fff7f91cc0c8da654596e
2026-09-22T06:45:20.629Z,dry,ETH-USD,7,place,sell,2733.9,0.0091,quote-ask,back off: book leaning up,0ab2ccde6f3004b821d27a4098dec434
2026-09-22T06:45:22.406Z,dry,ETH-USD,7,cancel,sell,2733.9,0.0091,quote-ask,target moved 2733.9 -> 2733.8,0ab2ccde6f3004b821d27a4098dec434
2026-09-22T06:45:22.514Z,dry,ETH-USD,7,place,sell,2733.8,0.0091,quote-ask,rejoin best,727057a550243f83b0c4a2c560ad7204
2026-09-22T06:45:23.864Z,dry,ETH-USD,7,cancel,sell,2733.8,0.0091,quote-ask,target moved 2733.8 -> 2733.9,727057a550243f83b0c4a2c560ad7204
2026-09-22T06:45:23.956Z,dry,ETH-USD,7,place,sell,2733.9,0.0091,quote-ask,back off: book leaning up,01f0161aa4f7c45965c608ce41160633
2026-09-22T06:45:24.929Z,dry,ETH-USD,7,cancel,sell,2733.9,0.0091,quote-ask,target moved 2733.9 -> 2733.8,01f0161aa4f7c45965c608ce41160633
2026-09-22T06:45:25.022Z,dry,ETH-USD,7,place,sell,2733.8,0.0091,quote-ask,rejoin best,77d74702ec62f9bed7a2bbbf4f7cedc0
2026-09-22T06:45:41.900Z,dry,BTC-USD,6,cancel,buy,85439,0.00029,quote-bid,target moved 85439 -> 85438,55ea69716b1b7ca3988a4991f8b217d9
2026-09-22T06:45:41.991Z,dry,BTC-USD,6,cancel,sell,85441,0.00029,quote-ask,target moved 85441 -> 85440,527374a10ebf92234325c09a342777b1
2026-09-22T06:45:42.098Z,dry,BTC-USD,6,place,buy,85438,0.00029,quote-bid,back off: book leaning down,5a24380694e91de082b82e2599c173b6
2026-09-22T06:45:42.189Z,dry,BTC-USD,6,place,sell,85440,0.00029,quote-ask,rejoin best,51eaca05809ae2dc3be5381118080667
2026-09-22T06:46:00.149Z,dry,ETH-USD,7,place,buy,2733.4,0.0091,quote-bid,back off: holding inventory,8004b747209478770d980626a2bc1480
2026-09-22T06:46:00.558Z,dry,ETH-USD,7,cancel,sell,2733.8,0.0091,quote-ask,target moved 2733.8 -> 2733.6,77d74702ec62f9bed7a2bbbf4f7cedc0
2026-09-22T06:46:00.651Z,dry,ETH-USD,7,place,sell,2733.6,0.0091,quote-ask,rejoin best,d4e1c3560e7deda1e8d0da736610baab
2026-09-22T06:46:01.618Z,dry,ETH-USD,7,place,sell,2733.7,0.0091,quote-ask,join best,fdc3ee45b75301d289b7bf68077b41f0
2026-09-22T06:46:02.022Z,dry,BTC-USD,6,cancel,sell,85440,0.00029,quote-ask,target moved 85440 -> 85441,51eaca05809ae2dc3be5381118080667
2026-09-22T06:46:02.134Z,dry,BTC-USD,6,place,sell,85441,0.00029,quote-ask,back off: book leaning up,f86bdc94017ffd94ee37fe4ddb1c73f0
2026-09-22T06:46:02.243Z,dry,ETH-USD,7,place,sell,2734.1,0.0091,quote-ask,join best,776be78217a3427f99b4f52679e4148d
2026-09-22T06:46:02.439Z,dry,BTC-USD,6,place,sell,85445,0.00029,quote-ask,back off: book leaning up,8118e5b648a0f8b3d9a8baa521860ebe
2026-09-22T06:46:02.538Z,dry,BTC-USD,6,reject,sell,85445,0.00029,quote-ask,post only order would cross,8118e5b648a0f8b3d9a8baa521860ebe
2026-09-22T06:46:02.540Z,dry,ETH-USD,7,place,sell,2734.5,0.0091,quote-ask,back off: holding inventory,db5d7f71031e303d9f6de081c9f0c005
2026-09-22T06:46:02.864Z,dry,BTC-USD,6,place,sell,85461,0.00029,quote-ask,back off: holding inventory,cb962a3c1734147225a3923e2791e330
2026-09-22T06:46:03.287Z,dry,ETH-USD,7,cancel,buy,2733.4,0.0091,quote-bid,target moved 2733.4 -> 2734.2,8004b747209478770d980626a2bc1480
2026-09-22T06:46:03.425Z,dry,ETH-USD,7,place,buy,2734.2,0.0091,quote-bid,back off: book leaning down,86eabba1eeadf5dbfcd16fd5e6a67cfa
2026-09-22T06:46:03.698Z,dry,BTC-USD,6,cancel,buy,85438,0.00029,quote-bid,target moved 85438 -> 85455,5a24380694e91de082b82e2599c173b6
2026-09-22T06:46:03.800Z,dry,BTC-USD,6,cancel,sell,85461,0.00029,quote-ask,target moved 85461 -> 85458,cb962a3c1734147225a3923e2791e330
2026-09-22T06:46:03.908Z,dry,BTC-USD,6,place,buy,85455,0.00029,quote-bid,back off: book leaning down,18a2e10eb31de44d5cd4599031005240
2026-09-22T06:46:04.000Z,dry,BTC-USD,6,place,sell,85458,0.00029,quote-ask,back off: holding inventory,751be6f0bda71b064cf37710016b4074
2026-09-22T06:46:07.250Z,dry,ETH-USD,7,cancel,buy,2734.2,0.0091,quote-bid,target moved 2734.2 -> 2734.1,86eabba1eeadf5dbfcd16fd5e6a67cfa
2026-09-22T06:46:07.341Z,dry,ETH-USD,7,cancel,sell,2734.5,0.0091,quote-ask,target moved 2734.5 -> 2734.4,db5d7f71031e303d9f6de081c9f0c005
2026-09-22T06:46:07.448Z,dry,ETH-USD,7,place,buy,2734.1,0.0091,quote-bid,back off: holding back-off,2a24118163b66c35806c69d6a74e82d5
2026-09-22T06:46:07.552Z,dry,ETH-USD,7,place,sell,2734.4,0.0091,quote-ask,back off: holding inventory,bf59c9123cb4751318dd270085ec8280
2026-09-22T06:46:08.084Z,dry,ETH-USD,7,cancel,buy,2734.1,0.0091,quote-bid,target moved 2734.1 -> 2734.2,2a24118163b66c35806c69d6a74e82d5
2026-09-22T06:46:08.176Z,dry,ETH-USD,7,cancel,sell,2734.4,0.0091,quote-ask,target moved 2734.4 -> 2734.5,bf59c9123cb4751318dd270085ec8280
2026-09-22T06:46:08.284Z,dry,ETH-USD,7,place,buy,2734.2,0.0091,quote-bid,back off: book leaning down,d2835fde0443ff494ac5a5fe17242797
2026-09-22T06:46:08.389Z,dry,ETH-USD,7,place,sell,2734.5,0.0091,quote-ask,back off: holding inventory,709c28766c00428d9b0245a90b74c884
2026-09-22T06:46:08.509Z,dry,BTC-USD,6,cancel,buy,85455,0.00029,quote-bid,target moved 85455 -> 85456,18a2e10eb31de44d5cd4599031005240
2026-09-22T06:46:08.606Z,dry,BTC-USD,6,place,buy,85456,0.00029,quote-bid,rejoin best,309901e4234805774ded68301800d4de
2026-09-22T06:46:12.650Z,dry,ETH-USD,7,cancel,buy,2734.2,0.0091,quote-bid,target moved 2734.2 -> 2734.1,d2835fde0443ff494ac5a5fe17242797
2026-09-22T06:46:12.737Z,dry,ETH-USD,7,cancel,sell,2734.5,0.0091,quote-ask,target moved 2734.5 -> 2734.4,709c28766c00428d9b0245a90b74c884
2026-09-22T06:46:12.845Z,dry,ETH-USD,7,place,buy,2734.1,0.0091,quote-bid,back off: holding back-off,84f5bb9acfad9507ca3463e5ca8ad5d3
2026-09-22T06:46:12.950Z,dry,ETH-USD,7,place,sell,2734.4,0.0091,quote-ask,back off: book leaning up,06821b3a19a6bab0d05c040c0b980265
2026-09-22T06:46:13.073Z,dry,ETH-USD,7,cancel,buy,2734.1,0.0091,quote-bid,target moved 2734.1 -> 2734.2,84f5bb9acfad9507ca3463e5ca8ad5d3
2026-09-22T06:46:13.182Z,dry,ETH-USD,7,place,buy,2734.2,0.0091,quote-bid,rejoin best,4bdf73a63beac8c8e1cedf72fd8bb0ff
2026-09-22T06:46:21.438Z,dry,ETH-USD,7,cancel,buy,2734.2,0.0091,quote-bid,target moved 2734.2 -> 2734.1,4bdf73a63beac8c8e1cedf72fd8bb0ff
2026-09-22T06:46:21.531Z,dry,ETH-USD,7,place,buy,2734.1,0.0091,quote-bid,back off: book leaning down,9db41719aca7cbf5e392d056928aecf8
2026-09-22T06:46:23.108Z,dry,ETH-USD,7,cancel,buy,2734.1,0.0091,quote-bid,target moved 2734.1 -> 2734.2,9db41719aca7cbf5e392d056928aecf8
2026-09-22T06:46:23.201Z,dry,ETH-USD,7,place,buy,2734.2,0.0091,quote-bid,rejoin best,5948acdb0f5e4863cf7d81f5bd5a31ad
2026-09-22T06:46:24.170Z,dry,ETH-USD,7,cancel,buy,2734.2,0.0091,quote-bid,target moved 2734.2 -> 2734.1,5948acdb0f5e4863cf7d81f5bd5a31ad
2026-09-22T06:46:24.265Z,dry,ETH-USD,7,place,buy,2734.1,0.0091,quote-bid,back off: book leaning down,01d3033b3b4ba80842e319564698f0a9
2026-09-22T06:46:26.057Z,dry,ETH-USD,7,cancel,buy,2734.1,0.0091,quote-bid,target moved 2734.1 -> 2734.2,01d3033b3b4ba80842e319564698f0a9
2026-09-22T06:46:26.150Z,dry,ETH-USD,7,place,buy,2734.2,0.0091,quote-bid,rejoin best,a742da96d9f706fdf6fd6a031dec9373
2026-09-22T06:46:26.482Z,dry,ETH-USD,7,cancel,buy,2734.2,0.0091,quote-bid,target moved 2734.2 -> 2734.1,a742da96d9f706fdf6fd6a031dec9373
2026-09-22T06:46:26.589Z,dry,ETH-USD,7,place,buy,2734.1,0.0091,quote-bid,back off: book leaning down,d3f3c84dadbdc270cc545365d9851df6
2026-09-22T06:46:30.435Z,dry,BTC-USD,6,place,buy,85445,0.00029,quote-bid,join best,53227d9721a1f710ea0c04f61740b56b
2026-09-22T06:46:30.525Z,dry,ETH-USD,7,place,buy,2733.3,0.0091,quote-bid,back off: holding back-off,c4d3d5b33fdde76b5b36cc2c7a3f4611
2026-09-22T06:46:30.849Z,dry,BTC-USD,6,cancel,sell,85458,0.00029,quote-ask,target moved 85458 -> 85447,751be6f0bda71b064cf37710016b4074
2026-09-22T06:46:30.949Z,dry,BTC-USD,6,place,sell,85447,0.00029,quote-ask,back off: holding back-off,502a820ccd71ecc33bac1ab70e15f985
2026-09-22T06:46:31.049Z,dry,ETH-USD,7,cancel,sell,2734.4,0.0091,quote-ask,target moved 2734.4 -> 2733.8,06821b3a19a6bab0d05c040c0b980265
2026-09-22T06:46:31.145Z,dry,ETH-USD,7,place,sell,2733.8,0.0091,quote-ask,back off: holding back-off,5adde9d0460d52e988aa1e4ed406ea23
2026-09-22T06:46:31.249Z,dry,BTC-USD,6,cancel,sell,85447,0.00029,quote-ask,target moved 85447 -> 85446,502a820ccd71ecc33bac1ab70e15f985
2026-09-22T06:46:31.357Z,dry,BTC-USD,6,place,sell,85446,0.00029,quote-ask,rejoin best,ac9e25a81365c0a8da3f88b24c7a5521
2026-09-22T06:46:31.460Z,dry,ETH-USD,7,cancel,buy,2733.3,0.0091,quote-bid,target moved 2733.3 -> 2733.6,c4d3d5b33fdde76b5b36cc2c7a3f4611
2026-09-22T06:46:31.567Z,dry,ETH-USD,7,place,buy,2733.6,0.0091,quote-bid,rejoin best,38e2945f429bce507fa4776d6d3fffed
2026-09-22T06:46:31.870Z,dry,ETH-USD,7,cancel,sell,2733.8,0.0091,quote-ask,target moved 2733.8 -> 2733.7,5adde9d0460d52e988aa1e4ed406ea23
2026-09-22T06:46:31.978Z,dry,ETH-USD,7,place,sell,2733.7,0.0091,quote-ask,rejoin best,5c1df90a2814db8689857b9351ad56f6
2026-09-22T06:46:34.808Z,dry,ETH-USD,7,cancel,buy,2733.6,0.0091,quote-bid,target moved 2733.6 -> 2733.5,38e2945f429bce507fa4776d6d3fffed
2026-09-22T06:46:34.917Z,dry,ETH-USD,7,place,buy,2733.5,0.0091,quote-bid,back off: book leaning down,3295e5a178cfed8cafa0dac49b8dc1cf
2026-09-22T06:46:36.503Z,dry,ETH-USD,7,place,sell,2734,0.0091,quote-ask,back off: holding inventory,353947f046d9f5334b34ee28431ca694
2026-09-22T06:46:36.926Z,dry,ETH-USD,7,cancel,buy,2733.5,0.0091,quote-bid,target moved 2733.5 -> 2733.7,3295e5a178cfed8cafa0dac49b8dc1cf
2026-09-22T06:46:37.035Z,dry,ETH-USD,7,place,buy,2733.7,0.0091,quote-bid,back off: holding back-off,878bc5c9a23f52bef017d8c1b5d66f7c
2026-09-22T06:46:37.352Z,dry,ETH-USD,7,cancel,buy,2733.7,0.0091,quote-bid,target moved 2733.7 -> 2733.8,878bc5c9a23f52bef017d8c1b5d66f7c
2026-09-22T06:46:37.459Z,dry,ETH-USD,7,place,buy,2733.8,0.0091,quote-bid,rejoin best,7385045d3e0792d31f06f56f9e9855fc
2026-09-22T06:46:40.915Z,dry,ETH-USD,7,place,sell,2734.3,0.0091,quote-ask,back off: holding inventory,95d128cad33d3bc7789129663d910d79
2026-09-22T06:46:41.339Z,dry,ETH-USD,7,cancel,buy,2733.8,0.0091,quote-bid,target moved 2733.8 -> 2734,7385045d3e0792d31f06f56f9e9855fc
2026-09-22T06:46:41.433Z,dry,ETH-USD,7,place,buy,2734,0.0091,quote-bid,back off: book leaning down,3a355479f14f9ca733b9390681c23529
2026-09-22T06:46:44.495Z,dry,ETH-USD,7,place,buy,2733.4,0.0091,quote-bid,back off: holding back-off,6887c73b3f9a3058e32e4fa93584719a
2026-09-22T06:46:44.694Z,dry,BTC-USD,6,place,buy,85443,0.00029,quote-bid,back off: book leaning down,bc00643a2be43cabc5a154ab34623933
2026-09-22T06:46:44.903Z,dry,ETH-USD,7,cancel,sell,2734.3,0.0091,quote-ask,target moved 2734.3 -> 2734.1,95d128cad33d3bc7789129663d910d79
2026-09-22T06:46:44.996Z,dry,ETH-USD,7,place,sell,2734.1,0.0091,quote-ask,back off: holding inventory,7dfbffce4361f2b4e8e4fafa89168f94
2026-09-22T06:46:45.103Z,dry,BTC-USD,6,cancel,sell,85446,0.00029,quote-ask,target moved 85446 -> 85445,ac9e25a81365c0a8da3f88b24c7a5521
2026-09-22T06:46:45.209Z,dry,BTC-USD,6,place,sell,85445,0.00029,quote-ask,rejoin best,7491d18dd2447935cc190da38df70647
2026-09-22T06:46:45.521Z,dry,BTC-USD,6,place,buy,85434,0.00029,quote-bid,back off: holding inventory,36af2efcff34db0d80a61f56017d6c2f
2026-09-22T06:46:45.632Z,dry,ETH-USD,7,cancel,buy,2733.4,0.0091,quote-bid,target moved 2733.4 -> 2733.5,6887c73b3f9a3058e32e4fa93584719a
2026-09-22T06:46:45.723Z,dry,ETH-USD,7,cancel,sell,2734.1,0.0091,quote-ask,target moved 2734.1 -> 2733.8,7dfbffce4361f2b4e8e4fafa89168f94
2026-09-22T06:46:45.831Z,dry,ETH-USD,7,place,buy,2733.5,0.0091,quote-bid,back off: book leaning down,5693ac2b523d9f09286995bbaf2a1e6c
2026-09-22T06:46:45.937Z,dry,ETH-USD,7,place,sell,2733.8,0.0091,quote-ask,back off: holding inventory,f7d0f465492c73e02183738766c3f11b
2026-09-22T06:46:46.162Z,dry,BTC-USD,6,cancel,sell,85445,0.00029,quote-ask,target moved 85445 -> 85437,7491d18dd2447935cc190da38df70647
2026-09-22T06:46:46.279Z,dry,BTC-USD,6,place,sell,85437,0.00029,quote-ask,back off: book leaning up,1d3303adef0a81b1d2cdf0960e53fc3d
2026-09-22T06:46:46.589Z,dry,ETH-USD,7,cancel,buy,2733.5,0.0091,quote-bid,target moved 2733.5 -> 2733.6,5693ac2b523d9f09286995bbaf2a1e6c
2026-09-22T06:46:46.699Z,dry,ETH-USD,7,place,buy,2733.6,0.0091,quote-bid,rejoin best,44e7f3fda856ca752186bc37030b6196
2026-09-22T06:46:48.049Z,dry,BTC-USD,6,cancel,sell,85437,0.00029,quote-ask,target moved 85437 -> 85436,1d3303adef0a81b1d2cdf0960e53fc3d
2026-09-22T06:46:48.161Z,dry,BTC-USD,6,place,sell,85436,0.00029,quote-ask,rejoin best,38650f0c99b63ea332f0d2cd55c47a8f
2026-09-22T06:46:48.677Z,dry,ETH-USD,7,cancel,buy,2733.6,0.0091,quote-bid,target moved 2733.6 -> 2733.5,44e7f3fda856ca752186bc37030b6196
2026-09-22T06:46:48.785Z,dry,ETH-USD,7,place,buy,2733.5,0.0091,quote-bid,back off: book leaning down,61c61a38b9bef799b938b2c1a74f449e
2026-09-22T06:46:49.089Z,dry,BTC-USD,6,cancel,sell,85436,0.00029,quote-ask,target moved 85436 -> 85437,38650f0c99b63ea332f0d2cd55c47a8f
2026-09-22T06:46:49.214Z,dry,BTC-USD,6,place,sell,85437,0.00029,quote-ask,back off: book leaning up,8a5bddf62fd79f54857d8803aa1887f3
2026-09-22T06:46:50.564Z,dry,BTC-USD,6,cancel,sell,85437,0.00029,quote-ask,target moved 85437 -> 85436,8a5bddf62fd79f54857d8803aa1887f3
2026-09-22T06:46:50.671Z,dry,BTC-USD,6,place,sell,85436,0.00029,quote-ask,rejoin best,a3f0a45b4edf37c073a58e92427ac53e
2026-09-22T06:46:51.415Z,dry,ETH-USD,7,cancel,buy,2733.5,0.0091,quote-bid,target moved 2733.5 -> 2733.6,61c61a38b9bef799b938b2c1a74f449e
2026-09-22T06:46:51.524Z,dry,ETH-USD,7,place,buy,2733.6,0.0091,quote-bid,rejoin best,050a20ae13b2ea0d4516571f20d736f1
2026-09-22T06:46:55.814Z,dry,ETH-USD,7,place,sell,2734,0.0091,quote-ask,back off: book leaning up,50680d5ed45f235f53b83576b656cf9b
2026-09-22T06:46:56.236Z,dry,ETH-USD,7,cancel,buy,2733.6,0.0091,quote-bid,target moved 2733.6 -> 2733.8,050a20ae13b2ea0d4516571f20d736f1
2026-09-22T06:46:56.343Z,dry,ETH-USD,7,place,buy,2733.8,0.0091,quote-bid,rejoin best,cb66081d8710ec099859974f79de48a0
2026-09-22T06:46:56.877Z,dry,ETH-USD,7,cancel,buy,2733.8,0.0091,quote-bid,target moved 2733.8 -> 2733.7,cb66081d8710ec099859974f79de48a0
2026-09-22T06:46:56.966Z,dry,ETH-USD,7,place,buy,2733.7,0.0091,quote-bid,back off: book leaning down,86694bf55174c4352d07a6edebd8a844
2026-09-22T06:47:02.962Z,dry,ETH-USD,7,cancel,buy,2733.7,0.0091,quote-bid,target moved 2733.7 -> 2733.8,86694bf55174c4352d07a6edebd8a844
2026-09-22T06:47:03.051Z,dry,ETH-USD,7,place,buy,2733.8,0.0091,quote-bid,rejoin best,b36e9c1a987e6ceda70ed54bc1a95415
2026-09-22T06:47:03.602Z,dry,ETH-USD,7,cancel,buy,2733.8,0.0091,quote-bid,target moved 2733.8 -> 2733.7,b36e9c1a987e6ceda70ed54bc1a95415
2026-09-22T06:47:03.710Z,dry,ETH-USD,7,place,buy,2733.7,0.0091,quote-bid,back off: book leaning down,17010ce57c92156ffa8f39015f354781
2026-09-22T06:47:05.074Z,dry,ETH-USD,7,cancel,buy,2733.7,0.0091,quote-bid,target moved 2733.7 -> 2733.9,17010ce57c92156ffa8f39015f354781
2026-09-22T06:47:05.168Z,dry,ETH-USD,7,place,buy,2733.9,0.0091,quote-bid,back off: book leaning down,ddf269d99755271b019e056cb39cc743
2026-09-22T06:47:06.955Z,dry,ETH-USD,7,place,buy,2733.7,0.0091,quote-bid,back off: holding back-off,4476321d925b9fb7dcf19d9a722c20fb
2026-09-22T06:47:07.046Z,dry,ETH-USD,7,place,sell,2734,0.0091,quote-ask,back off: aggressive buying,7cfb55b5773b8e542d8d5619339bee8b
2026-09-22T06:47:07.378Z,dry,ETH-USD,7,cancel,buy,2733.7,0.0091,quote-bid,target moved 2733.7 -> 2733.8,4476321d925b9fb7dcf19d9a722c20fb
2026-09-22T06:47:07.499Z,dry,ETH-USD,7,place,buy,2733.8,0.0091,quote-bid,rejoin best,ac6e61001cc11351654c0dd326670a0a
2026-09-22T06:47:08.425Z,dry,ETH-USD,7,place,buy,2733.6,0.0091,quote-bid,join best,a85d008edc33db5496778d6d89aad1f2
2026-09-22T06:47:08.848Z,dry,ETH-USD,7,cancel,buy,2733.6,0.0091,quote-bid,target moved 2733.6 -> 2733.5,a85d008edc33db5496778d6d89aad1f2
2026-09-22T06:47:08.938Z,dry,ETH-USD,7,cancel,sell,2734,0.0091,quote-ask,target moved 2734 -> 2733.8,7cfb55b5773b8e542d8d5619339bee8b
2026-09-22T06:47:09.048Z,dry,ETH-USD,7,place,buy,2733.5,0.0091,quote-bid,back off: book leaning down,568e479a47f4bfd21e0cf68bea4739ac
2026-09-22T06:47:09.149Z,dry,ETH-USD,7,place,sell,2733.8,0.0091,quote-ask,back off: aggressive buying,fa0dea6e4f09abbc6e5c79e3672eb285
2026-09-22T06:47:09.699Z,dry,ETH-USD,7,cancel,buy,2733.5,0.0091,quote-bid,target moved 2733.5 -> 2733.4,568e479a47f4bfd21e0cf68bea4739ac
2026-09-22T06:47:09.789Z,dry,ETH-USD,7,cancel,sell,2733.8,0.0091,quote-ask,target moved 2733.8 -> 2733.7,fa0dea6e4f09abbc6e5c79e3672eb285
2026-09-22T06:47:09.882Z,dry,ETH-USD,7,place,buy,2733.4,0.0091,quote-bid,back off: holding back-off,05084a8fabf266ee6493acfccf7b53bc
2026-09-22T06:47:09.989Z,dry,ETH-USD,7,place,sell,2733.7,0.0091,quote-ask,back off: aggressive buying,addfb62273a58cc27f4dd499d57b7dd9
2026-09-22T06:47:10.322Z,dry,ETH-USD,7,place,buy,2733.2,0.0091,quote-bid,join best,c595b7912a11b5000c7609568e3b9f23
2026-09-22T06:47:10.745Z,dry,ETH-USD,7,cancel,sell,2733.7,0.0091,quote-ask,target moved 2733.7 -> 2733.4,addfb62273a58cc27f4dd499d57b7dd9
2026-09-22T06:47:10.854Z,dry,ETH-USD,7,place,sell,2733.4,0.0091,quote-ask,back off: book leaning up,49e8ee5e71243c3ebe6ebe795af867a5
2026-09-22T06:47:11.148Z,dry,ETH-USD,7,place,buy,2732.8,0.0091,quote-bid,back off: book leaning down,8a0920320e703a9faaa724a568d56d98
2026-09-22T06:47:11.547Z,dry,BTC-USD,6,cancel,sell,85436,0.00029,quote-ask,target moved 85436 -> 85429,a3f0a45b4edf37c073a58e92427ac53e
2026-09-22T06:47:11.657Z,dry,BTC-USD,6,place,sell,85429,0.00029,quote-ask,rejoin best,d1c9db607aa48c070d0bd972df642903
2026-09-22T06:47:11.962Z,dry,ETH-USD,7,cancel,buy,2732.8,0.0091,quote-bid,target moved 2732.8 -> 2733,8a0920320e703a9faaa724a568d56d98
2026-09-22T06:47:12.100Z,dry,ETH-USD,7,cancel,sell,2733.4,0.0091,quote-ask,target moved 2733.4 -> 2733.3,49e8ee5e71243c3ebe6ebe795af867a5
2026-09-22T06:47:12.207Z,dry,ETH-USD,7,place,buy,2733,0.0091,quote-bid,back off: holding inventory,6201a4b513e65ac74f0c62c4c4c7b5a1
2026-09-22T06:47:12.315Z,dry,ETH-USD,7,place,sell,2733.3,0.0091,quote-ask,back off: holding back-off,6a79bd96f049f654da6fca5236bb99b8
2026-09-22T06:47:12.602Z,dry,ETH-USD,7,cancel,sell,2733.3,0.0091,quote-ask,target moved 2733.3 -> 2733.2,6a79bd96f049f654da6fca5236bb99b8
2026-09-22T06:47:12.710Z,dry,ETH-USD,7,place,sell,2733.2,0.0091,quote-ask,rejoin best,e431e61470c0c324a29337a3e67f2675
2026-09-22T06:47:15.777Z,dry,ETH-USD,7,place,sell,2733.3,0.0091,quote-ask,join best,5d45f8dd870d2f12a46e9b8360d00117
2026-09-22T06:47:16.201Z,dry,ETH-USD,7,cancel,buy,2733,0.0091,quote-bid,target moved 2733 -> 2733.1,6201a4b513e65ac74f0c62c4c4c7b5a1
2026-09-22T06:47:16.309Z,dry,ETH-USD,7,place,buy,2733.1,0.0091,quote-bid,back off: book leaning down,362e4b06cbabd7afac385484f890e94b
2026-09-22T06:47:17.875Z,dry,ETH-USD,7,cancel,buy,2733.1,0.0091,quote-bid,target moved 2733.1 -> 2733.2,362e4b06cbabd7afac385484f890e94b
2026-09-22T06:47:17.985Z,dry,ETH-USD,7,place,buy,2733.2,0.0091,quote-bid,rejoin best,d6ad1910e2c83ba25b8886d8d721dc71
2026-09-22T06:47:18.302Z,dry,ETH-USD,7,cancel,buy,2733.2,0.0091,quote-bid,target moved 2733.2 -> 2733.1,d6ad1910e2c83ba25b8886d8d721dc71
2026-09-22T06:47:18.409Z,dry,ETH-USD,7,place,buy,2733.1,0.0091,quote-bid,back off: book leaning down,61511cb70d5dad251c1afe358b4589b5
2026-09-22T06:47:19.788Z,dry,ETH-USD,7,cancel,buy,2733.1,0.0091,quote-bid,target moved 2733.1 -> 2733.2,61511cb70d5dad251c1afe358b4589b5
2026-09-22T06:47:19.896Z,dry,ETH-USD,7,place,buy,2733.2,0.0091,quote-bid,rejoin best,421d7a8b2e51de380ae39534d2ef7a47
2026-09-22T06:47:21.475Z,dry,ETH-USD,7,cancel,buy,2733.2,0.0091,quote-bid,target moved 2733.2 -> 2733.1,421d7a8b2e51de380ae39534d2ef7a47
2026-09-22T06:47:21.583Z,dry,ETH-USD,7,place,buy,2733.1,0.0091,quote-bid,back off: book leaning down,91106fa3c9edbf70af90a8483923d980
2026-09-22T06:47:27.106Z,dry,BTC-USD,6,cancel,sell,85429,0.00029,quote-ask,target moved 85429 -> 85430,d1c9db607aa48c070d0bd972df642903
2026-09-22T06:47:27.199Z,dry,BTC-USD,6,place,sell,85430,0.00029,quote-ask,back off: book leaning up,4c9034f9552319f27b19d25de7d90f64
2026-09-22T06:47:27.318Z,dry,BTC-USD,6,reject,sell,85430,0.00029,quote-ask,post only order would cross,4c9034f9552319f27b19d25de7d90f64
2026-09-22T06:47:27.319Z,dry,ETH-USD,7,cancel,buy,2733.1,0.0091,quote-bid,target moved 2733.1 -> 2733.3,91106fa3c9edbf70af90a8483923d980
2026-09-22T06:47:27.424Z,dry,ETH-USD,7,place,buy,2733.3,0.0091,quote-bid,back off: holding back-off,a7eedc85529883127075f133886c5532
2026-09-22T06:47:27.518Z,dry,ETH-USD,7,place,sell,2733.6,0.0091,quote-ask,back off: book leaning up,152befa744f7eddab38a8a5f86ac7ebb
2026-09-22T06:47:27.745Z,dry,BTC-USD,6,place,sell,85436,0.00029,quote-ask,back off: holding back-off,9a98465bd837e9043a8afbaae864e2a7
2026-09-22T06:47:28.165Z,dry,BTC-USD,6,cancel,sell,85436,0.00029,quote-ask,target moved 85436 -> 85435,9a98465bd837e9043a8afbaae864e2a7
2026-09-22T06:47:28.258Z,dry,BTC-USD,6,place,sell,85435,0.00029,quote-ask,rejoin best,13d14e99557ed81cf2761c1a8178105c
2026-09-22T06:47:28.362Z,dry,ETH-USD,7,cancel,buy,2733.3,0.0091,quote-bid,target moved 2733.3 -> 2733.4,a7eedc85529883127075f133886c5532
2026-09-22T06:47:28.485Z,dry,ETH-USD,7,place,buy,2733.4,0.0091,quote-bid,rejoin best,35a83cd91b4bea40497c4354407ff86c
2026-09-22T06:47:29.014Z,dry,BTC-USD,6,cancel,sell,85435,0.00029,quote-ask,target moved 85435 -> 85436,13d14e99557ed81cf2761c1a8178105c
2026-09-22T06:47:29.138Z,dry,BTC-USD,6,place,sell,85436,0.00029,quote-ask,back off: book leaning up,5fc326cfeb37a4d2620765b931c3ee46
2026-09-22T06:47:29.241Z,dry,ETH-USD,7,cancel,buy,2733.4,0.0091,quote-bid,target moved 2733.4 -> 2733.6,35a83cd91b4bea40497c4354407ff86c
2026-09-22T06:47:29.366Z,dry,ETH-USD,7,place,buy,2733.6,0.0091,quote-bid,rejoin best,d3a27cee20e3b41def05bfa8bac74083
2026-09-22T06:47:29.472Z,dry,ETH-USD,7,place,sell,2733.8,0.0091,quote-ask,back off: holding inventory,a34254e531766a076b486e7c417590d7
2026-09-22T06:47:30.458Z,dry,ETH-USD,7,cancel,buy,2733.6,0.0091,quote-bid,target moved 2733.6 -> 2733.5,d3a27cee20e3b41def05bfa8bac74083
2026-09-22T06:47:30.564Z,dry,ETH-USD,7,place,buy,2733.5,0.0091,quote-bid,back off: book leaning down,e3a54f57de80aeed3385683f207f6b9e
2026-09-22T06:47:34.647Z,dry,ETH-USD,7,place,buy,2733,0.0091,quote-bid,back off: book leaning down,8878df8f980cb9b9ca82cd1ec8ee8199
2026-09-22T06:47:35.267Z,dry,BTC-USD,6,cancel,sell,85436,0.00029,quote-ask,target moved 85436 -> 85435,5fc326cfeb37a4d2620765b931c3ee46
2026-09-22T06:47:35.376Z,dry,BTC-USD,6,place,sell,85435,0.00029,quote-ask,rejoin best,9f923b8ea66edd4e40c189f612759c1c
2026-09-22T06:47:35.692Z,dry,ETH-USD,7,cancel,buy,2733,0.0091,quote-bid,target moved 2733 -> 2733.2,8878df8f980cb9b9ca82cd1ec8ee8199
2026-09-22T06:47:35.783Z,dry,ETH-USD,7,cancel,sell,2733.8,0.0091,quote-ask,target moved 2733.8 -> 2733.5,a34254e531766a076b486e7c417590d7
2026-09-22T06:47:35.890Z,dry,ETH-USD,7,place,buy,2733.2,0.0091,quote-bid,back off: book leaning down,6accc04b70921b47f5932bb6dc54d183
2026-09-22T06:47:35.996Z,dry,ETH-USD,7,place,sell,2733.5,0.0091,quote-ask,back off: holding inventory,780d6e2312bcd618d58fc85639949d52
2026-09-22T06:47:37.348Z,dry,BTC-USD,6,cancel,sell,85435,0.00029,quote-ask,target moved 85435 -> 85436,9f923b8ea66edd4e40c189f612759c1c
2026-09-22T06:47:37.437Z,dry,BTC-USD,6,place,sell,85436,0.00029,quote-ask,back off: book leaning up,193cfc0f00938a2cb19fc938d38519a4
2026-09-22T06:47:38.407Z,dry,BTC-USD,6,cancel,sell,85436,0.00029,quote-ask,target moved 85436 -> 85430,193cfc0f00938a2cb19fc938d38519a4
2026-09-22T06:47:38.500Z,dry,BTC-USD,6,place,sell,85430,0.00029,quote-ask,back off: holding back-off,14f57590e3810107a3644ebe9be8d270
2026-09-22T06:47:38.832Z,dry,BTC-USD,6,cancel,sell,85430,0.00029,quote-ask,target moved 85430 -> 85429,14f57590e3810107a3644ebe9be8d270
2026-09-22T06:47:38.940Z,dry,BTC-USD,6,place,sell,85429,0.00029,quote-ask,rejoin best,945205052def1e7471f02ded403009a5
2026-09-22T06:47:40.931Z,dry,ETH-USD,7,cancel,buy,2733.2,0.0091,quote-bid,target moved 2733.2 -> 2733.1,6accc04b70921b47f5932bb6dc54d183
2026-09-22T06:47:41.038Z,dry,ETH-USD,7,cancel,sell,2733.5,0.0091,quote-ask,target moved 2733.5 -> 2733.4,780d6e2312bcd618d58fc85639949d52
2026-09-22T06:47:41.145Z,dry,ETH-USD,7,place,buy,2733.1,0.0091,quote-bid,back off: book leaning down,67a1d3d688e974dbceb3de110eeb8c59
2026-09-22T06:47:41.248Z,dry,ETH-USD,7,place,sell,2733.4,0.0091,quote-ask,back off: holding inventory,ed987825d1ac9471a32d45724be88ff1
2026-09-22T06:47:41.979Z,dry,ETH-USD,7,cancel,buy,2733.1,0.0091,quote-bid,target moved 2733.1 -> 2733,67a1d3d688e974dbceb3de110eeb8c59
2026-09-22T06:47:42.072Z,dry,ETH-USD,7,place,buy,2733,0.0091,quote-bid,back off: book leaning down,1b390ffd70647832d37b50edffd51538
2026-09-22T06:47:42.178Z,dry,ETH-USD,7,cancel,sell,2733.4,0.0091,quote-ask,target moved 2733.4 -> 2733.3,ed987825d1ac9471a32d45724be88ff1
2026-09-22T06:47:42.285Z,dry,ETH-USD,7,place,sell,2733.3,0.0091,quote-ask,back off: holding inventory,81ea3b146e57485e6c8ee3c759d400f5
2026-09-22T06:47:42.603Z,dry,BTC-USD,6,cancel,sell,85429,0.00029,quote-ask,target moved 85429 -> 85418,945205052def1e7471f02ded403009a5
2026-09-22T06:47:42.710Z,dry,BTC-USD,6,place,sell,85418,0.00029,quote-ask,back off: holding back-off,432d2eadc0601b1fd487138e9a739a8e
2026-09-22T06:47:43.015Z,dry,BTC-USD,6,cancel,sell,85418,0.00029,quote-ask,target moved 85418 -> 85417,432d2eadc0601b1fd487138e9a739a8e
2026-09-22T06:47:43.120Z,dry,BTC-USD,6,place,sell,85417,0.00029,quote-ask,rejoin best,c1a4e652a89ea08d9bff2c10bad95b66
2026-09-22T06:47:44.688Z,dry,BTC-USD,6,cancel,sell,85417,0.00029,quote-ask,flatten owns instrument,c1a4e652a89ea08d9bff2c10bad95b66
2026-09-22T06:47:44.797Z,dry,BTC-USD,6,place,sell,85417,0.00087,flatten-post,passive exit,a9ff06bba901d5448f0aa208e9749d27
2026-09-22T06:47:48.441Z,dry,ETH-USD,7,cancel,buy,2733,0.0091,quote-bid,target moved 2733 -> 2733.1,1b390ffd70647832d37b50edffd51538
2026-09-22T06:47:48.532Z,dry,ETH-USD,7,cancel,sell,2733.3,0.0091,quote-ask,target moved 2733.3 -> 2733.4,81ea3b146e57485e6c8ee3c759d400f5
2026-09-22T06:47:48.640Z,dry,ETH-USD,7,place,buy,2733.1,0.0091,quote-bid,back off: book leaning down,d4244c809bf6466d2c3d9407353c9a04
2026-09-22T06:47:48.748Z,dry,ETH-USD,7,place,sell,2733.4,0.0091,quote-ask,back off: holding inventory,576445f65f073225859c4950790efd29
2026-09-22T06:47:59.806Z,dry,BTC-USD,6,cancel,sell,85417,0.00087,flatten-post,flatten escalating to taker,a9ff06bba901d5448f0aa208e9749d27
2026-09-22T06:48:00.872Z,dry,BTC-USD,6,place,sell,85374,0.00087,flatten-ioc,taker exit (passive window elapsed),4f2ae1c4154799aa8d848b6f01d592cb
2026-09-22T06:48:01.086Z,dry,BTC-USD,6,place,buy,85416,0.00029,quote-bid,join best,80906dcd213a6d20f3485cdd53fcfb27
2026-09-22T06:48:01.256Z,dry,BTC-USD,6,place,sell,85417,0.00029,quote-ask,join best,abcfbfaae237eca6187be68c08cea8f7
2026-09-22T06:48:01.386Z,dry,ETH-USD,7,cancel,sell,2733.4,0.0091,quote-ask,target moved 2733.4 -> 2733.1,576445f65f073225859c4950790efd29
2026-09-22T06:48:01.468Z,dry,ETH-USD,7,place,buy,2732.8,0.0091,quote-bid,back off: holding back-off,0c9b54b229e9094516a3007fee7338d6
2026-09-22T06:48:01.562Z,dry,ETH-USD,7,place,sell,2733.1,0.0091,quote-ask,back off: holding back-off,d05860f357aa4ec90d9bf2cb74fc816c
2026-09-22T06:48:02.137Z,dry,ETH-USD,7,cancel,buy,2732.8,0.0091,quote-bid,target moved 2732.8 -> 2732.9,0c9b54b229e9094516a3007fee7338d6
2026-09-22T06:48:02.247Z,dry,ETH-USD,7,place,buy,2732.9,0.0091,quote-bid,back off: book leaning down,cb8ebb2631a7735db5eafadde6257420
2026-09-22T06:48:02.952Z,dry,BTC-USD,6,cancel,buy,85416,0.00029,quote-bid,target moved 85416 -> 85415,80906dcd213a6d20f3485cdd53fcfb27
2026-09-22T06:48:03.035Z,dry,BTC-USD,6,place,buy,85415,0.00029,quote-bid,back off: book leaning down,3773e92413080d9cc63bb680cc1e2150
2026-09-22T06:48:05.653Z,dry,ETH-USD,7,place,sell,2733.3,0.0091,quote-ask,back off: holding inventory,6cd5e517124e7dd44b2014ddfba509f4
2026-09-22T06:48:06.071Z,dry,ETH-USD,7,cancel,buy,2732.9,0.0091,quote-bid,target moved 2732.9 -> 2733,cb8ebb2631a7735db5eafadde6257420
2026-09-22T06:48:06.164Z,dry,ETH-USD,7,place,buy,2733,0.0091,quote-bid,back off: book leaning down,596377991342b2623f36c6298bb5216e
2026-09-22T06:48:09.027Z,dry,ETH-USD,7,cancel,buy,2733,0.0091,quote-bid,target moved 2733 -> 2733.1,596377991342b2623f36c6298bb5216e
2026-09-22T06:48:09.119Z,dry,ETH-USD,7,cancel,sell,2733.3,0.0091,quote-ask,target moved 2733.3 -> 2733.4,6cd5e517124e7dd44b2014ddfba509f4
2026-09-22T06:48:09.228Z,dry,ETH-USD,7,place,buy,2733.1,0.0091,quote-bid,back off: book leaning down,e1e533fbfaeeaadb01eb314034f3e431
2026-09-22T06:48:09.334Z,dry,ETH-USD,7,place,sell,2733.4,0.0091,quote-ask,back off: holding inventory,5b2d44ffa1c36804044ad92c1e117d0d
2026-09-22T06:48:10.470Z,dry,BTC-USD,6,cancel,buy,85415,0.00029,quote-bid,target moved 85415 -> 85416,3773e92413080d9cc63bb680cc1e2150
2026-09-22T06:48:10.565Z,dry,BTC-USD,6,place,buy,85416,0.00029,quote-bid,rejoin best,bf4a6d4d2ed416060d0b60807feb0834
2026-09-22T06:48:11.964Z,dry,BTC-USD,6,place,buy,85407,0.00029,quote-bid,back off: book leaning down,76aaae2d229413ca78bfdf9a9d21359f
2026-09-22T06:48:12.389Z,dry,BTC-USD,6,cancel,sell,85417,0.00029,quote-ask,target moved 85417 -> 85409,abcfbfaae237eca6187be68c08cea8f7
2026-09-22T06:48:12.483Z,dry,BTC-USD,6,place,sell,85409,0.00029,quote-ask,rejoin best,ca2acf28f2ef2a2ffd1f0e6fc5c61d9b
2026-09-22T06:48:13.864Z,dry,ETH-USD,7,cancel,buy,2733.1,0.0091,quote-bid,target moved 2733.1 -> 2733,e1e533fbfaeeaadb01eb314034f3e431
2026-09-22T06:48:13.954Z,dry,ETH-USD,7,cancel,sell,2733.4,0.0091,quote-ask,target moved 2733.4 -> 2733.3,5b2d44ffa1c36804044ad92c1e117d0d
2026-09-22T06:48:14.063Z,dry,ETH-USD,7,place,buy,2733,0.0091,quote-bid,back off: book leaning down,abbf0212e95748b95e27167625f3d67a
2026-09-22T06:48:14.168Z,dry,ETH-USD,7,place,sell,2733.3,0.0091,quote-ask,back off: holding inventory,738616faec5a41f65f8b7cc713983f53
2026-09-22T06:48:14.913Z,dry,ETH-USD,7,cancel,buy,2733,0.0091,quote-bid,target moved 2733 -> 2733.1,abbf0212e95748b95e27167625f3d67a
2026-09-22T06:48:15.020Z,dry,ETH-USD,7,place,buy,2733.1,0.0091,quote-bid,rejoin best,f790a637967128ec4873b8968d904b09
2026-09-22T06:48:27.350Z,dry,ETH-USD,7,cancel,buy,2733.1,0.0091,quote-bid,target moved 2733.1 -> 2733,f790a637967128ec4873b8968d904b09
2026-09-22T06:48:27.433Z,dry,ETH-USD,7,place,buy,2733,0.0091,quote-bid,back off: book leaning down,d3173fa90ac5c8929c842e5b909a0ec8
2026-09-22T06:48:30.048Z,dry,BTC-USD,6,cancel,sell,85409,0.00029,quote-ask,target moved 85409 -> 85410,ca2acf28f2ef2a2ffd1f0e6fc5c61d9b
2026-09-22T06:48:30.142Z,dry,BTC-USD,6,place,sell,85410,0.00029,quote-ask,back off: book leaning up,f5903b2604816214ff133b566110cf63
2026-09-22T06:48:30.247Z,dry,ETH-USD,7,cancel,buy,2733,0.0091,quote-bid,target moved 2733 -> 2733.1,d3173fa90ac5c8929c842e5b909a0ec8
2026-09-22T06:48:30.386Z,dry,ETH-USD,7,place,buy,2733.1,0.0091,quote-bid,rejoin best,055f10fd0dd4e72bd5896b0044a27029
2026-09-22T06:48:30.706Z,dry,ETH-USD,7,place,sell,2733.5,0.0091,quote-ask,back off: holding inventory,6032872ffa9378d84c39e89ed1c8d2d4
2026-09-22T06:48:31.126Z,dry,ETH-USD,7,cancel,buy,2733.1,0.0091,quote-bid,target moved 2733.1 -> 2733.2,055f10fd0dd4e72bd5896b0044a27029
2026-09-22T06:48:31.220Z,dry,ETH-USD,7,place,buy,2733.2,0.0091,quote-bid,back off: book leaning down,32eb3a7c0c8e5a148138bf2ccfa9de01
2026-09-22T06:48:33.227Z,dry,ETH-USD,7,cancel,buy,2733.2,0.0091,quote-bid,target moved 2733.2 -> 2733.1,32eb3a7c0c8e5a148138bf2ccfa9de01
2026-09-22T06:48:33.333Z,dry,ETH-USD,7,cancel,sell,2733.5,0.0091,quote-ask,target moved 2733.5 -> 2733.4,6032872ffa9378d84c39e89ed1c8d2d4
2026-09-22T06:48:33.441Z,dry,ETH-USD,7,place,buy,2733.1,0.0091,quote-bid,back off: book leaning down,63b5b1c6af763cbeb09df946b764d9d5
2026-09-22T06:48:33.549Z,dry,ETH-USD,7,place,sell,2733.4,0.0091,quote-ask,back off: holding inventory,225e5f9ac36b86c257f194af0ee3da15
2026-09-22T06:48:34.274Z,dry,ETH-USD,7,cancel,buy,2733.1,0.0091,quote-bid,target moved 2733.1 -> 2733.2,63b5b1c6af763cbeb09df946b764d9d5
2026-09-22T06:48:34.383Z,dry,ETH-USD,7,place,buy,2733.2,0.0091,quote-bid,rejoin best,1be81010409e07df6b7d4ebffbf6f723
2026-09-22T06:48:34.911Z,dry,ETH-USD,7,cancel,buy,2733.2,0.0091,quote-bid,target moved 2733.2 -> 2733.1,1be81010409e07df6b7d4ebffbf6f723
2026-09-22T06:48:35.004Z,dry,ETH-USD,7,place,buy,2733.1,0.0091,quote-bid,back off: book leaning down,85924772cf2edbb8df32bec39cd96bde
2026-09-22T06:48:40.371Z,dry,ETH-USD,7,cancel,buy,2733.1,0.0091,quote-bid,target moved 2733.1 -> 2733.2,85924772cf2edbb8df32bec39cd96bde
2026-09-22T06:48:40.466Z,dry,ETH-USD,7,place,buy,2733.2,0.0091,quote-bid,rejoin best,863b00a010615751f2aacf68d5d89fa2
2026-09-22T06:48:40.798Z,dry,ETH-USD,7,cancel,buy,2733.2,0.0091,quote-bid,target moved 2733.2 -> 2733.1,863b00a010615751f2aacf68d5d89fa2
2026-09-22T06:48:40.907Z,dry,ETH-USD,7,place,buy,2733.1,0.0091,quote-bid,back off: book leaning down,f86d9ee0cbcf66aa9a89f346a658f035
2026-09-22T06:48:44.604Z,dry,ETH-USD,7,cancel,buy,2733.1,0.0091,quote-bid,target moved 2733.1 -> 2733.2,f86d9ee0cbcf66aa9a89f346a658f035
2026-09-22T06:48:44.698Z,dry,ETH-USD,7,place,buy,2733.2,0.0091,quote-bid,rejoin best,729f9f080a5970946d69992dac7d66b9
2026-09-22T06:48:45.017Z,dry,ETH-USD,7,cancel,buy,2733.2,0.0091,quote-bid,target moved 2733.2 -> 2733.1,729f9f080a5970946d69992dac7d66b9
2026-09-22T06:48:45.125Z,dry,ETH-USD,7,place,buy,2733.1,0.0091,quote-bid,back off: book leaning down,816ec82c3b57259e2d7a5e970eb73984
2026-09-22T06:48:48.603Z,dry,ETH-USD,7,cancel,buy,2733.1,0.0091,quote-bid,target moved 2733.1 -> 2733.2,816ec82c3b57259e2d7a5e970eb73984
2026-09-22T06:48:48.697Z,dry,ETH-USD,7,place,buy,2733.2,0.0091,quote-bid,rejoin best,1d55bb37123f75ee49c136cdce824789
2026-09-22T06:48:49.028Z,dry,ETH-USD,7,cancel,buy,2733.2,0.0091,quote-bid,target moved 2733.2 -> 2733.1,1d55bb37123f75ee49c136cdce824789
2026-09-22T06:48:49.123Z,dry,ETH-USD,7,place,buy,2733.1,0.0091,quote-bid,back off: book leaning down,ec1caa5a891d4faaede42a390f86ac64
2026-09-22T06:48:50.701Z,dry,BTC-USD,6,place,sell,85418,0.00029,quote-ask,back off: holding back-off,c8d612e41b4b76e9c5850c9b9fd14210
2026-09-22T06:48:50.787Z,dry,ETH-USD,7,cancel,sell,2733.4,0.0091,quote-ask,target moved 2733.4 -> 2733.6,225e5f9ac36b86c257f194af0ee3da15
2026-09-22T06:48:50.909Z,dry,ETH-USD,7,place,sell,2733.6,0.0091,quote-ask,back off: holding inventory,0f678a985f35d192e82feaed5a249ae5
2026-09-22T06:48:51.121Z,dry,BTC-USD,6,cancel,buy,85407,0.00029,quote-bid,target moved 85407 -> 85415,76aaae2d229413ca78bfdf9a9d21359f
2026-09-22T06:48:51.232Z,dry,BTC-USD,6,place,buy,85415,0.00029,quote-bid,back off: holding back-off,1044583dec07f66a6945670dbd40431c
2026-09-22T06:48:51.348Z,dry,ETH-USD,7,cancel,sell,2733.6,0.0091,quote-ask,target moved 2733.6 -> 2733.4,0f678a985f35d192e82feaed5a249ae5
2026-09-22T06:48:51.461Z,dry,ETH-USD,7,place,sell,2733.4,0.0091,quote-ask,back off: holding inventory,bd2a850b64aa5dc8ec382eb0a45e54c7
2026-09-22T06:48:51.761Z,dry,BTC-USD,6,cancel,buy,85415,0.00029,quote-bid,target moved 85415 -> 85416,1044583dec07f66a6945670dbd40431c
2026-09-22T06:48:51.850Z,dry,BTC-USD,6,place,buy,85416,0.00029,quote-bid,rejoin best,e7a1a095b127d8d775348a4050cb15fc
2026-09-22T06:48:53.650Z,dry,BTC-USD,6,place,sell,85428,0.00029,quote-ask,back off: holding inventory,d217f11498f1ef7c7feeb40747996bbc
2026-09-22T06:48:54.064Z,dry,BTC-USD,6,cancel,buy,85416,0.00029,quote-bid,target moved 85416 -> 85425,e7a1a095b127d8d775348a4050cb15fc
2026-09-22T06:48:54.171Z,dry,BTC-USD,6,place,buy,85425,0.00029,quote-bid,back off: book leaning down,ebd2b2d41fe97d3a03ab275604a74eb7
2026-09-22T06:48:55.126Z,dry,BTC-USD,6,cancel,buy,85425,0.00029,quote-bid,target moved 85425 -> 85426,ebd2b2d41fe97d3a03ab275604a74eb7
2026-09-22T06:48:55.235Z,dry,BTC-USD,6,place,buy,85426,0.00029,quote-bid,rejoin best,745a8a4387e4334da281555ffe19851d
2026-09-22T06:48:56.580Z,dry,ETH-USD,7,cancel,buy,2733.1,0.0091,quote-bid,target moved 2733.1 -> 2733.5,ec1caa5a891d4faaede42a390f86ac64
2026-09-22T06:48:56.695Z,dry,ETH-USD,7,place,buy,2733.5,0.0091,quote-bid,back off: holding back-off,1e6d280e1c746de4b8db7e82a49d0899
2026-09-22T06:48:57.006Z,dry,BTC-USD,6,place,sell,85437,0.00029,quote-ask,back off: book leaning up,bc7eae032e328baabb681ce0ccdf2c97
2026-09-22T06:48:57.639Z,dry,ETH-USD,7,cancel,buy,2733.5,0.0091,quote-bid,target moved 2733.5 -> 2734.2,1e6d280e1c746de4b8db7e82a49d0899
2026-09-22T06:48:57.750Z,dry,ETH-USD,7,place,buy,2734.2,0.0091,quote-bid,back off: book leaning down,c6b41d2a70548af9b9d4958681ee1f3d
2026-09-22T06:48:58.062Z,dry,BTC-USD,6,cancel,buy,85426,0.00029,quote-bid,target moved 85426 -> 85443,745a8a4387e4334da281555ffe19851d
2026-09-22T06:48:58.169Z,dry,BTC-USD,6,place,buy,85443,0.00029,quote-bid,rejoin best,603e80d884bcaab76b57ea95c8733427
2026-09-22T06:48:58.696Z,dry,ETH-USD,7,cancel,buy,2734.2,0.0091,quote-bid,target moved 2734.2 -> 2734.3,c6b41d2a70548af9b9d4958681ee1f3d
2026-09-22T06:48:58.821Z,dry,ETH-USD,7,place,buy,2734.3,0.0091,quote-bid,rejoin best,a2b059bd6c5fd26d52964d1f85c5003e
2026-09-22T06:48:59.113Z,dry,ETH-USD,7,cancel,buy,2734.3,0.0091,quote-bid,target moved 2734.3 -> 2734.2,a2b059bd6c5fd26d52964d1f85c5003e
2026-09-22T06:48:59.233Z,dry,ETH-USD,7,place,buy,2734.2,0.0091,quote-bid,back off: book leaning down,b8d021334c2814f5ad8359b0e5c8a764
2026-09-22T06:49:02.869Z,dry,ETH-USD,7,place,buy,2733.9,0.0091,quote-bid,back off: book leaning down,9a82f4459c86d82c795e8c1dcdb6d9c4
2026-09-22T06:49:02.966Z,dry,ETH-USD,7,place,sell,2734.2,0.0091,quote-ask,back off: holding inventory,2a68bb85e5428c7eb237ee4ece640813
2026-09-22T06:49:03.505Z,dry,ETH-USD,7,cancel,buy,2733.9,0.0091,quote-bid,target moved 2733.9 -> 2733.8,9a82f4459c86d82c795e8c1dcdb6d9c4
2026-09-22T06:49:03.597Z,dry,ETH-USD,7,cancel,sell,2734.2,0.0091,quote-ask,target moved 2734.2 -> 2734.1,2a68bb85e5428c7eb237ee4ece640813
2026-09-22T06:49:03.705Z,dry,ETH-USD,7,place,buy,2733.8,0.0091,quote-bid,back off: holding back-off,a6573dae6d546083499f1e2eb5fe46dd
2026-09-22T06:49:03.796Z,dry,ETH-USD,7,place,sell,2734.1,0.0091,quote-ask,back off: holding inventory,d8687033519471175f4b03aaefbf3b94
2026-09-22T06:49:03.915Z,dry,ETH-USD,7,cancel,buy,2733.8,0.0091,quote-bid,target moved 2733.8 -> 2733.9,a6573dae6d546083499f1e2eb5fe46dd
2026-09-22T06:49:04.025Z,dry,ETH-USD,7,place,buy,2733.9,0.0091,quote-bid,rejoin best,0cbb525ccf3218db9f4f226b79e0b2fd
2026-09-22T06:49:05.789Z,dry,ETH-USD,7,cancel,buy,2733.9,0.0091,quote-bid,flatten owns instrument,0cbb525ccf3218db9f4f226b79e0b2fd
2026-09-22T06:49:05.879Z,dry,ETH-USD,7,cancel,sell,2734.1,0.0091,quote-ask,flatten owns instrument,d8687033519471175f4b03aaefbf3b94
2026-09-22T06:49:05.987Z,dry,ETH-USD,7,place,buy,2733.9,0.0182,flatten-post,passive exit,856999d49dac831a599055e5907e97e4
2026-09-22T06:49:08.921Z,dry,BTC-USD,6,place,buy,85432,0.00029,quote-bid,join best,2dd91dfc8341fd8697e6619861c5fabf
2026-09-22T06:49:09.004Z,dry,BTC-USD,6,place,sell,85440,0.00029,quote-ask,back off: holding inventory,9b3096fb063cc00efa35ff8a12bedd7a
2026-09-22T06:49:09.114Z,dry,ETH-USD,7,place,buy,2733.5,0.0091,quote-bid,back off: book leaning down,51049071f7e64d59f9ac6f0c1f18999e
2026-09-22T06:49:09.220Z,dry,ETH-USD,7,place,sell,2733.8,0.0091,quote-ask,back off: aggressive buying,ef811d9d9a6301ca03ce02f02cdbd34b
2026-09-22T06:49:09.753Z,dry,BTC-USD,6,cancel,sell,85440,0.00029,quote-ask,target moved 85440 -> 85435,9b3096fb063cc00efa35ff8a12bedd7a
2026-09-22T06:49:09.863Z,dry,BTC-USD,6,place,sell,85435,0.00029,quote-ask,back off: holding inventory,10de3a75d2208c6d001d3a1caae4add4
2026-09-22T06:49:10.814Z,dry,ETH-USD,7,cancel,buy,2733.5,0.0091,quote-bid,target moved 2733.5 -> 2733.6,51049071f7e64d59f9ac6f0c1f18999e
2026-09-22T06:49:10.907Z,dry,ETH-USD,7,place,buy,2733.6,0.0091,quote-bid,rejoin best,120add8fb09bf9792e4aa5112e9585c6
2026-09-22T06:49:11.446Z,dry,ETH-USD,7,cancel,buy,2733.6,0.0091,quote-bid,target moved 2733.6 -> 2733.5,120add8fb09bf9792e4aa5112e9585c6
2026-09-22T06:49:11.531Z,dry,ETH-USD,7,place,buy,2733.5,0.0091,quote-bid,back off: book leaning down,a6d9725b671444c2d78ffe734288861c
2026-09-22T06:49:13.334Z,dry,ETH-USD,7,cancel,sell,2733.8,0.0091,quote-ask,target moved 2733.8 -> 2733.7,ef811d9d9a6301ca03ce02f02cdbd34b
2026-09-22T06:49:13.428Z,dry,ETH-USD,7,place,sell,2733.7,0.0091,quote-ask,rejoin best,d2e42bd92a72f14a130b55fcd8270bcf
2026-09-22T06:49:15.025Z,dry,BTC-USD,6,place,buy,85430,0.00029,quote-bid,back off: holding back-off,211f71ad462af0d58d9135549eb16949
2026-09-22T06:49:15.236Z,dry,ETH-USD,7,cancel,buy,2733.5,0.0091,quote-bid,target moved 2733.5 -> 2733.4,a6d9725b671444c2d78ffe734288861c
2026-09-22T06:49:15.343Z,dry,ETH-USD,7,cancel,sell,2733.7,0.0091,quote-ask,target moved 2733.7 -> 2733.6,d2e42bd92a72f14a130b55fcd8270bcf
2026-09-22T06:49:15.465Z,dry,ETH-USD,7,place,buy,2733.4,0.0091,quote-bid,back off: holding back-off,ec3fc23344ae8e804b3713441e669f5f
2026-09-22T06:49:15.551Z,dry,ETH-USD,7,place,sell,2733.6,0.0091,quote-ask,rejoin best,1122f87ead0433e0532ece0d8d364c75
2026-09-22T06:49:15.852Z,dry,BTC-USD,6,place,buy,85419,0.00029,quote-bid,join best,abf74e195b6ec45436e856f062e8e33e
2026-09-22T06:49:15.965Z,dry,ETH-USD,7,place,buy,2732.9,0.0091,quote-bid,back off: book leaning down,5d47195d3c6a42c3beff23803c23267e
2026-09-22T06:49:16.267Z,dry,BTC-USD,6,cancel,sell,85435,0.00029,quote-ask,target moved 85435 -> 85421,10de3a75d2208c6d001d3a1caae4add4
2026-09-22T06:49:16.389Z,dry,BTC-USD,6,place,sell,85421,0.00029,quote-ask,back off: book leaning up,572a6229dd5bf09cace93144cf85320d
2026-09-22T06:49:16.495Z,dry,ETH-USD,7,cancel,sell,2733.6,0.0091,quote-ask,target moved 2733.6 -> 2733.1,1122f87ead0433e0532ece0d8d364c75
2026-09-22T06:49:16.603Z,dry,ETH-USD,7,place,sell,2733.1,0.0091,quote-ask,rejoin best,4452a5b4449e0eb79bdc1c656d1fcb94
2026-09-22T06:49:17.302Z,dry,BTC-USD,6,cancel,sell,85421,0.00029,quote-ask,target moved 85421 -> 85420,572a6229dd5bf09cace93144cf85320d
2026-09-22T06:49:17.409Z,dry,BTC-USD,6,place,sell,85420,0.00029,quote-ask,rejoin best,3657d4f173cb0f1244dc6554398d65a6
2026-09-22T06:49:17.514Z,dry,ETH-USD,7,cancel,buy,2732.9,0.0091,quote-bid,target moved 2732.9 -> 2733,5d47195d3c6a42c3beff23803c23267e
2026-09-22T06:49:17.622Z,dry,ETH-USD,7,place,buy,2733,0.0091,quote-bid,back off: aggressive selling,926fc569107b999df25a3458970aaeac
2026-09-22T06:49:17.730Z,dry,ETH-USD,7,place,sell,2733.3,0.0091,quote-ask,back off: book leaning up,570c8bc5ee4d4abd59fa095a58388014
2026-09-22T06:49:18.350Z,dry,ETH-USD,7,place,sell,2733.7,0.0091,quote-ask,back off: holding inventory,c79d7e94eb110343269ed7e1ae21a6b6
2026-09-22T06:49:18.548Z,dry,BTC-USD,6,cancel,sell,85420,0.00029,quote-ask,target moved 85420 -> 85421,3657d4f173cb0f1244dc6554398d65a6
2026-09-22T06:49:18.660Z,dry,BTC-USD,6,place,sell,85421,0.00029,quote-ask,back off: book leaning up,0b91476f8d504b82f7b73b68bd6b364b
2026-09-22T06:49:18.948Z,dry,ETH-USD,7,cancel,buy,2733,0.0091,quote-bid,target moved 2733 -> 2733.4,926fc569107b999df25a3458970aaeac
2026-09-22T06:49:19.058Z,dry,ETH-USD,7,place,buy,2733.4,0.0091,quote-bid,back off: book leaning down,60ec7c5a0e00f4eb144b6a68662120bc
2026-09-22T06:49:19.365Z,dry,BTC-USD,6,place,buy,85418,0.00029,quote-bid,back off: aggressive selling,b3ce0fb8a7379e660eafe1f14eb29465
2026-09-22T06:49:20.001Z,dry,BTC-USD,6,cancel,sell,85421,0.00029,quote-ask,target moved 85421 -> 85420,0b91476f8d504b82f7b73b68bd6b364b
2026-09-22T06:49:20.110Z,dry,BTC-USD,6,place,sell,85420,0.00029,quote-ask,rejoin best,62195478ac4e84e7a13354b8eb9c31e0
2026-09-22T06:49:21.682Z,dry,ETH-USD,7,place,buy,2733.2,0.0091,quote-bid,back off: holding back-off,4bb2c039d9d0128e0be0f5323ee24804
2026-09-22T06:49:22.092Z,dry,ETH-USD,7,cancel,sell,2733.7,0.0091,quote-ask,target moved 2733.7 -> 2733.5,c79d7e94eb110343269ed7e1ae21a6b6
2026-09-22T06:49:22.201Z,dry,ETH-USD,7,place,sell,2733.5,0.0091,quote-ask,back off: book leaning up,01b16b9d4f1297a353dc462c807a2950
2026-09-22T06:49:22.521Z,dry,ETH-USD,7,cancel,buy,2733.2,0.0091,quote-bid,target moved 2733.2 -> 2733.3,4bb2c039d9d0128e0be0f5323ee24804
2026-09-22T06:49:22.627Z,dry,ETH-USD,7,place,buy,2733.3,0.0091,quote-bid,rejoin best,de81d9569f4cd96bb98699563ef58e12
2026-09-22T06:49:25.253Z,dry,ETH-USD,7,place,sell,2733.9,0.0091,quote-ask,back off: holding inventory,82454d0649baaf11e077a2ea1b48fe47
2026-09-22T06:49:25.663Z,dry,BTC-USD,6,cancel,sell,85420,0.00029,quote-ask,target moved 85420 -> 85421,62195478ac4e84e7a13354b8eb9c31e0
2026-09-22T06:49:25.786Z,dry,BTC-USD,6,place,sell,85421,0.00029,quote-ask,back off: book leaning up,7391e119b7c6c570783a0be2f3cbf420
2026-09-22T06:49:25.905Z,dry,BTC-USD,6,reject,sell,85421,0.00029,quote-ask,post only order would cross,7391e119b7c6c570783a0be2f3cbf420
2026-09-22T06:49:26.089Z,dry,BTC-USD,6,place,sell,85426,0.00029,quote-ask,back off: book leaning up,bf1f36a7aea08b767bb656f785e21660
2026-09-22T06:49:26.221Z,dry,ETH-USD,7,cancel,buy,2733.3,0.0091,quote-bid,target moved 2733.3 -> 2733.7,de81d9569f4cd96bb98699563ef58e12
2026-09-22T06:49:26.348Z,dry,ETH-USD,7,cancel,sell,2733.9,0.0091,quote-ask,target moved 2733.9 -> 2734,82454d0649baaf11e077a2ea1b48fe47
2026-09-22T06:49:26.472Z,dry,ETH-USD,7,place,buy,2733.7,0.0091,quote-bid,back off: holding back-off,3eae5b2daf351966e553746b174ba67f
2026-09-22T06:49:26.590Z,dry,ETH-USD,7,place,sell,2734,0.0091,quote-ask,back off: holding inventory,3fa878b05435e4825a245028a861e43f
2026-09-22T06:49:26.908Z,dry,BTC-USD,6,cancel,buy,85418,0.00029,quote-bid,target moved 85418 -> 85423,b3ce0fb8a7379e660eafe1f14eb29465
2026-09-22T06:49:27.015Z,dry,BTC-USD,6,place,buy,85423,0.00029,quote-bid,back off: holding inventory,7f5f7641edde8b82bc58bc4f33e37897
2026-09-22T06:49:27.333Z,dry,ETH-USD,7,cancel,buy,2733.7,0.0091,quote-bid,target moved 2733.7 -> 2733.8,3eae5b2daf351966e553746b174ba67f
2026-09-22T06:49:27.486Z,dry,ETH-USD,7,cancel,sell,2734,0.0091,quote-ask,target moved 2734 -> 2734.1,3fa878b05435e4825a245028a861e43f
2026-09-22T06:49:27.594Z,dry,ETH-USD,7,place,buy,2733.8,0.0091,quote-bid,back off: book leaning down,d77e1548353c3c8e5222140b081afff0
2026-09-22T06:49:27.717Z,dry,ETH-USD,7,place,sell,2734.1,0.0091,quote-ask,back off: holding inventory,c84611400df994a52557692e4e3cae6f
2026-09-22T06:49:31.487Z,dry,ETH-USD,7,cancel,buy,2733.8,0.0091,quote-bid,target moved 2733.8 -> 2733.7,d77e1548353c3c8e5222140b081afff0
2026-09-22T06:49:31.579Z,dry,ETH-USD,7,cancel,sell,2734.1,0.0091,quote-ask,target moved 2734.1 -> 2734,c84611400df994a52557692e4e3cae6f
2026-09-22T06:49:31.702Z,dry,ETH-USD,7,place,buy,2733.7,0.0091,quote-bid,back off: holding back-off,0c46f9c14bae0e26dce77264f240ed15
2026-09-22T06:49:31.792Z,dry,ETH-USD,7,place,sell,2734,0.0091,quote-ask,back off: holding inventory,da1c5b75da35790638a09d170605cf92
2026-09-22T06:49:37.133Z,dry,ETH-USD,7,place,buy,2733.5,0.0091,quote-bid,back off: book leaning down,857c0566aac3689af522640370beede6
2026-09-22T06:49:37.553Z,dry,ETH-USD,7,cancel,sell,2734,0.0091,quote-ask,target moved 2734 -> 2733.8,da1c5b75da35790638a09d170605cf92
2026-09-22T06:49:37.662Z,dry,ETH-USD,7,place,sell,2733.8,0.0091,quote-ask,back off: holding back-off,9f0ce7c1ec57be6864ad96b895911183
2026-09-22T06:49:37.979Z,dry,ETH-USD,7,place,buy,2733.3,0.0091,quote-bid,back off: book leaning down,2b7dcdbb72b06a0e447c4647a5e8b668
2026-09-22T06:49:38.614Z,dry,BTC-USD,6,cancel,sell,85426,0.00029,quote-ask,target moved 85426 -> 85425,bf1f36a7aea08b767bb656f785e21660
2026-09-22T06:49:38.737Z,dry,BTC-USD,6,place,sell,85425,0.00029,quote-ask,rejoin best,3f964156a830a0e8fc6f3c420ec88c1b
2026-09-22T06:49:39.037Z,dry,ETH-USD,7,cancel,buy,2733.3,0.0091,quote-bid,target moved 2733.3 -> 2733.2,2b7dcdbb72b06a0e447c4647a5e8b668
2026-09-22T06:49:39.156Z,dry,ETH-USD,7,cancel,sell,2733.8,0.0091,quote-ask,target moved 2733.8 -> 2733.5,9f0ce7c1ec57be6864ad96b895911183
2026-09-22T06:49:39.300Z,dry,ETH-USD,7,place,buy,2733.2,0.0091,quote-bid,back off: holding inventory,2c1b8983f1f16045fb036f1d90c01c95
2026-09-22T06:49:39.482Z,dry,ETH-USD,7,place,sell,2733.5,0.0091,quote-ask,back off: book leaning up,826042f8214f3c4671fb1a458945f0b3
2026-09-22T06:49:48.221Z,dry,ETH-USD,7,place,buy,2733,0.0091,quote-bid,back off: aggressive selling,e4f48b2b1f452863373bf92031bdee1f
2026-09-22T06:49:48.646Z,dry,ETH-USD,7,cancel,sell,2733.5,0.0091,quote-ask,target moved 2733.5 -> 2733.3,826042f8214f3c4671fb1a458945f0b3
2026-09-22T06:49:48.750Z,dry,ETH-USD,7,place,sell,2733.3,0.0091,quote-ask,back off: holding back-off,f1c22f6a8284d2d1e1e98ff79b1fad5c
2026-09-22T06:49:49.049Z,dry,ETH-USD,7,cancel,sell,2733.3,0.0091,quote-ask,target moved 2733.3 -> 2733.2,f1c22f6a8284d2d1e1e98ff79b1fad5c
2026-09-22T06:49:49.134Z,dry,ETH-USD,7,place,sell,2733.2,0.0091,quote-ask,rejoin best,7a857bca99b5979789fd29fa7ed8a15e
2026-09-22T06:49:49.466Z,dry,ETH-USD,7,cancel,buy,2733,0.0091,quote-bid,target moved 2733 -> 2732.9,e4f48b2b1f452863373bf92031bdee1f
2026-09-22T06:49:49.576Z,dry,ETH-USD,7,place,buy,2732.9,0.0091,quote-bid,back off: book leaning down,1c49a22fef6981ec78c13d7706691ed3
2026-09-22T06:49:49.892Z,dry,ETH-USD,7,cancel,sell,2733.2,0.0091,quote-ask,target moved 2733.2 -> 2733.1,7a857bca99b5979789fd29fa7ed8a15e
2026-09-22T06:49:50.017Z,dry,ETH-USD,7,place,sell,2733.1,0.0091,quote-ask,rejoin best,7f504dbdf94c42812deb48b6cf180d01
2026-09-22T06:49:54.913Z,dry,ETH-USD,7,place,sell,2733.4,0.0091,quote-ask,back off: book leaning up,423bcbaef223fd7dc14ce24f2a753445
2026-09-22T06:49:55.335Z,dry,ETH-USD,7,cancel,buy,2732.9,0.0091,quote-bid,target moved 2732.9 -> 2733.1,1c49a22fef6981ec78c13d7706691ed3
2026-09-22T06:49:55.428Z,dry,ETH-USD,7,place,buy,2733.1,0.0091,quote-bid,back off: holding inventory,c4217a36aec38fc67667f7071fa0ffeb
2026-09-22T06:49:55.950Z,dry,ETH-USD,7,place,sell,2733.6,0.0091,quote-ask,back off: holding back-off,e158d3ec33df9a9f3f47091482ef6b8e
2026-09-22T06:49:56.348Z,dry,ETH-USD,7,cancel,buy,2733.1,0.0091,quote-bid,target moved 2733.1 -> 2733.3,c4217a36aec38fc67667f7071fa0ffeb
2026-09-22T06:49:56.443Z,dry,ETH-USD,7,place,buy,2733.3,0.0091,quote-bid,back off: book leaning down,eb1c744f9b30b2dd930227a5c86cef0e
2026-09-22T06:49:56.747Z,dry,ETH-USD,7,cancel,sell,2733.6,0.0091,quote-ask,target moved 2733.6 -> 2733.5,e158d3ec33df9a9f3f47091482ef6b8e
2026-09-22T06:49:56.868Z,dry,ETH-USD,7,place,sell,2733.5,0.0091,quote-ask,rejoin best,bbb23177fd14d6ec576bb8bbe474edd2
2026-09-22T06:50:00.299Z,dry,ETH-USD,7,place,buy,2732.6,0.0091,quote-bid,back off: book leaning down,dd00594233ca94d5f8ade7f9b62db00f
2026-09-22T06:50:00.722Z,dry,ETH-USD,7,cancel,sell,2733.5,0.0091,quote-ask,target moved 2733.5 -> 2732.8,bbb23177fd14d6ec576bb8bbe474edd2
2026-09-22T06:50:00.833Z,dry,ETH-USD,7,place,sell,2732.8,0.0091,quote-ask,rejoin best,da9f32b23cd81e2c88c709bb4091434f
2026-09-22T06:50:01.554Z,dry,ETH-USD,7,place,buy,2732,0.0091,quote-bid,back off: holding inventory,1dfd5120d3e02586626a21094ff89f7b
2026-09-22T06:50:01.950Z,dry,ETH-USD,7,cancel,sell,2732.8,0.0091,quote-ask,target moved 2732.8 -> 2732.3,da9f32b23cd81e2c88c709bb4091434f
2026-09-22T06:50:02.074Z,dry,ETH-USD,7,place,sell,2732.3,0.0091,quote-ask,back off: book leaning up,2c8398ca383b913c8e0a46dd559b981a
2026-09-22T06:50:02.358Z,dry,BTC-USD,6,place,buy,85419,0.00029,quote-bid,back off: holding inventory,f2c2d66fecc7331226f0bd63252a6498
2026-09-22T06:50:03.196Z,dry,BTC-USD,6,cancel,sell,85425,0.00029,quote-ask,target moved 85425 -> 85420,3f964156a830a0e8fc6f3c420ec88c1b
2026-09-22T06:50:03.336Z,dry,BTC-USD,6,place,sell,85420,0.00029,quote-ask,back off: holding back-off,83e007276968baac1f6d8d53ce9453b7
2026-09-22T06:50:03.621Z,dry,BTC-USD,6,cancel,sell,85420,0.00029,quote-ask,target moved 85420 -> 85419,83e007276968baac1f6d8d53ce9453b7
2026-09-22T06:50:03.715Z,dry,BTC-USD,6,place,sell,85419,0.00029,quote-ask,rejoin best,68be57f8886d39662bf033fbf8bb8176
2026-09-22T06:50:09.708Z,dry,BTC-USD,6,cancel,sell,85419,0.00029,quote-ask,target moved 85419 -> 85420,68be57f8886d39662bf033fbf8bb8176
2026-09-22T06:50:09.801Z,dry,BTC-USD,6,place,sell,85420,0.00029,quote-ask,back off: book leaning up,4bf0f7123954ce1a814d47eef3d1a675
2026-09-22T06:50:11.167Z,dry,ETH-USD,7,place,sell,2732.7,0.0091,quote-ask,back off: holding back-off,60eb5002ba80eeb4f4b0d2c618c7d850
2026-09-22T06:50:11.576Z,dry,ETH-USD,7,cancel,buy,2732,0.0091,quote-bid,target moved 2732 -> 2732.4,1dfd5120d3e02586626a21094ff89f7b
2026-09-22T06:50:11.669Z,dry,ETH-USD,7,place,buy,2732.4,0.0091,quote-bid,back off: holding inventory,ec51c8ebedbd593697b70d333a308bfa
2026-09-22T06:50:12.198Z,dry,ETH-USD,7,place,sell,2733.1,0.0091,quote-ask,join best,23991163aa1763000b0f595562f1e26e
2026-09-22T06:50:12.818Z,dry,BTC-USD,6,place,buy,85440,0.00029,quote-bid,back off: holding inventory,c9b2f27c5952696c8450fe79f2e25752
2026-09-22T06:50:12.912Z,dry,BTC-USD,6,place,sell,85443,0.00029,quote-ask,back off: holding back-off,61cb0067fa4092daa22f6b360f90e197
2026-09-22T06:50:13.035Z,dry,ETH-USD,7,place,sell,2734.1,0.0091,quote-ask,back off: holding inventory,e8cc6b1e00f9ec015a9b637e26af4654
2026-09-22T06:50:13.648Z,dry,ETH-USD,7,cancel,buy,2732.4,0.0091,quote-bid,target moved 2732.4 -> 2733.8,ec51c8ebedbd593697b70d333a308bfa
2026-09-22T06:50:13.757Z,dry,ETH-USD,7,place,buy,2733.8,0.0091,quote-bid,back off: book leaning down,37e715d5ffa881da3d958821a2948b06
2026-09-22T06:50:14.485Z,dry,ETH-USD,7,cancel,buy,2733.8,0.0091,quote-bid,target moved 2733.8 -> 2733.7,37e715d5ffa881da3d958821a2948b06
2026-09-22T06:50:14.577Z,dry,ETH-USD,7,cancel,sell,2734.1,0.0091,quote-ask,target moved 2734.1 -> 2734,e8cc6b1e00f9ec015a9b637e26af4654
2026-09-22T06:50:14.732Z,dry,ETH-USD,7,place,buy,2733.7,0.0091,quote-bid,back off: book leaning down,8c6f014d1120bccc65036795311bd4d3
2026-09-22T06:50:14.851Z,dry,ETH-USD,7,place,sell,2734,0.0091,quote-ask,back off: holding inventory,00b691b50ef1b74b94a3828e445b3c33
2026-09-22T06:50:16.395Z,dry,BTC-USD,6,cancel,sell,85443,0.00029,quote-ask,target moved 85443 -> 85442,61cb0067fa4092daa22f6b360f90e197
2026-09-22T06:50:16.488Z,dry,BTC-USD,6,place,sell,85442,0.00029,quote-ask,rejoin best,2e0cf0b681f471b4c62f06c0cfb355e6
2026-09-22T06:50:17.450Z,dry,ETH-USD,7,place,buy,2733.1,0.0091,quote-bid,back off: holding back-off,a0fc9e587f1c92e932592f92e611c0fe
2026-09-22T06:50:17.865Z,dry,ETH-USD,7,cancel,sell,2734,0.0091,quote-ask,target moved 2734 -> 2733.6,00b691b50ef1b74b94a3828e445b3c33
2026-09-22T06:50:17.959Z,dry,ETH-USD,7,place,sell,2733.6,0.0091,quote-ask,back off: holding back-off,0f8a3052ea5c6a9d686b0f2ad566d61a
2026-09-22T06:50:18.291Z,dry,ETH-USD,7,cancel,buy,2733.1,0.0091,quote-bid,target moved 2733.1 -> 2733.4,a0fc9e587f1c92e932592f92e611c0fe
2026-09-22T06:50:18.385Z,dry,ETH-USD,7,cancel,sell,2733.6,0.0091,quote-ask,target moved 2733.6 -> 2733.5,0f8a3052ea5c6a9d686b0f2ad566d61a
2026-09-22T06:50:18.504Z,dry,ETH-USD,7,place,buy,2733.4,0.0091,quote-bid,rejoin best,fe125e0207c67ca597a82a99253419cd
2026-09-22T06:50:18.599Z,dry,ETH-USD,7,place,sell,2733.5,0.0091,quote-ask,rejoin best,667b8205ed63f2fd8974745c8d964107
2026-09-22T06:50:19.353Z,dry,BTC-USD,6,cancel,buy,85440,0.00029,quote-bid,flatten owns instrument,c9b2f27c5952696c8450fe79f2e25752
2026-09-22T06:50:19.433Z,dry,BTC-USD,6,cancel,sell,85442,0.00029,quote-ask,flatten owns instrument,2e0cf0b681f471b4c62f06c0cfb355e6
2026-09-22T06:50:19.552Z,dry,BTC-USD,6,place,sell,85442,0.00058,flatten-post,passive exit,4be92b1c10dba5fd5f47646753235ba8
2026-09-22T06:50:20.851Z,dry,ETH-USD,7,place,sell,2733.9,0.0091,quote-ask,back off: book leaning up,af4c3394a9152e19bc2ff60f8f641504
2026-09-22T06:50:21.251Z,dry,ETH-USD,7,cancel,buy,2733.4,0.0091,quote-bid,target moved 2733.4 -> 2733.7,fe125e0207c67ca597a82a99253419cd
2026-09-22T06:50:21.349Z,dry,ETH-USD,7,place,buy,2733.7,0.0091,quote-bid,rejoin best,61e02b9c09d6bef0a511f902ed125bcf
2026-09-22T06:50:22.921Z,dry,ETH-USD,7,place,sell,2734.4,0.0091,quote-ask,back off: book leaning up,a615d302ffad76cab8b547240f59534b
2026-09-22T06:50:24.156Z,dry,ETH-USD,7,cancel,buy,2733.7,0.0091,quote-bid,target moved 2733.7 -> 2733.8,61e02b9c09d6bef0a511f902ed125bcf
2026-09-22T06:50:24.260Z,dry,ETH-USD,7,place,buy,2733.8,0.0091,quote-bid,back off: book leaning down,6064a8cee559fbe90d81f32f4bfe3fda
2026-09-22T06:50:24.567Z,dry,ETH-USD,7,cancel,sell,2734.4,0.0091,quote-ask,target moved 2734.4 -> 2734.1,a615d302ffad76cab8b547240f59534b
2026-09-22T06:50:24.692Z,dry,ETH-USD,7,place,sell,2734.1,0.0091,quote-ask,back off: holding inventory,e4b5c20e73dd950bb8fdb519c438a969
2026-09-22T06:50:31.035Z,dry,ETH-USD,7,place,buy,2733.6,0.0091,quote-bid,back off: holding back-off,dcaee0381e2b29cf9af2e7ed438b99ca
2026-09-22T06:50:31.437Z,dry,ETH-USD,7,cancel,sell,2734.1,0.0091,quote-ask,target moved 2734.1 -> 2733.9,e4b5c20e73dd950bb8fdb519c438a969
2026-09-22T06:50:31.568Z,dry,ETH-USD,7,place,sell,2733.9,0.0091,quote-ask,back off: book leaning up,389b90208f7456c32bb24a9346db2f71
2026-09-22T06:50:31.848Z,dry,BTC-USD,6,cancel,sell,85442,0.00058,flatten-post,re-peg flatten,4be92b1c10dba5fd5f47646753235ba8
2026-09-22T06:50:31.959Z,dry,ETH-USD,7,cancel,buy,2733.6,0.0091,quote-bid,target moved 2733.6 -> 2733.7,dcaee0381e2b29cf9af2e7ed438b99ca
2026-09-22T06:50:32.046Z,dry,ETH-USD,7,place,buy,2733.7,0.0091,quote-bid,rejoin best,8e6f0139486b879958875cd19317f01b
2026-09-22T06:50:32.252Z,dry,BTC-USD,6,place,sell,85440,0.00058,flatten-post,passive exit,fdbafaebb9039ff7f86f7f7521bfab3e
2026-09-22T06:50:33.310Z,dry,BTC-USD,6,cancel,sell,85440,0.00058,flatten-post,re-peg flatten,fdbafaebb9039ff7f86f7f7521bfab3e
2026-09-22T06:50:33.403Z,dry,ETH-USD,7,place,buy,2733.3,0.0091,quote-bid,back off: holding back-off,a71b2ac54ea8a2440094cf6e46a4ad19
2026-09-22T06:50:33.737Z,dry,BTC-USD,6,place,sell,85437,0.00058,flatten-post,passive exit,0889c1527ffea701e2569d491ac1eaef
2026-09-22T06:50:33.856Z,dry,ETH-USD,7,cancel,sell,2733.9,0.0091,quote-ask,target moved 2733.9 -> 2733.6,389b90208f7456c32bb24a9346db2f71
2026-09-22T06:50:33.966Z,dry,ETH-USD,7,place,sell,2733.6,0.0091,quote-ask,back off: holding back-off,cfe95c55f9418e4647dc7e6be9dc4cc1
2026-09-22T06:50:34.353Z,dry,BTC-USD,6,cancel,sell,85437,0.00058,flatten-post,flatten escalating to taker,0889c1527ffea701e2569d491ac1eaef
2026-09-22T06:50:34.469Z,dry,ETH-USD,7,place,sell,2733.8,0.0091,quote-ask,back off: holding inventory,4b09269af5161cfac78acefe69d4f919
2026-09-22T06:50:34.771Z,dry,ETH-USD,7,cancel,buy,2733.3,0.0091,quote-bid,target moved 2733.3 -> 2733.5,a71b2ac54ea8a2440094cf6e46a4ad19
2026-09-22T06:50:34.893Z,dry,ETH-USD,7,place,buy,2733.5,0.0091,quote-bid,back off: book leaning down,f341d159c5da3d8d8d613168ec648b66
2026-09-22T06:50:35.394Z,dry,BTC-USD,6,place,sell,85394,0.00058,flatten-ioc,taker exit (passive window elapsed),63af8e1cb5ccd9a731221a8c1d9ecdce
2026-09-22T06:50:35.607Z,dry,BTC-USD,6,place,buy,85436,0.00029,quote-bid,join best,a43fd3c64bb5a406b0053c13666e0320
2026-09-22T06:50:35.729Z,dry,BTC-USD,6,place,sell,85437,0.00029,quote-ask,join best,0bf93b0a16ab9507c2950feda9be2a0e
2026-09-22T06:50:36.027Z,dry,ETH-USD,7,cancel,buy,2733.5,0.0091,quote-bid,target moved 2733.5 -> 2733.6,f341d159c5da3d8d8d613168ec648b66
2026-09-22T06:50:36.135Z,dry,ETH-USD,7,place,buy,2733.6,0.0091,quote-bid,rejoin best,a7eea3f19220fe5eb18b826cdb2535d2
2026-09-22T06:50:36.849Z,dry,ETH-USD,7,cancel,buy,2733.6,0.0091,quote-bid,target moved 2733.6 -> 2733.5,a7eea3f19220fe5eb18b826cdb2535d2
2026-09-22T06:50:37.236Z,dry,ETH-USD,7,place,buy,2733.5,0.0091,quote-bid,back off: book leaning down,82aed8614613e6835c6c650e9192798e
2026-09-22T06:50:39.034Z,dry,BTC-USD,6,place,buy,85423,0.00029,quote-bid,back off: holding inventory,da0c94b1d0d34b333fd048ee1e49d49e
2026-09-22T06:50:39.448Z,dry,BTC-USD,6,cancel,sell,85437,0.00029,quote-ask,target moved 85437 -> 85426,0bf93b0a16ab9507c2950feda9be2a0e
2026-09-22T06:50:39.535Z,dry,BTC-USD,6,place,sell,85426,0.00029,quote-ask,back off: book leaning up,76a3f1d581024a3d2f2d41c191a4a97f
2026-09-22T06:50:39.850Z,dry,ETH-USD,7,cancel,buy,2733.5,0.0091,quote-bid,target moved 2733.5 -> 2733.6,82aed8614613e6835c6c650e9192798e
2026-09-22T06:50:39.973Z,dry,ETH-USD,7,place,buy,2733.6,0.0091,quote-bid,rejoin best,42fa4cb4f663c87315eec40b7529f202
2026-09-22T06:50:40.274Z,dry,ETH-USD,7,cancel,buy,2733.6,0.0091,quote-bid,target moved 2733.6 -> 2733.5,42fa4cb4f663c87315eec40b7529f202
2026-09-22T06:50:40.414Z,dry,ETH-USD,7,place,buy,2733.5,0.0091,quote-bid,back off: book leaning down,02a8c710e1a0becc474f29366ba121bf
2026-09-22T06:50:41.124Z,dry,ETH-USD,7,place,buy,2733.3,0.0091,quote-bid,back off: book leaning down,7387f67c891074f8153331b24058082b
2026-09-22T06:50:41.334Z,dry,ETH-USD,7,place,buy,2732.6,0.0091,quote-bid,back off: book leaning down,839df8e72fd7fe462c163a2997f1bb33
2026-09-22T06:50:41.748Z,dry,ETH-USD,7,cancel,sell,2733.8,0.0091,quote-ask,target moved 2733.8 -> 2733.2,4b09269af5161cfac78acefe69d4f919
2026-09-22T06:50:41.881Z,dry,ETH-USD,7,place,sell,2733.2,0.0091,quote-ask,back off: holding back-off,107319c4d45874341430171bc2c83875
2026-09-22T06:50:42.150Z,dry,ETH-USD,7,cancel,buy,2732.6,0.0091,quote-bid,target moved 2732.6 -> 2732.9,839df8e72fd7fe462c163a2997f1bb33
2026-09-22T06:50:42.258Z,dry,ETH-USD,7,cancel,sell,2733.2,0.0091,quote-ask,target moved 2733.2 -> 2733.1,107319c4d45874341430171bc2c83875
2026-09-22T06:50:42.373Z,dry,ETH-USD,7,place,buy,2732.9,0.0091,quote-bid,back off: book leaning down,a87f4d8cc8360c1615f821f7742aea10
2026-09-22T06:50:42.497Z,dry,ETH-USD,7,place,sell,2733.1,0.0091,quote-ask,rejoin best,61b4ecfbe87aa4fe755cf6c33e506a33
2026-09-22T06:50:42.771Z,dry,BTC-USD,6,place,buy,85415,0.00029,quote-bid,back off: holding inventory,8258bc3d0eb84437c9768629444a93d6
2026-09-22T06:50:43.192Z,dry,BTC-USD,6,cancel,sell,85426,0.00029,quote-ask,target moved 85426 -> 85417,76a3f1d581024a3d2f2d41c191a4a97f
2026-09-22T06:50:43.316Z,dry,BTC-USD,6,place,sell,85417,0.00029,quote-ask,rejoin best,2bd91454671c6be8528be064f294aeb7
2026-09-22T06:50:43.433Z,dry,ETH-USD,7,cancel,buy,2732.9,0.0091,quote-bid,target moved 2732.9 -> 2732.8,a87f4d8cc8360c1615f821f7742aea10
2026-09-22T06:50:43.555Z,dry,ETH-USD,7,cancel,sell,2733.1,0.0091,quote-ask,target moved 2733.1 -> 2733,61b4ecfbe87aa4fe755cf6c33e506a33
2026-09-22T06:50:43.671Z,dry,ETH-USD,7,place,buy,2732.8,0.0091,quote-bid,back off: holding inventory,767f67d5ea4c44d9e87c49f382da034e
2026-09-22T06:50:43.771Z,dry,ETH-USD,7,place,sell,2733,0.0091,quote-ask,rejoin best,c41560b5ba7447825d179d1412078580
2026-09-22T06:50:44.455Z,dry,BTC-USD,6,cancel,sell,85417,0.00029,quote-ask,target moved 85417 -> 85418,2bd91454671c6be8528be064f294aeb7
2026-09-22T06:50:44.568Z,dry,BTC-USD,6,place,sell,85418,0.00029,quote-ask,back off: book leaning up,91392c1fe2c02721f7793da275240558
2026-09-22T06:50:44.689Z,dry,ETH-USD,7,place,sell,2733.1,0.0091,quote-ask,join best,897c960e66c4a604889e744cad541878
2026-09-22T06:50:44.854Z,dry,ETH-USD,7,cancel,buy,2732.8,0.0091,quote-bid,target moved 2732.8 -> 2732.9,767f67d5ea4c44d9e87c49f382da034e
2026-09-22T06:50:44.963Z,dry,ETH-USD,7,place,buy,2732.9,0.0091,quote-bid,back off: book leaning down,5d8101aa3d25f568fa7a5a0b61f6e8b1
2026-09-22T06:50:49.050Z,dry,ETH-USD,7,place,sell,2733.4,0.0091,quote-ask,back off: holding inventory,a036dcecbc1cf8996d7b148efec1533c
2026-09-22T06:50:49.457Z,dry,ETH-USD,7,cancel,buy,2732.9,0.0091,quote-bid,target moved 2732.9 -> 2733.1,5d8101aa3d25f568fa7a5a0b61f6e8b1
2026-09-22T06:50:49.550Z,dry,ETH-USD,7,place,buy,2733.1,0.0091,quote-bid,back off: book leaning down,a47e6014132634695a136a0d120bcef6
2026-09-22T06:50:50.519Z,dry,ETH-USD,7,cancel,buy,2733.1,0.0091,quote-bid,target moved 2733.1 -> 2733,a47e6014132634695a136a0d120bcef6
2026-09-22T06:50:50.612Z,dry,ETH-USD,7,cancel,sell,2733.4,0.0091,quote-ask,target moved 2733.4 -> 2733.3,a036dcecbc1cf8996d7b148efec1533c
2026-09-22T06:50:50.758Z,dry,ETH-USD,7,place,buy,2733,0.0091,quote-bid,back off: book leaning down,23a7182d33ba8122308836845befebeb
2026-09-22T06:50:50.887Z,dry,ETH-USD,7,place,sell,2733.3,0.0091,quote-ask,back off: holding inventory,2b81239d359e885d83d5d2cf1a66eeed
2026-09-22T06:50:51.546Z,dry,ETH-USD,7,cancel,buy,2733,0.0091,quote-bid,target moved 2733 -> 2733.1,23a7182d33ba8122308836845befebeb
2026-09-22T06:50:51.664Z,dry,ETH-USD,7,place,buy,2733.1,0.0091,quote-bid,rejoin best,28197706084dfa9f7da846bc3b6369f6
2026-09-22T06:50:52.161Z,dry,ETH-USD,7,cancel,buy,2733.1,0.0091,quote-bid,target moved 2733.1 -> 2733,28197706084dfa9f7da846bc3b6369f6
2026-09-22T06:50:52.276Z,dry,ETH-USD,7,place,buy,2733,0.0091,quote-bid,back off: book leaning down,187a23a2141002508cbd17967032caea
2026-09-22T06:50:52.576Z,dry,ETH-USD,7,place,sell,2733.5,0.0091,quote-ask,back off: holding inventory,426c7c8ded85cf84c8ca68a728e5902a
2026-09-22T06:50:52.999Z,dry,ETH-USD,7,cancel,buy,2733,0.0091,quote-bid,target moved 2733 -> 2733.2,187a23a2141002508cbd17967032caea
2026-09-22T06:50:53.107Z,dry,ETH-USD,7,place,buy,2733.2,0.0091,quote-bid,back off: book leaning down,fd236708d276c578919eda3b65fb50f3
2026-09-22T06:50:53.846Z,dry,ETH-USD,7,cancel,buy,2733.2,0.0091,quote-bid,target moved 2733.2 -> 2733.1,fd236708d276c578919eda3b65fb50f3
2026-09-22T06:50:53.972Z,dry,ETH-USD,7,cancel,sell,2733.5,0.0091,quote-ask,target moved 2733.5 -> 2733.4,426c7c8ded85cf84c8ca68a728e5902a
2026-09-22T06:50:54.096Z,dry,ETH-USD,7,place,buy,2733.1,0.0091,quote-bid,back off: holding back-off,aa4454646907d5f953626baf8fc8e493
2026-09-22T06:50:54.217Z,dry,ETH-USD,7,place,sell,2733.4,0.0091,quote-ask,back off: holding inventory,4b6742c1fbfab6c4fb2bdfcc8e0e1f78
2026-09-22T06:50:57.347Z,dry,ETH-USD,7,cancel,buy,2733.1,0.0091,quote-bid,target moved 2733.1 -> 2733.2,aa4454646907d5f953626baf8fc8e493
2026-09-22T06:50:57.434Z,dry,ETH-USD,7,place,buy,2733.2,0.0091,quote-bid,rejoin best,378dd8e7cddd6541c6cf82aecb4eaaed
2026-09-22T06:50:58.375Z,dry,ETH-USD,7,place,buy,2732.3,0.0091,quote-bid,join best,89fb790b710e076ec1b054b205fc94c2
2026-09-22T06:50:58.800Z,dry,BTC-USD,6,cancel,sell,85418,0.00029,quote-ask,target moved 85418 -> 85409,91392c1fe2c02721f7793da275240558
2026-09-22T06:50:58.894Z,dry,BTC-USD,6,place,sell,85409,0.00029,quote-ask,back off: holding back-off,392c7abd5f3e0b17fa53e4a940ab8ef2
2026-09-22T06:50:59.225Z,dry,BTC-USD,6,cancel,sell,85409,0.00029,quote-ask,target moved 85409 -> 85408,392c7abd5f3e0b17fa53e4a940ab8ef2
2026-09-22T06:50:59.335Z,dry,BTC-USD,6,place,sell,85408,0.00029,quote-ask,rejoin best,8d9992d7283d2c8a1c35e26f605622a8
2026-09-22T06:50:59.454Z,dry,ETH-USD,7,cancel,buy,2732.3,0.0091,quote-bid,target moved 2732.3 -> 2732.6,89fb790b710e076ec1b054b205fc94c2
2026-09-22T06:50:59.561Z,dry,ETH-USD,7,cancel,sell,2733.4,0.0091,quote-ask,target moved 2733.4 -> 2732.9,4b6742c1fbfab6c4fb2bdfcc8e0e1f78
2026-09-22T06:50:59.683Z,dry,ETH-USD,7,place,buy,2732.6,0.0091,quote-bid,back off: book leaning down,aba7af367143b995732f46f828757591
2026-09-22T06:50:59.805Z,dry,ETH-USD,7,place,sell,2732.9,0.0091,quote-ask,back off: holding inventory,842a85bb4e596f69bd93ebb8aaf4af19
2026-09-22T06:51:00.505Z,dry,ETH-USD,7,cancel,buy,2732.6,0.0091,quote-bid,target moved 2732.6 -> 2732.8,aba7af367143b995732f46f828757591
2026-09-22T06:51:00.627Z,dry,ETH-USD,7,cancel,sell,2732.9,0.0091,quote-ask,target moved 2732.9 -> 2733,842a85bb4e596f69bd93ebb8aaf4af19
2026-09-22T06:51:00.735Z,dry,ETH-USD,7,place,buy,2732.8,0.0091,quote-bid,rejoin best,6be8d2831ca284de9aa16b4e786b0245
2026-09-22T06:51:00.858Z,dry,ETH-USD,7,place,sell,2733,0.0091,quote-ask,back off: holding inventory,1dd7ec6daa00e29d94d961a22c676275
2026-09-22T06:51:08.872Z,dry,ETH-USD,7,cancel,sell,2733,0.0091,quote-ask,target moved 2733 -> 2733.1,1dd7ec6daa00e29d94d961a22c676275
2026-09-22T06:51:08.967Z,dry,ETH-USD,7,place,sell,2733.1,0.0091,quote-ask,back off: holding inventory,11ebd429581e865ac98d2a8239d0ef00
2026-09-22T06:51:15.360Z,dry,ETH-USD,7,cancel,buy,2732.8,0.0091,quote-bid,target moved 2732.8 -> 2732.9,6be8d2831ca284de9aa16b4e786b0245
2026-09-22T06:51:15.449Z,dry,ETH-USD,7,cancel,sell,2733.1,0.0091,quote-ask,target moved 2733.1 -> 2733.2,11ebd429581e865ac98d2a8239d0ef00
2026-09-22T06:51:15.560Z,dry,ETH-USD,7,place,buy,2732.9,0.0091,quote-bid,back off: holding back-off,26cfa0c7ff8e06d6eb020acd313d505a
2026-09-22T06:51:15.682Z,dry,ETH-USD,7,place,sell,2733.2,0.0091,quote-ask,back off: book leaning up,6edc521617c8efa456eb8682927cac17
2026-09-22T06:51:16.227Z,dry,ETH-USD,7,cancel,buy,2732.9,0.0091,quote-bid,target moved 2732.9 -> 2733,26cfa0c7ff8e06d6eb020acd313d505a
2026-09-22T06:51:16.320Z,dry,ETH-USD,7,cancel,sell,2733.2,0.0091,quote-ask,target moved 2733.2 -> 2733.3,6edc521617c8efa456eb8682927cac17
2026-09-22T06:51:16.445Z,dry,ETH-USD,7,place,buy,2733,0.0091,quote-bid,back off: book leaning down,7b5b67e637f7dbd2fa4d93314d5363af
2026-09-22T06:51:16.654Z,dry,ETH-USD,7,place,sell,2733.3,0.0091,quote-ask,back off: holding inventory,d0085d5f10b3972a94f252af1198bca2
2026-09-22T06:51:17.448Z,dry,BTC-USD,6,cancel,sell,85408,0.00029,quote-ask,target moved 85408 -> 85409,8d9992d7283d2c8a1c35e26f605622a8
2026-09-22T06:51:17.539Z,dry,BTC-USD,6,place,sell,85409,0.00029,quote-ask,back off: book leaning up,aaf8da3e9878083de1b7a7324b3c091a
2026-09-22T06:51:17.656Z,dry,BTC-USD,6,reject,sell,85409,0.00029,quote-ask,post only order would cross,aaf8da3e9878083de1b7a7324b3c091a
2026-09-22T06:51:17.676Z,dry,ETH-USD,7,cancel,buy,2733,0.0091,quote-bid,target moved 2733 -> 2733.2,7b5b67e637f7dbd2fa4d93314d5363af
2026-09-22T06:51:17.793Z,dry,ETH-USD,7,place,buy,2733.2,0.0091,quote-bid,back off: holding back-off,67a136949c56db7e2016390bd78211b3
2026-09-22T06:51:18.070Z,dry,BTC-USD,6,place,sell,85416,0.00029,quote-ask,back off: book leaning up,04378fe6ef4c69c9884961b38eebcdcb
2026-09-22T06:51:18.907Z,dry,ETH-USD,7,cancel,buy,2733.2,0.0091,quote-bid,target moved 2733.2 -> 2733.5,67a136949c56db7e2016390bd78211b3
2026-09-22T06:51:19.000Z,dry,ETH-USD,7,place,buy,2733.5,0.0091,quote-bid,back off: book leaning down,4b02b854db1874324e5331839a93f144
2026-09-22T06:51:19.340Z,dry,BTC-USD,6,place,buy,85419,0.00029,quote-bid,back off: holding inventory,6dc49a3f42431755a23948bb04fd4075
2026-09-22T06:51:19.460Z,dry,BTC-USD,6,place,sell,85422,0.00029,quote-ask,back off: book leaning up,217f4e123ad64ed06aa0b4ec608f652e
2026-09-22T06:51:23.503Z,dry,ETH-USD,7,place,buy,2733.3,0.0091,quote-bid,back off: book leaning down,1b603b5fb1faa83a5065e317d49cdfe1
2026-09-22T06:51:23.593Z,dry,ETH-USD,7,place,sell,2733.6,0.0091,quote-ask,back off: holding inventory,b4a2f94d6560d5c6f83eaf72c592c30b
2026-09-22T06:51:24.748Z,dry,ETH-USD,7,cancel,buy,2733.3,0.0091,quote-bid,target moved 2733.3 -> 2733.6,1b603b5fb1faa83a5065e317d49cdfe1
2026-09-22T06:51:24.841Z,dry,ETH-USD,7,place,buy,2733.6,0.0091,quote-bid,back off: holding back-off,24c0a733bfabd42bd354423e295b894d
2026-09-22T06:51:25.173Z,dry,ETH-USD,7,cancel,buy,2733.6,0.0091,quote-bid,target moved 2733.6 -> 2733.7,24c0a733bfabd42bd354423e295b894d
2026-09-22T06:51:25.283Z,dry,ETH-USD,7,place,buy,2733.7,0.0091,quote-bid,rejoin best,26698b8b633229c468fb720d4faec8a6
2026-09-22T06:51:33.546Z,dry,ETH-USD,7,cancel,buy,2733.7,0.0091,quote-bid,target moved 2733.7 -> 2734,26698b8b633229c468fb720d4faec8a6
2026-09-22T06:51:33.639Z,dry,ETH-USD,7,place,buy,2734,0.0091,quote-bid,rejoin best,50eae85c4587ee9e9bbda38605448368
2026-09-22T06:51:35.848Z,dry,ETH-USD,7,cancel,buy,2734,0.0091,quote-bid,target moved 2734 -> 2733.9,50eae85c4587ee9e9bbda38605448368
2026-09-22T06:51:35.944Z,dry,ETH-USD,7,place,buy,2733.9,0.0091,quote-bid,back off: book leaning down,f9ee8bcd78bf52592c98e665b01be3fd
2026-09-22T06:51:36.914Z,dry,BTC-USD,6,cancel,sell,85422,0.00029,quote-ask,target moved 85422 -> 85421,217f4e123ad64ed06aa0b4ec608f652e
2026-09-22T06:51:37.008Z,dry,BTC-USD,6,place,sell,85421,0.00029,quote-ask,rejoin best,1e25809cdf72b2e6b92ff2ae579fcda1
2026-09-22T06:51:37.144Z,dry,ETH-USD,7,cancel,buy,2733.9,0.0091,quote-bid,target moved 2733.9 -> 2734,f9ee8bcd78bf52592c98e665b01be3fd
2026-09-22T06:51:37.283Z,dry,ETH-USD,7,place,buy,2734,0.0091,quote-bid,rejoin best,50e0d692031ccc3f3f79b7abe1957632
2026-09-22T06:51:37.741Z,dry,BTC-USD,6,cancel,sell,85421,0.00029,quote-ask,target moved 85421 -> 85422,1e25809cdf72b2e6b92ff2ae579fcda1
2026-09-22T06:51:37.895Z,dry,BTC-USD,6,place,sell,85422,0.00029,quote-ask,back off: book leaning up,d1fff2c05f8b6391d7366c9659f70b70
2026-09-22T06:51:38.750Z,dry,BTC-USD,6,cancel,sell,85422,0.00029,quote-ask,target moved 85422 -> 85421,d1fff2c05f8b6391d7366c9659f70b70
2026-09-22T06:51:38.848Z,dry,BTC-USD,6,place,sell,85421,0.00029,quote-ask,rejoin best,7f440da06aa0d5bd0baff024c2c9b225
2026-09-22T06:51:39.164Z,dry,BTC-USD,6,cancel,buy,85419,0.00029,quote-bid,flatten owns instrument,6dc49a3f42431755a23948bb04fd4075
2026-09-22T06:51:39.286Z,dry,BTC-USD,6,cancel,sell,85421,0.00029,quote-ask,flatten owns instrument,7f440da06aa0d5bd0baff024c2c9b225
2026-09-22T06:51:39.382Z,dry,BTC-USD,6,place,sell,85421,0.00058,flatten-post,passive exit,d3e5b8c0d4e9c503218b5202dbe12ae4
2026-09-22T06:51:41.488Z,dry,ETH-USD,7,cancel,buy,2734,0.0091,quote-bid,target moved 2734 -> 2733.9,50e0d692031ccc3f3f79b7abe1957632
2026-09-22T06:51:41.585Z,dry,ETH-USD,7,place,buy,2733.9,0.0091,quote-bid,back off: book leaning down,9542e719856b6da2ac7f2a072954f504
2026-09-22T06:51:43.181Z,dry,ETH-USD,7,cancel,buy,2733.9,0.0091,quote-bid,target moved 2733.9 -> 2734,9542e719856b6da2ac7f2a072954f504
2026-09-22T06:51:43.270Z,dry,ETH-USD,7,place,buy,2734,0.0091,quote-bid,rejoin best,0daa09021aae0533018b8d1db8030d4c
2026-09-22T06:51:44.447Z,dry,ETH-USD,7,cancel,buy,2734,0.0091,quote-bid,target moved 2734 -> 2733.9,0daa09021aae0533018b8d1db8030d4c
2026-09-22T06:51:44.539Z,dry,ETH-USD,7,place,buy,2733.9,0.0091,quote-bid,back off: book leaning down,1571b2f2e8c7ea3a54d3bd9f796e076e
2026-09-22T06:51:46.957Z,dry,ETH-USD,7,place,buy,2733.7,0.0091,quote-bid,back off: book leaning down,576950163fff3f3e9112f14a1ddc55c1
2026-09-22T06:51:47.048Z,dry,ETH-USD,7,place,sell,2734,0.0091,quote-ask,back off: holding inventory,439f3222efc154b5855aa1457d57bdb4
2026-09-22T06:51:49.053Z,dry,ETH-USD,7,cancel,buy,2733.7,0.0091,quote-bid,flatten owns instrument,576950163fff3f3e9112f14a1ddc55c1
2026-09-22T06:51:49.158Z,dry,ETH-USD,7,cancel,sell,2734,0.0091,quote-ask,flatten owns instrument,439f3222efc154b5855aa1457d57bdb4
2026-09-22T06:51:49.263Z,dry,ETH-USD,7,place,buy,2733.8,0.0182,flatten-post,passive exit,35ad16746fcf712686c6af16e96c5cf9
2026-09-22T06:51:49.357Z,dry,ETH-USD,7,reject,buy,2733.8,0.0182,flatten-post,post only order would cross,35ad16746fcf712686c6af16e96c5cf9
2026-09-22T06:51:49.466Z,dry,ETH-USD,7,place,buy,2733.7,0.0182,flatten-post,passive exit,94defb1f4db663d3aa7d4901e07b5de4
2026-09-22T06:51:49.870Z,dry,ETH-USD,7,cancel,buy,2733.7,0.0182,flatten-post,re-peg flatten,94defb1f4db663d3aa7d4901e07b5de4
2026-09-22T06:51:50.073Z,dry,ETH-USD,7,place,buy,2733.5,0.0182,flatten-post,passive exit,79661e458c3e04ff9d540f788552c0ab
2026-09-22T06:51:50.497Z,dry,ETH-USD,7,place,buy,2733.4,0.0091,quote-bid,join best,187f0655d7f0e9a075b4447b83f1cbbd
2026-09-22T06:51:50.618Z,dry,ETH-USD,7,place,sell,2733.6,0.0091,quote-ask,back off: book leaning up,1df06119672ba61a9846d85cd499aad8
2026-09-22T06:51:53.685Z,dry,ETH-USD,7,cancel,sell,2733.6,0.0091,quote-ask,target moved 2733.6 -> 2733.5,1df06119672ba61a9846d85cd499aad8
2026-09-22T06:51:53.780Z,dry,ETH-USD,7,place,sell,2733.5,0.0091,quote-ask,rejoin best,106c6b28f028be75e741a76ca2b28a09
2026-09-22T06:51:54.112Z,dry,ETH-USD,7,cancel,sell,2733.5,0.0091,quote-ask,target moved 2733.5 -> 2733.6,106c6b28f028be75e741a76ca2b28a09
2026-09-22T06:51:54.252Z,dry,ETH-USD,7,place,sell,2733.6,0.0091,quote-ask,back off: book leaning up,1947f6fdaf9218e1bd82dd6ceaa76b59
2026-09-22T06:51:54.540Z,dry,BTC-USD,6,cancel,sell,85421,0.00058,flatten-post,flatten escalating to taker,d3e5b8c0d4e9c503218b5202dbe12ae4
2026-09-22T06:51:55.575Z,dry,BTC-USD,6,place,sell,85378,0.00058,flatten-ioc,taker exit (passive window elapsed),12dafde8a018062a98a44576ac4caa3a
2026-09-22T06:51:55.789Z,dry,BTC-USD,6,place,buy,85420,0.00029,quote-bid,join best,c1b88e3e7d95bbaa723fdaf493f1379b
2026-09-22T06:51:55.909Z,dry,BTC-USD,6,place,sell,85421,0.00029,quote-ask,join best,45c75eef43c8c220553757506d0c2d44
2026-09-22T06:51:56.012Z,dry,ETH-USD,7,cancel,buy,2733.4,0.0091,quote-bid,target moved 2733.4 -> 2733.2,187f0655d7f0e9a075b4447b83f1cbbd
2026-09-22T06:51:56.120Z,dry,ETH-USD,7,place,buy,2733.2,0.0091,quote-bid,rejoin best,100ef61fae0785e9423dfc8322f27507
2026-09-22T06:51:56.423Z,dry,ETH-USD,7,cancel,buy,2733.2,0.0091,quote-bid,target moved 2733.2 -> 2733.3,100ef61fae0785e9423dfc8322f27507
2026-09-22T06:51:56.548Z,dry,ETH-USD,7,place,buy,2733.3,0.0091,quote-bid,back off: book leaning down,4a050cf34680aa2ff078d12b1e6829fd
2026-09-22T06:51:56.848Z,dry,ETH-USD,7,cancel,sell,2733.6,0.0091,quote-ask,target moved 2733.6 -> 2733.5,1947f6fdaf9218e1bd82dd6ceaa76b59
2026-09-22T06:51:56.973Z,dry,ETH-USD,7,place,sell,2733.5,0.0091,quote-ask,rejoin best,a0e95b9cc72d7d2ec79416ad6851d41c
2026-09-22T06:51:57.474Z,dry,BTC-USD,6,cancel,sell,85421,0.00029,quote-ask,target moved 85421 -> 85422,45c75eef43c8c220553757506d0c2d44
2026-09-22T06:51:57.583Z,dry,BTC-USD,6,place,sell,85422,0.00029,quote-ask,back off: book leaning up,90735c3d4f571ebfced6afd882ee7f02
2026-09-22T06:52:01.853Z,dry,BTC-USD,6,cancel,sell,85422,0.00029,quote-ask,target moved 85422 -> 85421,90735c3d4f571ebfced6afd882ee7f02
2026-09-22T06:52:01.948Z,dry,BTC-USD,6,place,sell,85421,0.00029,quote-ask,rejoin best,767fd7a45ac8b91308d780f502ad83bf
2026-09-22T06:52:02.702Z,dry,ETH-USD,7,cancel,buy,2733.3,0.0091,quote-bid,target moved 2733.3 -> 2733.2,4a050cf34680aa2ff078d12b1e6829fd
2026-09-22T06:52:02.793Z,dry,ETH-USD,7,cancel,sell,2733.5,0.0091,quote-ask,target moved 2733.5 -> 2733.4,a0e95b9cc72d7d2ec79416ad6851d41c
2026-09-22T06:52:02.917Z,dry,ETH-USD,7,place,buy,2733.2,0.0091,quote-bid,back off: book leaning down,c999c1ad6b7fd0745e520cc3e7085bb9
2026-09-22T06:52:03.037Z,dry,ETH-USD,7,place,sell,2733.4,0.0091,quote-ask,rejoin best,b2bdb66b18315a7ebcd7ed3e3adcaad4
2026-09-22T06:52:03.327Z,dry,ETH-USD,7,place,buy,2732.6,0.0091,quote-bid,back off: holding inventory,693e53dc6c552255d0501f2cfb0f64a4
2026-09-22T06:52:03.746Z,dry,ETH-USD,7,cancel,sell,2733.4,0.0091,quote-ask,target moved 2733.4 -> 2732.8,b2bdb66b18315a7ebcd7ed3e3adcaad4
2026-09-22T06:52:03.862Z,dry,ETH-USD,7,place,sell,2732.8,0.0091,quote-ask,rejoin best,26f2b84fdeecbce8f1935a78b8d020d1
